CO_IES;CO_CURSO;CO_MUNICIPIO;DS_MODELO_DADOS;TP_MODALIDADE_ENSINO;ANO_INICIAL;ANO_FINAL;ANOS_ZERO;NO_IES;NO_CURSO;NO_MUNICIPIO;NU_ANO_CENSO
10;118914;4113700;antigo;1;2017;2019;3;PONTIFÍCIA UNIVERSIDADE CATÓLICA DO PARANÁ;SISTEMAS PARA INTERNET;;2019
1041;1419765;4302402;cadastro_cursos;2;2020;2023;4;UNIVERSIDADE DO VALE DO TAQUARI;Gestão Da Tecnologia Da Informação;Bom Retiro do Sul;2023
1042;1537352;4105805;cadastro_cursos;2;2021;2023;3;UNIVERSIDADE POSITIVO;Sistemas De Informação;Colombo;2023
1042;1537441;4119905;cadastro_cursos;2;2020;2022;3;UNIVERSIDADE POSITIVO;Sistemas Para Internet;Ponta Grossa;2022
1153;1524950;3304805;cadastro_cursos;2;2021;2023;3;UNIVERSIDADE CÂNDIDO MENDES;Engenharia De Computação;São Fidélis;2023
1196;1170051;2208304;cadastro_cursos;2;2022;2024;3;UNIVERSIDADE CESUMAR;Sistemas Para Internet;Piracuruca;2024
1196;1170051;2313500;cadastro_cursos;2;2020;2022;3;UNIVERSIDADE CESUMAR;Sistemas Para Internet;Trairi;2022
1196;1170051;3518701;cadastro_cursos;2;2022;2024;3;UNIVERSIDADE CESUMAR;Sistemas Para Internet;Guarujá;2024
1196;1170051;5209101;cadastro_cursos;2;2021;2023;3;UNIVERSIDADE CESUMAR;Sistemas Para Internet;Goiatuba;2023
1196;1314138;2208304;cadastro_cursos;2;2021;2023;3;UNIVERSIDADE CESUMAR;Engenharia De Software;Piracuruca;2023
1196;1314139;2311801;cadastro_cursos;2;2022;2024;3;UNIVERSIDADE CESUMAR;Gestão Da Tecnologia Da Informação;Russas;2024
1196;1314139;3519600;cadastro_cursos;2;2022;2024;3;UNIVERSIDADE CESUMAR;Gestão Da Tecnologia Da Informação;Ibitinga;2024
1196;1556798;2311306;cadastro_cursos;2;2022;2024;3;UNIVERSIDADE CESUMAR;Ciências De Dados E Análise De Comportamento;Quixadá;2024
1196;1556798;2905206;cadastro_cursos;2;2022;2024;3;UNIVERSIDADE CESUMAR;Ciências De Dados E Análise De Comportamento;Caetité;2024
1196;1556798;3300209;cadastro_cursos;2;2021;2023;3;UNIVERSIDADE CESUMAR;Ciências De Dados E Análise De Comportamento;Araruama;2023
1196;1556798;3304524;cadastro_cursos;2;2022;2024;3;UNIVERSIDADE CESUMAR;Ciências De Dados E Análise De Comportamento;Rio das Ostras;2024
1196;1556798;3516705;cadastro_cursos;2;2022;2024;3;UNIVERSIDADE CESUMAR;Ciências De Dados E Análise De Comportamento;Garça;2024
1196;1556798;4110607;cadastro_cursos;2;2022;2024;3;UNIVERSIDADE CESUMAR;Ciências De Dados E Análise De Comportamento;Iporã;2024
1196;1556798;4202909;cadastro_cursos;2;2022;2024;3;UNIVERSIDADE CESUMAR;Ciências De Dados E Análise De Comportamento;Brusque;2024
1196;1595777;1702109;cadastro_cursos;2;2022;2024;3;UNIVERSIDADE CESUMAR;Redes De Computadores;Araguaína;2024
1196;1595777;2202208;cadastro_cursos;2;2022;2024;3;UNIVERSIDADE CESUMAR;Redes De Computadores;Campo Maior;2024
1196;1595777;2208304;cadastro_cursos;2;2022;2024;3;UNIVERSIDADE CESUMAR;Redes De Computadores;Piracuruca;2024
1196;1595777;2307601;cadastro_cursos;2;2022;2024;3;UNIVERSIDADE CESUMAR;Redes De Computadores;Limoeiro do Norte;2024
1196;1595777;3127107;cadastro_cursos;2;2022;2024;3;UNIVERSIDADE CESUMAR;Redes De Computadores;Frutal;2024
1196;1596466;3302908;cadastro_cursos;2;2022;2024;3;UNIVERSIDADE CESUMAR;Jogos Digitais;Miguel Pereira;2024
1196;1596466;4108304;cadastro_cursos;2;2022;2024;3;UNIVERSIDADE CESUMAR;Jogos Digitais;Foz do Iguaçu;2024
1205;1166010;1100940;cadastro_cursos;2;2020;2022;3;CENTRO UNIVERSITÁRIO FAEL;Análise E Desenvolvimento De Sistemas;Cujubim;2022
1205;1166010;1702109;cadastro_cursos;2;2022;2024;3;CENTRO UNIVERSITÁRIO FAEL;Análise E Desenvolvimento De Sistemas;Araguaína;2024
1205;1166010;2101608;cadastro_cursos;2;2020;2022;3;CENTRO UNIVERSITÁRIO FAEL;Análise E Desenvolvimento De Sistemas;Barra do Corda;2022
1205;1166010;2104800;cadastro_cursos;2;2020;2022;3;CENTRO UNIVERSITÁRIO FAEL;Análise E Desenvolvimento De Sistemas;Grajaú;2022
1205;1166010;2408102;cadastro_cursos;2;2022;2024;3;CENTRO UNIVERSITÁRIO FAEL;Análise E Desenvolvimento De Sistemas;Natal;2024
1205;1166010;2708600;cadastro_cursos;2;2020;2022;3;CENTRO UNIVERSITÁRIO FAEL;Análise E Desenvolvimento De Sistemas;São Miguel dos Campos;2022
1205;1166010;2927002;cadastro_cursos;2;2020;2022;3;CENTRO UNIVERSITÁRIO FAEL;Análise E Desenvolvimento De Sistemas;Rio Real;2022
1205;1166010;3526407;cadastro_cursos;2;2020;2022;3;CENTRO UNIVERSITÁRIO FAEL;Análise E Desenvolvimento De Sistemas;Laranjal Paulista;2022
1205;1166010;3554003;cadastro_cursos;2;2020;2022;3;CENTRO UNIVERSITÁRIO FAEL;Análise E Desenvolvimento De Sistemas;Tatuí;2022
1205;1166010;4311601;cadastro_cursos;2;2020;2022;3;CENTRO UNIVERSITÁRIO FAEL;Análise E Desenvolvimento De Sistemas;Liberato Salzano;2022
1205;1166010;5007406;cadastro_cursos;2;2020;2022;3;CENTRO UNIVERSITÁRIO FAEL;Análise E Desenvolvimento De Sistemas;Rio Verde de Mato Grosso;2022
1205;1166010;5204508;cadastro_cursos;2;2022;2024;3;CENTRO UNIVERSITÁRIO FAEL;Análise E Desenvolvimento De Sistemas;Caldas Novas;2024
1205;1166010;5211800;cadastro_cursos;2;2020;2022;3;CENTRO UNIVERSITÁRIO FAEL;Análise E Desenvolvimento De Sistemas;Jaraguá;2022
1205;1260026;1200203;cadastro_cursos;2;2022;2024;3;CENTRO UNIVERSITÁRIO FAEL;Gestão Da Tecnologia Da Informação;Cruzeiro do Sul;2024
1205;1260026;1505304;cadastro_cursos;2;2020;2022;3;CENTRO UNIVERSITÁRIO FAEL;Gestão Da Tecnologia Da Informação;Oriximiná;2022
1205;1260026;1506195;cadastro_cursos;2;2022;2024;3;CENTRO UNIVERSITÁRIO FAEL;Gestão Da Tecnologia Da Informação;Rurópolis;2024
1205;1260026;2104800;cadastro_cursos;2;2020;2022;3;CENTRO UNIVERSITÁRIO FAEL;Gestão Da Tecnologia Da Informação;Grajaú;2022
1205;1260026;2109908;cadastro_cursos;2;2020;2022;3;CENTRO UNIVERSITÁRIO FAEL;Gestão Da Tecnologia Da Informação;Santa Inês;2022
1205;1260026;2304202;cadastro_cursos;2;2021;2023;3;CENTRO UNIVERSITÁRIO FAEL;Gestão Da Tecnologia Da Informação;Crato;2023
1205;1260026;2706307;cadastro_cursos;2;2022;2024;3;CENTRO UNIVERSITÁRIO FAEL;Gestão Da Tecnologia Da Informação;Palmeira dos Índios;2024
1205;1260026;3151800;cadastro_cursos;2;2020;2022;3;CENTRO UNIVERSITÁRIO FAEL;Gestão Da Tecnologia Da Informação;Poços de Caldas;2022
1205;1260026;3302205;cadastro_cursos;2;2020;2022;3;CENTRO UNIVERSITÁRIO FAEL;Gestão Da Tecnologia Da Informação;Itaperuna;2022
1205;1260026;3303401;cadastro_cursos;2;2020;2022;3;CENTRO UNIVERSITÁRIO FAEL;Gestão Da Tecnologia Da Informação;Nova Friburgo;2022
1205;1260026;4109401;cadastro_cursos;2;2020;2022;3;CENTRO UNIVERSITÁRIO FAEL;Gestão Da Tecnologia Da Informação;Guarapuava;2022
1205;1260026;4109708;cadastro_cursos;2;2020;2022;3;CENTRO UNIVERSITÁRIO FAEL;Gestão Da Tecnologia Da Informação;Ibaiti;2022
1205;1260026;4120903;cadastro_cursos;2;2022;2024;3;CENTRO UNIVERSITÁRIO FAEL;Gestão Da Tecnologia Da Informação;Quedas do Iguaçu;2024
1205;1260026;4205308;cadastro_cursos;2;2021;2023;3;CENTRO UNIVERSITÁRIO FAEL;Gestão Da Tecnologia Da Informação;Faxinal dos Guedes;2023
1205;1260026;4303103;cadastro_cursos;2;2020;2022;3;CENTRO UNIVERSITÁRIO FAEL;Gestão Da Tecnologia Da Informação;Cachoeirinha;2022
1205;1260026;4311809;cadastro_cursos;2;2020;2023;4;CENTRO UNIVERSITÁRIO FAEL;Gestão Da Tecnologia Da Informação;Marau;2023
1205;1260026;4321501;cadastro_cursos;2;2020;2022;3;CENTRO UNIVERSITÁRIO FAEL;Gestão Da Tecnologia Da Informação;Torres;2022
1205;1260026;5005400;cadastro_cursos;2;2020;2022;3;CENTRO UNIVERSITÁRIO FAEL;Gestão Da Tecnologia Da Informação;Maracaju;2022
1205;1260026;5208707;cadastro_cursos;2;2022;2024;3;CENTRO UNIVERSITÁRIO FAEL;Gestão Da Tecnologia Da Informação;Goiânia;2024
1205;1260026;5213806;cadastro_cursos;2;2020;2022;3;CENTRO UNIVERSITÁRIO FAEL;Gestão Da Tecnologia Da Informação;Morrinhos;2022
1255;1258648;2611606;cadastro_cursos;1;2021;2023;3;Centro Universitário FBV Wyden;Redes De Computadores;Recife;2023
1255;1258650;2611606;cadastro_cursos;1;2021;2023;3;Centro Universitário FBV Wyden;Gestão Da Tecnologia Da Informação;Recife;2023
1264;1132799;2408102;cadastro_cursos;1;2022;2024;3;CENTRO UNIVERSITÁRIO DO RIO GRANDE DO NORTE;Redes De Computadores;Natal;2024
1270;1170124;1718808;cadastro_cursos;2;2021;2024;4;CENTRO UNIVERSITÁRIO ESTÁCIO DE RIBEIRÃO PRETO;Gestão Da Tecnologia Da Informação;Sampaio;2024
1270;1170124;2110005;cadastro_cursos;2;2020;2022;3;CENTRO UNIVERSITÁRIO ESTÁCIO DE RIBEIRÃO PRETO;Gestão Da Tecnologia Da Informação;Santa Luzia;2022
1270;1170124;2910800;cadastro_cursos;2;2021;2023;3;CENTRO UNIVERSITÁRIO ESTÁCIO DE RIBEIRÃO PRETO;Gestão Da Tecnologia Da Informação;Feira de Santana;2023
1270;1170124;3143104;cadastro_cursos;2;2011;2014;4;CENTRO UNIVERSITÁRIO UNISEB;GESTÃO DA TECNOLOGIA DA INFORMAÇÃO;Monte Carmelo;2014
1270;1170124;3507803;cadastro_cursos;2;2022;2024;3;CENTRO UNIVERSITÁRIO ESTÁCIO DE RIBEIRÃO PRETO;Gestão Da Tecnologia Da Informação;Brodowski;2024
1270;1170124;3549102;cadastro_cursos;2;2022;2024;3;CENTRO UNIVERSITÁRIO ESTÁCIO DE RIBEIRÃO PRETO;Gestão Da Tecnologia Da Informação;São João da Boa Vista;2024
1270;1170124;3549409;cadastro_cursos;2;2021;2023;3;CENTRO UNIVERSITÁRIO ESTÁCIO DE RIBEIRÃO PRETO;Gestão Da Tecnologia Da Informação;São Joaquim da Barra;2023
1270;1170124;4200101;cadastro_cursos;2;2022;2024;3;CENTRO UNIVERSITÁRIO ESTÁCIO DE RIBEIRÃO PRETO;Gestão Da Tecnologia Da Informação;Abelardo Luz;2024
1270;1299253;1303403;cadastro_cursos;2;2021;2023;3;CENTRO UNIVERSITÁRIO ESTÁCIO DE RIBEIRÃO PRETO;Análise E Desenvolvimento De Sistemas;Parintins;2023
1270;1299253;2910800;cadastro_cursos;2;2022;2024;3;CENTRO UNIVERSITÁRIO ESTÁCIO DE RIBEIRÃO PRETO;Análise E Desenvolvimento De Sistemas;Feira de Santana;2024
1270;1299253;3537107;cadastro_cursos;2;2020;2022;3;CENTRO UNIVERSITÁRIO ESTÁCIO DE RIBEIRÃO PRETO;Análise E Desenvolvimento De Sistemas;Pedreira;2022
1270;1299253;4219507;cadastro_cursos;2;2020;2022;3;CENTRO UNIVERSITÁRIO ESTÁCIO DE RIBEIRÃO PRETO;Análise E Desenvolvimento De Sistemas;Xanxerê;2022
1270;1328954;1504422;cadastro_cursos;2;2022;2024;3;CENTRO UNIVERSITÁRIO ESTÁCIO DE RIBEIRÃO PRETO;Sistemas De Informação;Marituba;2024
1270;1328954;1721000;cadastro_cursos;2;2021;2024;4;CENTRO UNIVERSITÁRIO ESTÁCIO DE RIBEIRÃO PRETO;Sistemas De Informação;Palmas;2024
1270;1328954;3125101;cadastro_cursos;2;2022;2024;3;CENTRO UNIVERSITÁRIO ESTÁCIO DE RIBEIRÃO PRETO;Sistemas De Informação;Extrema;2024
1270;1328954;3511102;cadastro_cursos;2;2021;2024;4;CENTRO UNIVERSITÁRIO ESTÁCIO DE RIBEIRÃO PRETO;Sistemas De Informação;Catanduva;2024
1270;1328954;3515004;cadastro_cursos;2;2021;2023;3;CENTRO UNIVERSITÁRIO ESTÁCIO DE RIBEIRÃO PRETO;Sistemas De Informação;Embu das Artes;2023
1270;1328954;3519253;cadastro_cursos;2;2021;2023;3;CENTRO UNIVERSITÁRIO ESTÁCIO DE RIBEIRÃO PRETO;Sistemas De Informação;Iaras;2023
1270;1328954;3557105;cadastro_cursos;2;2021;2023;3;CENTRO UNIVERSITÁRIO ESTÁCIO DE RIBEIRÃO PRETO;Sistemas De Informação;Votuporanga;2023
1270;1328954;4124103;cadastro_cursos;2;2022;2024;3;CENTRO UNIVERSITÁRIO ESTÁCIO DE RIBEIRÃO PRETO;Sistemas De Informação;Santo Antônio da Platina;2024
1270;1328954;4316600;cadastro_cursos;2;2022;2024;3;CENTRO UNIVERSITÁRIO ESTÁCIO DE RIBEIRÃO PRETO;Sistemas De Informação;Sananduva;2024
1270;1328954;4318903;cadastro_cursos;2;2020;2023;4;CENTRO UNIVERSITÁRIO ESTÁCIO DE RIBEIRÃO PRETO;Sistemas De Informação;São Luiz Gonzaga;2023
1270;1328954;5106000;cadastro_cursos;2;2022;2024;3;CENTRO UNIVERSITÁRIO ESTÁCIO DE RIBEIRÃO PRETO;Sistemas De Informação;Nortelândia;2024
1270;1328954;5106224;cadastro_cursos;2;2022;2024;3;CENTRO UNIVERSITÁRIO ESTÁCIO DE RIBEIRÃO PRETO;Sistemas De Informação;Nova Mutum;2024
1270;1468729;2103208;cadastro_cursos;2;2022;2024;3;CENTRO UNIVERSITÁRIO ESTÁCIO DE RIBEIRÃO PRETO;Ciência Da Computação;Chapadinha;2024
1270;1468729;3124005;cadastro_cursos;2;2022;2024;3;CENTRO UNIVERSITÁRIO ESTÁCIO DE RIBEIRÃO PRETO;Ciência Da Computação;Ervália;2024
1270;1468729;3203403;cadastro_cursos;2;2020;2022;3;CENTRO UNIVERSITÁRIO ESTÁCIO DE RIBEIRÃO PRETO;Ciências Da Computação;Mimoso do Sul;2022
1270;1468729;3502101;cadastro_cursos;2;2022;2024;3;CENTRO UNIVERSITÁRIO ESTÁCIO DE RIBEIRÃO PRETO;Ciência Da Computação;Andradina;2024
1270;1468729;3535804;cadastro_cursos;2;2021;2023;3;CENTRO UNIVERSITÁRIO ESTÁCIO DE RIBEIRÃO PRETO;Ciências Da Computação;Paranapanema;2023
1270;1468729;5102793;cadastro_cursos;2;2020;2023;4;CENTRO UNIVERSITÁRIO ESTÁCIO DE RIBEIRÃO PRETO;Ciências Da Computação;Carlinda;2023
1270;1484996;1500107;cadastro_cursos;2;2022;2024;3;CENTRO UNIVERSITÁRIO ESTÁCIO DE RIBEIRÃO PRETO;Banco De Dados;Abaetetuba;2024
1270;1484996;1718204;cadastro_cursos;2;2022;2024;3;CENTRO UNIVERSITÁRIO ESTÁCIO DE RIBEIRÃO PRETO;Banco De Dados;Porto Nacional;2024
1270;1484996;2302503;cadastro_cursos;2;2022;2024;3;CENTRO UNIVERSITÁRIO ESTÁCIO DE RIBEIRÃO PRETO;Banco De Dados;Brejo Santo;2024
1270;1484996;2914604;cadastro_cursos;2;2022;2024;3;CENTRO UNIVERSITÁRIO ESTÁCIO DE RIBEIRÃO PRETO;Banco De Dados;Irecê;2024
1270;1484996;3118304;cadastro_cursos;2;2022;2024;3;CENTRO UNIVERSITÁRIO ESTÁCIO DE RIBEIRÃO PRETO;Banco De Dados;Conselheiro Lafaiete;2024
1270;1484996;3122306;cadastro_cursos;2;2022;2024;3;CENTRO UNIVERSITÁRIO ESTÁCIO DE RIBEIRÃO PRETO;Banco De Dados;Divinópolis;2024
1270;1484996;3524006;cadastro_cursos;2;2022;2024;3;CENTRO UNIVERSITÁRIO ESTÁCIO DE RIBEIRÃO PRETO;Banco De Dados;Itupeva;2024
1270;1484996;3529005;cadastro_cursos;2;2021;2024;4;CENTRO UNIVERSITÁRIO ESTÁCIO DE RIBEIRÃO PRETO;Banco De Dados;Marília;2024
1270;1484996;3531803;cadastro_cursos;2;2022;2024;3;CENTRO UNIVERSITÁRIO ESTÁCIO DE RIBEIRÃO PRETO;Banco De Dados;Monte Mor;2024
1270;1484996;3534708;cadastro_cursos;2;2021;2024;4;CENTRO UNIVERSITÁRIO ESTÁCIO DE RIBEIRÃO PRETO;Banco De Dados;Ourinhos;2024
1270;1484996;3556453;cadastro_cursos;2;2021;2023;3;CENTRO UNIVERSITÁRIO ESTÁCIO DE RIBEIRÃO PRETO;Banco De Dados;Vargem Grande Paulista;2023
1270;1484996;3557006;cadastro_cursos;2;2021;2024;4;CENTRO UNIVERSITÁRIO ESTÁCIO DE RIBEIRÃO PRETO;Banco De Dados;Votorantim;2024
1270;1484996;5103403;cadastro_cursos;2;2020;2022;3;CENTRO UNIVERSITÁRIO ESTÁCIO DE RIBEIRÃO PRETO;Banco De Dados;Cuiabá;2022
1270;1484996;5107602;cadastro_cursos;2;2022;2024;3;CENTRO UNIVERSITÁRIO ESTÁCIO DE RIBEIRÃO PRETO;Banco De Dados;Rondonópolis;2024
1270;1484996;5205109;cadastro_cursos;2;2022;2024;3;CENTRO UNIVERSITÁRIO ESTÁCIO DE RIBEIRÃO PRETO;Banco De Dados;Catalão;2024
1270;1484996;5217609;cadastro_cursos;2;2021;2023;3;CENTRO UNIVERSITÁRIO ESTÁCIO DE RIBEIRÃO PRETO;Banco De Dados;Planaltina;2023
1270;1484997;1502152;cadastro_cursos;2;2021;2023;3;CENTRO UNIVERSITÁRIO ESTÁCIO DE RIBEIRÃO PRETO;Defesa Cibernética;Canaã dos Carajás;2023
1270;1484997;2905701;cadastro_cursos;2;2022;2024;3;CENTRO UNIVERSITÁRIO ESTÁCIO DE RIBEIRÃO PRETO;Defesa Cibernética;Camaçari;2024
1270;1484997;2918001;cadastro_cursos;2;2020;2023;4;CENTRO UNIVERSITÁRIO ESTÁCIO DE RIBEIRÃO PRETO;Defesa Cibernética;Jequié;2023
1270;1484997;3118304;cadastro_cursos;2;2020;2022;3;CENTRO UNIVERSITÁRIO ESTÁCIO DE RIBEIRÃO PRETO;Defesa Cibernética;Conselheiro Lafaiete;2022
1270;1484997;3122306;cadastro_cursos;2;2020;2022;3;CENTRO UNIVERSITÁRIO ESTÁCIO DE RIBEIRÃO PRETO;Defesa Cibernética;Divinópolis;2022
1270;1484997;3125101;cadastro_cursos;2;2021;2024;4;CENTRO UNIVERSITÁRIO ESTÁCIO DE RIBEIRÃO PRETO;Defesa Cibernética;Extrema;2024
1270;1484997;3305109;cadastro_cursos;2;2020;2022;3;CENTRO UNIVERSITÁRIO ESTÁCIO DE RIBEIRÃO PRETO;Defesa Cibernética;São João de Meriti;2022
1270;1484997;3511102;cadastro_cursos;2;2022;2024;3;CENTRO UNIVERSITÁRIO ESTÁCIO DE RIBEIRÃO PRETO;Defesa Cibernética;Catanduva;2024
1270;1484997;3515707;cadastro_cursos;2;2020;2023;4;CENTRO UNIVERSITÁRIO ESTÁCIO DE RIBEIRÃO PRETO;Defesa Cibernética;Ferraz de Vasconcelos;2023
1270;1484997;3533403;cadastro_cursos;2;2022;2024;3;CENTRO UNIVERSITÁRIO ESTÁCIO DE RIBEIRÃO PRETO;Defesa Cibernética;Nova Odessa;2024
1270;1484997;3539301;cadastro_cursos;2;2021;2024;4;CENTRO UNIVERSITÁRIO ESTÁCIO DE RIBEIRÃO PRETO;Defesa Cibernética;Pirassununga;2024
1270;1484997;3543907;cadastro_cursos;2;2020;2022;3;CENTRO UNIVERSITÁRIO ESTÁCIO DE RIBEIRÃO PRETO;Defesa Cibernética;Rio Claro;2022
1270;1484997;3549706;cadastro_cursos;2;2022;2024;3;CENTRO UNIVERSITÁRIO ESTÁCIO DE RIBEIRÃO PRETO;Defesa Cibernética;São José do Rio Pardo;2024
1270;1484997;4323804;cadastro_cursos;2;2021;2023;3;CENTRO UNIVERSITÁRIO ESTÁCIO DE RIBEIRÃO PRETO;Defesa Cibernética;Xangri-lá;2023
1270;1485014;1200401;cadastro_cursos;2;2022;2024;3;CENTRO UNIVERSITÁRIO ESTÁCIO DE RIBEIRÃO PRETO;Jogos Digitais;Rio Branco;2024
1270;1485014;1500800;cadastro_cursos;2;2021;2023;3;CENTRO UNIVERSITÁRIO ESTÁCIO DE RIBEIRÃO PRETO;Jogos Digitais;Ananindeua;2023
1270;1485014;1508100;cadastro_cursos;2;2020;2024;5;CENTRO UNIVERSITÁRIO ESTÁCIO DE RIBEIRÃO PRETO;Jogos Digitais;Tucuruí;2024
1270;1485014;2109908;cadastro_cursos;2;2021;2023;3;CENTRO UNIVERSITÁRIO ESTÁCIO DE RIBEIRÃO PRETO;Jogos Digitais;Santa Inês;2023
1270;1485014;3171303;cadastro_cursos;2;2022;2024;3;CENTRO UNIVERSITÁRIO ESTÁCIO DE RIBEIRÃO PRETO;Jogos Digitais;Viçosa;2024
1270;1485014;3300704;cadastro_cursos;2;2022;2024;3;CENTRO UNIVERSITÁRIO ESTÁCIO DE RIBEIRÃO PRETO;Jogos Digitais;Cabo Frio;2024
1270;1485014;3502101;cadastro_cursos;2;2020;2023;4;CENTRO UNIVERSITÁRIO ESTÁCIO DE RIBEIRÃO PRETO;Jogos Digitais;Andradina;2023
1270;1485014;3503307;cadastro_cursos;2;2022;2024;3;CENTRO UNIVERSITÁRIO ESTÁCIO DE RIBEIRÃO PRETO;Jogos Digitais;Araras;2024
1270;1485014;3509403;cadastro_cursos;2;2022;2024;3;CENTRO UNIVERSITÁRIO ESTÁCIO DE RIBEIRÃO PRETO;Jogos Digitais;Cajuru;2024
1270;1485014;3515509;cadastro_cursos;2;2021;2024;4;CENTRO UNIVERSITÁRIO ESTÁCIO DE RIBEIRÃO PRETO;Jogos Digitais;Fernandópolis;2024
1270;1485014;3520509;cadastro_cursos;2;2020;2024;5;CENTRO UNIVERSITÁRIO ESTÁCIO DE RIBEIRÃO PRETO;Jogos Digitais;Indaiatuba;2024
1270;1485014;3530508;cadastro_cursos;2;2021;2024;4;CENTRO UNIVERSITÁRIO ESTÁCIO DE RIBEIRÃO PRETO;Jogos Digitais;Mococa;2024
1270;1485014;3537107;cadastro_cursos;2;2020;2022;3;CENTRO UNIVERSITÁRIO ESTÁCIO DE RIBEIRÃO PRETO;Jogos Digitais;Pedreira;2022
1270;1485014;3549409;cadastro_cursos;2;2022;2024;3;CENTRO UNIVERSITÁRIO ESTÁCIO DE RIBEIRÃO PRETO;Jogos Digitais;São Joaquim da Barra;2024
1270;1485014;4104808;cadastro_cursos;2;2021;2023;3;CENTRO UNIVERSITÁRIO ESTÁCIO DE RIBEIRÃO PRETO;Jogos Digitais;Cascavel;2023
1270;1485014;4124103;cadastro_cursos;2;2020;2023;4;CENTRO UNIVERSITÁRIO ESTÁCIO DE RIBEIRÃO PRETO;Jogos Digitais;Santo Antônio da Platina;2023
1270;1485038;1400100;cadastro_cursos;2;2022;2024;3;CENTRO UNIVERSITÁRIO ESTÁCIO DE RIBEIRÃO PRETO;Sistemas Para Internet;Boa Vista;2024
1270;1485038;1718204;cadastro_cursos;2;2022;2024;3;CENTRO UNIVERSITÁRIO ESTÁCIO DE RIBEIRÃO PRETO;Sistemas Para Internet;Porto Nacional;2024
1270;1485038;2704302;cadastro_cursos;2;2020;2022;3;CENTRO UNIVERSITÁRIO ESTÁCIO DE RIBEIRÃO PRETO;Sistemas Para Internet;Maceió;2022
1270;1485038;2919207;cadastro_cursos;2;2022;2024;3;CENTRO UNIVERSITÁRIO ESTÁCIO DE RIBEIRÃO PRETO;Sistemas Para Internet;Lauro de Freitas;2024
1270;1485038;3118304;cadastro_cursos;2;2020;2022;3;CENTRO UNIVERSITÁRIO ESTÁCIO DE RIBEIRÃO PRETO;Sistemas Para Internet;Conselheiro Lafaiete;2022
1270;1485038;3122306;cadastro_cursos;2;2020;2022;3;CENTRO UNIVERSITÁRIO ESTÁCIO DE RIBEIRÃO PRETO;Sistemas Para Internet;Divinópolis;2022
1270;1485038;3151404;cadastro_cursos;2;2021;2024;4;CENTRO UNIVERSITÁRIO ESTÁCIO DE RIBEIRÃO PRETO;Sistemas Para Internet;Pitangui;2024
1270;1485038;3152501;cadastro_cursos;2;2020;2023;4;CENTRO UNIVERSITÁRIO ESTÁCIO DE RIBEIRÃO PRETO;Sistemas Para Internet;Pouso Alegre;2023
1270;1485038;3504008;cadastro_cursos;2;2022;2024;3;CENTRO UNIVERSITÁRIO ESTÁCIO DE RIBEIRÃO PRETO;Sistemas Para Internet;Assis;2024
1270;1485038;3520509;cadastro_cursos;2;2020;2022;3;CENTRO UNIVERSITÁRIO ESTÁCIO DE RIBEIRÃO PRETO;Sistemas Para Internet;Indaiatuba;2022
1270;1485038;3524303;cadastro_cursos;2;2022;2024;3;CENTRO UNIVERSITÁRIO ESTÁCIO DE RIBEIRÃO PRETO;Sistemas Para Internet;Jaboticabal;2024
1270;1485038;3531308;cadastro_cursos;2;2022;2024;3;CENTRO UNIVERSITÁRIO ESTÁCIO DE RIBEIRÃO PRETO;Sistemas Para Internet;Monte Alto;2024
1270;1485038;3547809;cadastro_cursos;2;2022;2024;3;CENTRO UNIVERSITÁRIO ESTÁCIO DE RIBEIRÃO PRETO;Sistemas Para Internet;Santo André;2024
1270;1485038;4124103;cadastro_cursos;2;2022;2024;3;CENTRO UNIVERSITÁRIO ESTÁCIO DE RIBEIRÃO PRETO;Sistemas Para Internet;Santo Antônio da Platina;2024
1270;1485038;4323804;cadastro_cursos;2;2022;2024;3;CENTRO UNIVERSITÁRIO ESTÁCIO DE RIBEIRÃO PRETO;Sistemas Para Internet;Xangri-lá;2024
1270;1485038;5002704;cadastro_cursos;2;2021;2024;4;CENTRO UNIVERSITÁRIO ESTÁCIO DE RIBEIRÃO PRETO;Sistemas Para Internet;Campo Grande;2024
1270;1485038;5208004;cadastro_cursos;2;2020;2023;4;CENTRO UNIVERSITÁRIO ESTÁCIO DE RIBEIRÃO PRETO;Sistemas Para Internet;Formosa;2023
1270;1498720;1100023;cadastro_cursos;2;2020;2022;3;CENTRO UNIVERSITÁRIO ESTÁCIO DE RIBEIRÃO PRETO;Engenharia De Software;Ariquemes;2022
1270;1498720;3124005;cadastro_cursos;2;2020;2023;4;CENTRO UNIVERSITÁRIO ESTÁCIO DE RIBEIRÃO PRETO;Engenharia De Software;Ervália;2023
1270;1498720;3509007;cadastro_cursos;2;2022;2024;3;CENTRO UNIVERSITÁRIO ESTÁCIO DE RIBEIRÃO PRETO;Engenharia De Software;Caieiras;2024
1270;1498720;3535804;cadastro_cursos;2;2022;2024;3;CENTRO UNIVERSITÁRIO ESTÁCIO DE RIBEIRÃO PRETO;Engenharia De Software;Paranapanema;2024
1270;1498720;5210208;cadastro_cursos;2;2022;2024;3;CENTRO UNIVERSITÁRIO ESTÁCIO DE RIBEIRÃO PRETO;Engenharia De Software;Iporá;2024
1270;1516433;1508100;cadastro_cursos;2;2020;2022;3;CENTRO UNIVERSITÁRIO ESTÁCIO DE RIBEIRÃO PRETO;Ciência De Dados;Tucuruí;2022
1270;1516433;3103504;cadastro_cursos;2;2022;2024;3;CENTRO UNIVERSITÁRIO ESTÁCIO DE RIBEIRÃO PRETO;Ciência De Dados;Araguari;2024
1270;1516433;3140001;cadastro_cursos;2;2021;2023;3;CENTRO UNIVERSITÁRIO ESTÁCIO DE RIBEIRÃO PRETO;Ciência De Dados;Mariana;2023
1270;1516433;3143104;cadastro_cursos;2;2022;2024;3;CENTRO UNIVERSITÁRIO ESTÁCIO DE RIBEIRÃO PRETO;Ciência De Dados;Monte Carmelo;2024
1270;1516433;3503802;cadastro_cursos;2;2022;2024;3;CENTRO UNIVERSITÁRIO ESTÁCIO DE RIBEIRÃO PRETO;Ciência De Dados;Artur Nogueira;2024
1270;1516433;3506508;cadastro_cursos;2;2022;2024;3;CENTRO UNIVERSITÁRIO ESTÁCIO DE RIBEIRÃO PRETO;Ciência De Dados;Birigui;2024
1270;1516433;3525300;cadastro_cursos;2;2020;2023;4;CENTRO UNIVERSITÁRIO ESTÁCIO DE RIBEIRÃO PRETO;Ciência De Dados;Jaú;2023
1270;1516433;3534708;cadastro_cursos;2;2021;2023;3;CENTRO UNIVERSITÁRIO ESTÁCIO DE RIBEIRÃO PRETO;Ciência De Dados;Ourinhos;2023
1270;1517427;1400100;cadastro_cursos;2;2022;2024;3;CENTRO UNIVERSITÁRIO ESTÁCIO DE RIBEIRÃO PRETO;Tecnologias Educacionais;Boa Vista;2024
1270;1517427;2930709;cadastro_cursos;2;2020;2023;4;CENTRO UNIVERSITÁRIO ESTÁCIO DE RIBEIRÃO PRETO;Tecnologias Educacionais;Simões Filho;2023
1270;1517427;3204906;cadastro_cursos;2;2022;2024;3;CENTRO UNIVERSITÁRIO ESTÁCIO DE RIBEIRÃO PRETO;Tecnologias Educacionais;São Mateus;2024
1270;1517427;3549409;cadastro_cursos;2;2022;2024;3;CENTRO UNIVERSITÁRIO ESTÁCIO DE RIBEIRÃO PRETO;Tecnologias Educacionais;São Joaquim da Barra;2024
1270;1517427;3552205;cadastro_cursos;2;2020;2023;4;CENTRO UNIVERSITÁRIO ESTÁCIO DE RIBEIRÃO PRETO;Tecnologias Educacionais;Sorocaba;2023
1270;1517427;4106902;cadastro_cursos;2;2022;2024;3;CENTRO UNIVERSITÁRIO ESTÁCIO DE RIBEIRÃO PRETO;Tecnologias Educacionais;Curitiba;2024
1270;1517427;4205407;cadastro_cursos;2;2022;2024;3;CENTRO UNIVERSITÁRIO ESTÁCIO DE RIBEIRÃO PRETO;Tecnologias Educacionais;Florianópolis;2024
1270;1517427;5002704;cadastro_cursos;2;2022;2024;3;CENTRO UNIVERSITÁRIO ESTÁCIO DE RIBEIRÃO PRETO;Tecnologias Educacionais;Campo Grande;2024
1270;1563647;2313302;cadastro_cursos;2;2022;2024;3;CENTRO UNIVERSITÁRIO ESTÁCIO DE RIBEIRÃO PRETO;Redes De Computadores;Tauá;2024
1270;1563647;3534708;cadastro_cursos;2;2022;2024;3;CENTRO UNIVERSITÁRIO ESTÁCIO DE RIBEIRÃO PRETO;Redes De Computadores;Ourinhos;2024
1270;1600249;2302503;cadastro_cursos;2;2022;2024;3;CENTRO UNIVERSITÁRIO ESTÁCIO DE RIBEIRÃO PRETO;Desenvolvimento Full Stack;Brejo Santo;2024
1270;1600249;2704302;cadastro_cursos;2;2022;2024;3;CENTRO UNIVERSITÁRIO ESTÁCIO DE RIBEIRÃO PRETO;Desenvolvimento Full Stack;Maceió;2024
1270;1600249;3509403;cadastro_cursos;2;2022;2024;3;CENTRO UNIVERSITÁRIO ESTÁCIO DE RIBEIRÃO PRETO;Desenvolvimento Full Stack;Cajuru;2024
1270;1600249;3530607;cadastro_cursos;2;2022;2024;3;CENTRO UNIVERSITÁRIO ESTÁCIO DE RIBEIRÃO PRETO;Desenvolvimento Full Stack;Mogi das Cruzes;2024
1273;1576014;3516309;cadastro_cursos;2;2021;2023;3;Centro Universitário Campo Limpo Paulista;Gestão Da Tecnologia Da Informação;Francisco Morato;2023
1294;1487063;2704302;cadastro_cursos;2;2022;2024;3;Centro Universitário das Américas;Segurança Da Informação;Maceió;2024
1294;1487063;4216602;cadastro_cursos;2;2022;2024;3;Centro Universitário das Américas;Segurança Da Informação;São José;2024
1294;1487064;4216602;cadastro_cursos;2;2022;2024;3;Centro Universitário das Américas;Sistemas Para Internet;São José;2024
1294;1536264;3502101;cadastro_cursos;2;2020;2022;3;Centro Universitário das Américas;Análise E Desenvolvimento De Sistemas;Andradina;2022
1294;1537545;3305109;cadastro_cursos;2;2021;2023;3;Centro Universitário das Américas;Ciências Da Computação;São João de Meriti;2023
1326;1441301;3202454;cadastro_cursos;2;2022;2024;3;Faculdade Multivix Serra;Gestão Da Tecnologia Da Informação;Ibatiba;2024
135;115902;1400100;cadastro_cursos;2;2020;2022;3;Claretiano - Centro Universitário;Gestão Da Tecnologia Da Informação;Boa Vista;2022
135;115904;2611101;cadastro_cursos;2;2020;2022;3;Claretiano - Centro Universitário;Análise E Desenvolvimento De Sistemas;Petrolina;2022
1351;91519;4205407;cadastro_cursos;2;2010;2013;4;CENTRO UNIVERSITÁRIO TUPY;GESTÃO DE SISTEMAS DE INFORMAÇÃO;Florianópolis;2013
1365;1599595;1500602;cadastro_cursos;2;2022;2024;3;CENTRO UNIVERSITÁRIO ADVENTISTA DE SÃO PAULO;Análise E Desenvolvimento De Sistemas;Altamira;2024
1365;1599596;3301702;cadastro_cursos;2;2022;2024;3;CENTRO UNIVERSITÁRIO ADVENTISTA DE SÃO PAULO;Gestão Da Tecnologia Da Informação;Duque de Caxias;2024
1365;1599596;3526902;cadastro_cursos;2;2022;2024;3;CENTRO UNIVERSITÁRIO ADVENTISTA DE SÃO PAULO;Gestão Da Tecnologia Da Informação;Limeira;2024
1388;1496478;3505708;cadastro_cursos;2;2022;2024;3;CENTRO UNIVERSITÁRIO SUMARÉ;Análise E Desenvolvimento De Sistemas;Barueri;2024
14;1116731;4300604;cadastro_cursos;2;2020;2022;3;UNIVERSIDADE DO VALE DO RIO DOS SINOS;Gestão Da Tecnologia Da Informação;Alvorada;2022
14;1265420;4305355;cadastro_cursos;2;2022;2024;3;UNIVERSIDADE DO VALE DO RIO DOS SINOS;Análise E Desenvolvimento De Sistemas;Charqueadas;2024
14;5000201;3106200;cadastro_cursos;2;2020;2022;3;UNIVERSIDADE DO VALE DO RIO DOS SINOS;Sistemas De Informação;Belo Horizonte;2022
14161;102276;3118601;cadastro_cursos;1;2020;2022;3;Faculdade Única de Contagem;Análise E Desenvolvimento De Sistemas;Contagem;2022
1418;1518428;3502804;cadastro_cursos;2;2022;2024;3;Centro Universitário Toledo Wyden;Sistemas De Informação;Araçatuba;2024
1423;101420;1501402;cadastro_cursos;1;2021;2023;3;Faculdade Ideal Wyden;Redes De Computadores;Belém;2023
1423;1353147;1501402;cadastro_cursos;1;2021;2023;3;Faculdade Ideal Wyden;Segurança Da Informação;Belém;2023
1427;1458440;4302105;cadastro_cursos;2;2020;2022;3;CENTRO UNIVERSITÁRIO DA SERRA GAÚCHA;Sistemas De Informação;Bento Gonçalves;2022
143;123803;1505437;cadastro_cursos;2;2020;2022;3;UNIVERSIDADE DE UBERABA;Gestão Da Tecnologia Da Informação;Ourilândia do Norte;2022
143;123803;3102803;cadastro_cursos;2;2021;2023;3;UNIVERSIDADE DE UBERABA;Gestão Da Tecnologia Da Informação;Andrelândia;2023
143;123803;3148004;cadastro_cursos;2;2020;2022;3;UNIVERSIDADE DE UBERABA;Gestão Da Tecnologia Da Informação;Patos de Minas;2022
143;123803;3158201;cadastro_cursos;2;2021;2023;3;UNIVERSIDADE DE UBERABA;Gestão Da Tecnologia Da Informação;Santa Maria do Suaçuí;2023
143;123803;3204708;cadastro_cursos;2;2020;2022;3;UNIVERSIDADE DE UBERABA;Gestão Da Tecnologia Da Informação;São Gabriel da Palha;2022
143;123803;3502804;cadastro_cursos;2;2021;2023;3;UNIVERSIDADE DE UBERABA;Gestão Da Tecnologia Da Informação;Araçatuba;2023
143;123803;5300108;cadastro_cursos;2;2013;2015;3;UNIVERSIDADE DE UBERABA;GESTÃO DA TECNOLOGIA DA INFORMAÇÃO;Brasília;2015
143;1596074;3105608;cadastro_cursos;2;2022;2024;3;UNIVERSIDADE DE UBERABA;Sistemas De Informação;Barbacena;2024
143;1596074;3127701;cadastro_cursos;2;2022;2024;3;UNIVERSIDADE DE UBERABA;Sistemas De Informação;Governador Valadares;2024
143;1596074;3157708;cadastro_cursos;2;2022;2024;3;UNIVERSIDADE DE UBERABA;Sistemas De Informação;Santa Juliana;2024
1430;1441369;3534708;cadastro_cursos;2;2020;2022;3;CENTRO UNIVERSITÁRIO INGÁ;Engenharia De Computação;Ourinhos;2022
1430;1441369;4100806;cadastro_cursos;2;2021;2023;3;CENTRO UNIVERSITÁRIO INGÁ;Engenharia De Computação;Alvorada do Sul;2023
1430;1441369;4112108;cadastro_cursos;2;2021;2023;3;CENTRO UNIVERSITÁRIO INGÁ;Engenharia De Computação;Jandaia do Sul;2023
1430;1441369;4118808;cadastro_cursos;2;2020;2022;3;CENTRO UNIVERSITÁRIO INGÁ;Engenharia De Computação;Peabiru;2022
1430;1441369;4202305;cadastro_cursos;2;2021;2023;3;CENTRO UNIVERSITÁRIO INGÁ;Engenharia De Computação;Biguaçu;2023
1430;1441369;5004304;cadastro_cursos;2;2021;2023;3;CENTRO UNIVERSITÁRIO INGÁ;Engenharia De Computação;Iguatemi;2023
1430;1466255;1506807;cadastro_cursos;2;2021;2023;3;CENTRO UNIVERSITÁRIO INGÁ;Sistemas Para Internet;Santarém;2023
1430;1466255;3534708;cadastro_cursos;2;2021;2023;3;CENTRO UNIVERSITÁRIO INGÁ;Sistemas Para Internet;Ourinhos;2023
1430;1466255;4107504;cadastro_cursos;2;2020;2022;3;CENTRO UNIVERSITÁRIO INGÁ;Sistemas Para Internet;Engenheiro Beltrão;2022
1430;1466255;4114609;cadastro_cursos;2;2020;2022;3;CENTRO UNIVERSITÁRIO INGÁ;Sistemas Para Internet;Marechal Cândido Rondon;2022
1430;1466255;4117909;cadastro_cursos;2;2022;2024;3;CENTRO UNIVERSITÁRIO INGÁ;Sistemas Para Internet;Palotina;2024
1430;1466255;4118402;cadastro_cursos;2;2022;2024;3;CENTRO UNIVERSITÁRIO INGÁ;Sistemas Para Internet;Paranavaí;2024
1430;1466255;4123303;cadastro_cursos;2;2022;2024;3;CENTRO UNIVERSITÁRIO INGÁ;Sistemas Para Internet;Santa Cruz de Monte Castelo;2024
1430;1466255;4125803;cadastro_cursos;2;2021;2023;3;CENTRO UNIVERSITÁRIO INGÁ;Sistemas Para Internet;São Pedro do Ivaí;2023
1430;1466255;4126504;cadastro_cursos;2;2021;2023;3;CENTRO UNIVERSITÁRIO INGÁ;Sistemas Para Internet;Sertanópolis;2023
1430;1466255;5004304;cadastro_cursos;2;2022;2024;3;CENTRO UNIVERSITÁRIO INGÁ;Sistemas Para Internet;Iguatemi;2024
1430;1466255;5005707;cadastro_cursos;2;2021;2023;3;CENTRO UNIVERSITÁRIO INGÁ;Sistemas Para Internet;Naviraí;2023
1472;1516785;4203204;cadastro_cursos;2;2021;2023;3;CENTRO UNIVERSITÁRIO LEONARDO DA VINCI;Jogos Digitais;Camboriú;2023
1491;1315314;1100023;cadastro_cursos;2;2021;2023;3;CENTRO UNIVERSITÁRIO INTERNACIONAL;Gestão Da Tecnologia Da Informação;Ariquemes;2023
1491;1315314;1100106;cadastro_cursos;2;2020;2022;3;CENTRO UNIVERSITÁRIO INTERNACIONAL;Gestão Da Tecnologia Da Informação;Guajará-Mirim;2022
1491;1315314;1100114;cadastro_cursos;2;2020;2022;3;CENTRO UNIVERSITÁRIO INTERNACIONAL;Gestão Da Tecnologia Da Informação;Jaru;2022
1491;1315314;1301704;cadastro_cursos;2;2020;2022;3;CENTRO UNIVERSITÁRIO INTERNACIONAL;Gestão Da Tecnologia Da Informação;Humaitá;2022
1491;1315314;1501709;cadastro_cursos;2;2022;2024;3;CENTRO UNIVERSITÁRIO INTERNACIONAL;Gestão Da Tecnologia Da Informação;Bragança;2024
1491;1315314;1507953;cadastro_cursos;2;2022;2024;3;CENTRO UNIVERSITÁRIO INTERNACIONAL;Gestão Da Tecnologia Da Informação;Tailândia;2024
1491;1315314;1702109;cadastro_cursos;2;2021;2024;4;CENTRO UNIVERSITÁRIO INTERNACIONAL;Gestão Da Tecnologia Da Informação;Araguaína;2024
1491;1315314;2101202;cadastro_cursos;2;2022;2024;3;CENTRO UNIVERSITÁRIO INTERNACIONAL;Gestão Da Tecnologia Da Informação;Bacabal;2024
1491;1315314;2108207;cadastro_cursos;2;2020;2022;3;CENTRO UNIVERSITÁRIO INTERNACIONAL;Gestão Da Tecnologia Da Informação;Pedreiras;2022
1491;1315314;2202901;cadastro_cursos;2;2022;2024;3;CENTRO UNIVERSITÁRIO INTERNACIONAL;Gestão Da Tecnologia Da Informação;Corrente;2024
1491;1315314;2208007;cadastro_cursos;2;2020;2024;5;CENTRO UNIVERSITÁRIO INTERNACIONAL;Gestão Da Tecnologia Da Informação;Picos;2024
1491;1315314;2210607;cadastro_cursos;2;2020;2024;5;CENTRO UNIVERSITÁRIO INTERNACIONAL;Gestão Da Tecnologia Da Informação;São Raimundo Nonato;2024
1491;1315314;2306405;cadastro_cursos;2;2020;2024;5;CENTRO UNIVERSITÁRIO INTERNACIONAL;Gestão Da Tecnologia Da Informação;Itapipoca;2024
1491;1315314;2408003;cadastro_cursos;2;2021;2024;4;CENTRO UNIVERSITÁRIO INTERNACIONAL;Gestão Da Tecnologia Da Informação;Mossoró;2024
1491;1315314;2506301;cadastro_cursos;2;2022;2024;3;CENTRO UNIVERSITÁRIO INTERNACIONAL;Gestão Da Tecnologia Da Informação;Guarabira;2024
1491;1315314;2512101;cadastro_cursos;2;2020;2024;5;CENTRO UNIVERSITÁRIO INTERNACIONAL;Gestão Da Tecnologia Da Informação;Pombal;2024
1491;1315314;2604007;cadastro_cursos;2;2021;2023;3;CENTRO UNIVERSITÁRIO INTERNACIONAL;Gestão Da Tecnologia Da Informação;Carpina;2023
1491;1315314;2911105;cadastro_cursos;2;2022;2024;3;CENTRO UNIVERSITÁRIO INTERNACIONAL;Gestão Da Tecnologia Da Informação;Formosa do Rio Preto;2024
1491;1315314;2913507;cadastro_cursos;2;2021;2024;4;CENTRO UNIVERSITÁRIO INTERNACIONAL;Gestão Da Tecnologia Da Informação;Iguaí;2024
1491;1315314;2915601;cadastro_cursos;2;2020;2024;5;CENTRO UNIVERSITÁRIO INTERNACIONAL;Gestão Da Tecnologia Da Informação;Itamaraju;2024
1491;1315314;2919553;cadastro_cursos;2;2022;2024;3;CENTRO UNIVERSITÁRIO INTERNACIONAL;Gestão Da Tecnologia Da Informação;Luís Eduardo Magalhães;2024
1491;1315314;2925204;cadastro_cursos;2;2020;2024;5;CENTRO UNIVERSITÁRIO INTERNACIONAL;Gestão Da Tecnologia Da Informação;Pojuca;2024
1491;1315314;2930501;cadastro_cursos;2;2021;2024;4;CENTRO UNIVERSITÁRIO INTERNACIONAL;Gestão Da Tecnologia Da Informação;Serrinha;2024
1491;1315314;3104205;cadastro_cursos;2;2022;2024;3;CENTRO UNIVERSITÁRIO INTERNACIONAL;Gestão Da Tecnologia Da Informação;Arcos;2024
1491;1315314;3112307;cadastro_cursos;2;2021;2023;3;CENTRO UNIVERSITÁRIO INTERNACIONAL;Gestão Da Tecnologia Da Informação;Capelinha;2023
1491;1315314;3115300;cadastro_cursos;2;2020;2023;4;CENTRO UNIVERSITÁRIO INTERNACIONAL;Gestão Da Tecnologia Da Informação;Cataguases;2023
1491;1315314;3120904;cadastro_cursos;2;2020;2024;5;CENTRO UNIVERSITÁRIO INTERNACIONAL;Gestão Da Tecnologia Da Informação;Curvelo;2024
1491;1315314;3132404;cadastro_cursos;2;2021;2023;3;CENTRO UNIVERSITÁRIO INTERNACIONAL;Gestão Da Tecnologia Da Informação;Itajubá;2023
1491;1315314;3148103;cadastro_cursos;2;2020;2023;4;CENTRO UNIVERSITÁRIO INTERNACIONAL;Gestão Da Tecnologia Da Informação;Patrocínio;2023
1491;1315314;3156908;cadastro_cursos;2;2022;2024;3;CENTRO UNIVERSITÁRIO INTERNACIONAL;Gestão Da Tecnologia Da Informação;Sacramento;2024
1491;1315314;3162104;cadastro_cursos;2;2022;2024;3;CENTRO UNIVERSITÁRIO INTERNACIONAL;Gestão Da Tecnologia Da Informação;São Gotardo;2024
1491;1315314;3201209;cadastro_cursos;2;2022;2024;3;CENTRO UNIVERSITÁRIO INTERNACIONAL;Gestão Da Tecnologia Da Informação;Cachoeiro de Itapemirim;2024
1491;1315314;3300456;cadastro_cursos;2;2022;2024;3;CENTRO UNIVERSITÁRIO INTERNACIONAL;Gestão Da Tecnologia Da Informação;Belford Roxo;2024
1491;1315314;3502101;cadastro_cursos;2;2022;2024;3;CENTRO UNIVERSITÁRIO INTERNACIONAL;Gestão Da Tecnologia Da Informação;Andradina;2024
1491;1315314;3506508;cadastro_cursos;2;2022;2024;3;CENTRO UNIVERSITÁRIO INTERNACIONAL;Gestão Da Tecnologia Da Informação;Birigui;2024
1491;1315314;3509700;cadastro_cursos;2;2020;2024;5;CENTRO UNIVERSITÁRIO INTERNACIONAL;Gestão Da Tecnologia Da Informação;Campos do Jordão;2024
1491;1315314;3523107;cadastro_cursos;2;2021;2023;3;CENTRO UNIVERSITÁRIO INTERNACIONAL;Gestão Da Tecnologia Da Informação;Itaquaquecetuba;2023
1491;1315314;3526704;cadastro_cursos;2;2020;2024;5;CENTRO UNIVERSITÁRIO INTERNACIONAL;Gestão Da Tecnologia Da Informação;Leme;2024
1491;1315314;3545506;cadastro_cursos;2;2020;2024;5;CENTRO UNIVERSITÁRIO INTERNACIONAL;Gestão Da Tecnologia Da Informação;Sandovalina;2024
1491;1315314;3546405;cadastro_cursos;2;2022;2024;3;CENTRO UNIVERSITÁRIO INTERNACIONAL;Gestão Da Tecnologia Da Informação;Santa Cruz do Rio Pardo;2024
1491;1315314;3549102;cadastro_cursos;2;2022;2024;3;CENTRO UNIVERSITÁRIO INTERNACIONAL;Gestão Da Tecnologia Da Informação;São João da Boa Vista;2024
1491;1315314;3555406;cadastro_cursos;2;2021;2023;3;CENTRO UNIVERSITÁRIO INTERNACIONAL;Gestão Da Tecnologia Da Informação;Ubatuba;2023
1491;1315314;4102109;cadastro_cursos;2;2020;2024;5;CENTRO UNIVERSITÁRIO INTERNACIONAL;Gestão Da Tecnologia Da Informação;Astorga;2024
1491;1315314;4107009;cadastro_cursos;2;2020;2023;4;CENTRO UNIVERSITÁRIO INTERNACIONAL;Gestão Da Tecnologia Da Informação;Curiúva;2023
1491;1315314;4107207;cadastro_cursos;2;2020;2023;4;CENTRO UNIVERSITÁRIO INTERNACIONAL;Gestão Da Tecnologia Da Informação;Dois Vizinhos;2023
1491;1315314;4114609;cadastro_cursos;2;2022;2024;3;CENTRO UNIVERSITÁRIO INTERNACIONAL;Gestão Da Tecnologia Da Informação;Marechal Cândido Rondon;2024
1491;1315314;4118402;cadastro_cursos;2;2022;2024;3;CENTRO UNIVERSITÁRIO INTERNACIONAL;Gestão Da Tecnologia Da Informação;Paranavaí;2024
1491;1315314;4122404;cadastro_cursos;2;2022;2024;3;CENTRO UNIVERSITÁRIO INTERNACIONAL;Gestão Da Tecnologia Da Informação;Rolândia;2024
1491;1315314;4215802;cadastro_cursos;2;2020;2022;3;CENTRO UNIVERSITÁRIO INTERNACIONAL;Gestão Da Tecnologia Da Informação;São Bento do Sul;2022
1491;1315314;4217303;cadastro_cursos;2;2022;2024;3;CENTRO UNIVERSITÁRIO INTERNACIONAL;Gestão Da Tecnologia Da Informação;Saudades;2024
1491;1315314;4304408;cadastro_cursos;2;2020;2022;3;CENTRO UNIVERSITÁRIO INTERNACIONAL;Gestão Da Tecnologia Da Informação;Canela;2022
1491;1315314;5105101;cadastro_cursos;2;2020;2024;5;CENTRO UNIVERSITÁRIO INTERNACIONAL;Gestão Da Tecnologia Da Informação;Juara;2024
1491;1315314;5106752;cadastro_cursos;2;2020;2022;3;CENTRO UNIVERSITÁRIO INTERNACIONAL;Gestão Da Tecnologia Da Informação;Pontes e Lacerda;2022
1491;1315314;5107941;cadastro_cursos;2;2021;2024;4;CENTRO UNIVERSITÁRIO INTERNACIONAL;Gestão Da Tecnologia Da Informação;Tabaporã;2024
1491;1315315;1100114;cadastro_cursos;2;2020;2022;3;CENTRO UNIVERSITÁRIO INTERNACIONAL;Análise E Desenvolvimento De Sistemas;Jaru;2022
1491;1315315;1507300;cadastro_cursos;2;2021;2023;3;CENTRO UNIVERSITÁRIO INTERNACIONAL;Análise E Desenvolvimento De Sistemas;São Félix do Xingu;2023
1491;1315315;1507953;cadastro_cursos;2;2021;2023;3;CENTRO UNIVERSITÁRIO INTERNACIONAL;Análise E Desenvolvimento De Sistemas;Tailândia;2023
1491;1315315;2906808;cadastro_cursos;2;2020;2022;3;CENTRO UNIVERSITÁRIO INTERNACIONAL;Análise E Desenvolvimento De Sistemas;Cansanção;2022
1491;1315315;2912004;cadastro_cursos;2;2020;2022;3;CENTRO UNIVERSITÁRIO INTERNACIONAL;Análise E Desenvolvimento De Sistemas;Ibiassucê;2022
1491;1315315;2913507;cadastro_cursos;2;2020;2022;3;CENTRO UNIVERSITÁRIO INTERNACIONAL;Análise E Desenvolvimento De Sistemas;Iguaí;2022
1491;1315315;2927606;cadastro_cursos;2;2020;2023;4;CENTRO UNIVERSITÁRIO INTERNACIONAL;Análise E Desenvolvimento De Sistemas;Santa Brígida;2023
1491;1315315;2931053;cadastro_cursos;2;2022;2024;3;CENTRO UNIVERSITÁRIO INTERNACIONAL;Análise E Desenvolvimento De Sistemas;Tanque Novo;2024
1491;1315315;3121605;cadastro_cursos;2;2020;2022;3;CENTRO UNIVERSITÁRIO INTERNACIONAL;Análise E Desenvolvimento De Sistemas;Diamantina;2022
1491;1315315;3135209;cadastro_cursos;2;2021;2023;3;CENTRO UNIVERSITÁRIO INTERNACIONAL;Análise E Desenvolvimento De Sistemas;Januária;2023
1491;1315315;3144300;cadastro_cursos;2;2020;2022;3;CENTRO UNIVERSITÁRIO INTERNACIONAL;Análise E Desenvolvimento De Sistemas;Nanuque;2022
1491;1315315;3152808;cadastro_cursos;2;2022;2024;3;CENTRO UNIVERSITÁRIO INTERNACIONAL;Análise E Desenvolvimento De Sistemas;Prata;2024
1491;1315315;3515103;cadastro_cursos;2;2022;2024;3;CENTRO UNIVERSITÁRIO INTERNACIONAL;Análise E Desenvolvimento De Sistemas;Embu-Guaçu;2024
1491;1315315;4108601;cadastro_cursos;2;2020;2022;3;CENTRO UNIVERSITÁRIO INTERNACIONAL;Análise E Desenvolvimento De Sistemas;Goioerê;2022
1491;1315315;4127601;cadastro_cursos;2;2020;2022;3;CENTRO UNIVERSITÁRIO INTERNACIONAL;Análise E Desenvolvimento De Sistemas;Tijucas do Sul;2022
1491;1315315;4312708;cadastro_cursos;2;2021;2023;3;CENTRO UNIVERSITÁRIO INTERNACIONAL;Análise E Desenvolvimento De Sistemas;Nonoai;2023
1491;1315315;5104104;cadastro_cursos;2;2022;2024;3;CENTRO UNIVERSITÁRIO INTERNACIONAL;Análise E Desenvolvimento De Sistemas;Guarantã do Norte;2024
1491;1315315;5106802;cadastro_cursos;2;2022;2024;3;CENTRO UNIVERSITÁRIO INTERNACIONAL;Análise E Desenvolvimento De Sistemas;Porto dos Gaúchos;2024
1491;1315315;5108006;cadastro_cursos;2;2021;2023;3;CENTRO UNIVERSITÁRIO INTERNACIONAL;Análise E Desenvolvimento De Sistemas;Tapurah;2023
1491;1315345;1100023;cadastro_cursos;2;2020;2023;4;CENTRO UNIVERSITÁRIO INTERNACIONAL;Engenharia De Computação;Ariquemes;2023
1491;1315345;1500503;cadastro_cursos;2;2020;2024;5;CENTRO UNIVERSITÁRIO INTERNACIONAL;Engenharia De Computação;Almeirim;2024
1491;1315345;2207702;cadastro_cursos;2;2021;2024;4;CENTRO UNIVERSITÁRIO INTERNACIONAL;Engenharia De Computação;Parnaíba;2024
1491;1315345;2303709;cadastro_cursos;2;2022;2024;3;CENTRO UNIVERSITÁRIO INTERNACIONAL;Engenharia De Computação;Caucaia;2024
1491;1315345;2403251;cadastro_cursos;2;2020;2024;5;CENTRO UNIVERSITÁRIO INTERNACIONAL;Engenharia De Computação;Parnamirim;2024
1491;1315345;2407104;cadastro_cursos;2;2021;2024;4;CENTRO UNIVERSITÁRIO INTERNACIONAL;Engenharia De Computação;Macaíba;2024
1491;1315345;2706307;cadastro_cursos;2;2021;2023;3;CENTRO UNIVERSITÁRIO INTERNACIONAL;Engenharia De Computação;Palmeira dos Índios;2023
1491;1315345;2911105;cadastro_cursos;2;2020;2024;5;CENTRO UNIVERSITÁRIO INTERNACIONAL;Engenharia De Computação;Formosa do Rio Preto;2024
1491;1315345;2927606;cadastro_cursos;2;2022;2024;3;CENTRO UNIVERSITÁRIO INTERNACIONAL;Engenharia De Computação;Santa Brígida;2024
1491;1315345;2928703;cadastro_cursos;2;2020;2022;3;CENTRO UNIVERSITÁRIO INTERNACIONAL;Engenharia De Computação;Santo Antônio de Jesus;2022
1491;1315345;3114402;cadastro_cursos;2;2022;2024;3;CENTRO UNIVERSITÁRIO INTERNACIONAL;Engenharia De Computação;Carmo do Rio Claro;2024
1491;1315345;3144300;cadastro_cursos;2;2021;2024;4;CENTRO UNIVERSITÁRIO INTERNACIONAL;Engenharia De Computação;Nanuque;2024
1491;1315345;3148004;cadastro_cursos;2;2021;2023;3;CENTRO UNIVERSITÁRIO INTERNACIONAL;Engenharia De Computação;Patos de Minas;2023
1491;1315345;3162104;cadastro_cursos;2;2020;2022;3;CENTRO UNIVERSITÁRIO INTERNACIONAL;Engenharia De Computação;São Gotardo;2022
1491;1315345;3201308;cadastro_cursos;2;2020;2024;5;CENTRO UNIVERSITÁRIO INTERNACIONAL;Engenharia De Computação;Cariacica;2024
1491;1315345;3301009;cadastro_cursos;2;2020;2022;3;CENTRO UNIVERSITÁRIO INTERNACIONAL;Engenharia De Computação;Campos dos Goytacazes;2022
1491;1315345;3502101;cadastro_cursos;2;2020;2024;5;CENTRO UNIVERSITÁRIO INTERNACIONAL;Engenharia De Computação;Andradina;2024
1491;1315345;3505500;cadastro_cursos;2;2020;2024;5;CENTRO UNIVERSITÁRIO INTERNACIONAL;Engenharia De Computação;Barretos;2024
1491;1315345;3506508;cadastro_cursos;2;2021;2023;3;CENTRO UNIVERSITÁRIO INTERNACIONAL;Engenharia De Computação;Birigui;2023
1491;1315345;3507605;cadastro_cursos;2;2020;2024;5;CENTRO UNIVERSITÁRIO INTERNACIONAL;Engenharia De Computação;Bragança Paulista;2024
1491;1315345;3513702;cadastro_cursos;2;2022;2024;3;CENTRO UNIVERSITÁRIO INTERNACIONAL;Engenharia De Computação;Descalvado;2024
1491;1315345;3515509;cadastro_cursos;2;2021;2024;4;CENTRO UNIVERSITÁRIO INTERNACIONAL;Engenharia De Computação;Fernandópolis;2024
1491;1315345;3523404;cadastro_cursos;2;2020;2023;4;CENTRO UNIVERSITÁRIO INTERNACIONAL;Engenharia De Computação;Itatiba;2023
1491;1315345;3526704;cadastro_cursos;2;2020;2024;5;CENTRO UNIVERSITÁRIO INTERNACIONAL;Engenharia De Computação;Leme;2024
1491;1315345;3526803;cadastro_cursos;2;2021;2023;3;CENTRO UNIVERSITÁRIO INTERNACIONAL;Engenharia De Computação;Lençóis Paulista;2023
1491;1315345;3528502;cadastro_cursos;2;2020;2024;5;CENTRO UNIVERSITÁRIO INTERNACIONAL;Engenharia De Computação;Mairiporã;2024
1491;1315345;3533908;cadastro_cursos;2;2020;2024;5;CENTRO UNIVERSITÁRIO INTERNACIONAL;Engenharia De Computação;Olímpia;2024
1491;1315345;3537602;cadastro_cursos;2;2020;2024;5;CENTRO UNIVERSITÁRIO INTERNACIONAL;Engenharia De Computação;Peruíbe;2024
1491;1315345;3539301;cadastro_cursos;2;2020;2022;3;CENTRO UNIVERSITÁRIO INTERNACIONAL;Engenharia De Computação;Pirassununga;2022
1491;1315345;3541406;cadastro_cursos;2;2020;2023;4;CENTRO UNIVERSITÁRIO INTERNACIONAL;Engenharia De Computação;Presidente Prudente;2023
1491;1315345;3553807;cadastro_cursos;2;2020;2024;5;CENTRO UNIVERSITÁRIO INTERNACIONAL;Engenharia De Computação;Taquarituba;2024
1491;1315345;3555000;cadastro_cursos;2;2021;2023;3;CENTRO UNIVERSITÁRIO INTERNACIONAL;Engenharia De Computação;Tupã;2023
1491;1315345;4101200;cadastro_cursos;2;2020;2022;3;CENTRO UNIVERSITÁRIO INTERNACIONAL;Engenharia De Computação;Antonina;2022
1491;1315345;4102000;cadastro_cursos;2;2022;2024;3;CENTRO UNIVERSITÁRIO INTERNACIONAL;Engenharia De Computação;Assis Chateaubriand;2024
1491;1315345;4102109;cadastro_cursos;2;2021;2024;4;CENTRO UNIVERSITÁRIO INTERNACIONAL;Engenharia De Computação;Astorga;2024
1491;1315345;4104253;cadastro_cursos;2;2022;2024;3;CENTRO UNIVERSITÁRIO INTERNACIONAL;Engenharia De Computação;Campo Magro;2024
1491;1315345;4108809;cadastro_cursos;2;2021;2024;4;CENTRO UNIVERSITÁRIO INTERNACIONAL;Engenharia De Computação;Guaíra;2024
1491;1315345;4117602;cadastro_cursos;2;2022;2024;3;CENTRO UNIVERSITÁRIO INTERNACIONAL;Engenharia De Computação;Palmas;2024
1491;1315345;4117800;cadastro_cursos;2;2021;2023;3;CENTRO UNIVERSITÁRIO INTERNACIONAL;Engenharia De Computação;Palmital;2023
1491;1315345;4120606;cadastro_cursos;2;2020;2024;5;CENTRO UNIVERSITÁRIO INTERNACIONAL;Engenharia De Computação;Prudentópolis;2024
1491;1315345;4121208;cadastro_cursos;2;2020;2024;5;CENTRO UNIVERSITÁRIO INTERNACIONAL;Engenharia De Computação;Quitandinha;2024
1491;1315345;4127601;cadastro_cursos;2;2020;2023;4;CENTRO UNIVERSITÁRIO INTERNACIONAL;Engenharia De Computação;Tijucas do Sul;2023
1491;1315345;4128203;cadastro_cursos;2;2020;2022;3;CENTRO UNIVERSITÁRIO INTERNACIONAL;Engenharia De Computação;União da Vitória;2022
1491;1315345;4204806;cadastro_cursos;2;2020;2024;5;CENTRO UNIVERSITÁRIO INTERNACIONAL;Engenharia De Computação;Curitibanos;2024
1491;1315345;4212205;cadastro_cursos;2;2020;2024;5;CENTRO UNIVERSITÁRIO INTERNACIONAL;Engenharia De Computação;Papanduva;2024
1491;1315345;4216701;cadastro_cursos;2;2021;2024;4;CENTRO UNIVERSITÁRIO INTERNACIONAL;Engenharia De Computação;São José do Cedro;2024
1491;1315345;4216909;cadastro_cursos;2;2020;2024;5;CENTRO UNIVERSITÁRIO INTERNACIONAL;Engenharia De Computação;São Lourenço do Oeste;2024
1491;1315345;4217303;cadastro_cursos;2;2020;2024;5;CENTRO UNIVERSITÁRIO INTERNACIONAL;Engenharia De Computação;Saudades;2024
1491;1315345;4217709;cadastro_cursos;2;2022;2024;3;CENTRO UNIVERSITÁRIO INTERNACIONAL;Engenharia De Computação;Sombrio;2024
1491;1315345;4322400;cadastro_cursos;2;2020;2024;5;CENTRO UNIVERSITÁRIO INTERNACIONAL;Engenharia De Computação;Uruguaiana;2024
1491;1315345;5001102;cadastro_cursos;2;2020;2022;3;CENTRO UNIVERSITÁRIO INTERNACIONAL;Engenharia De Computação;Aquidauana;2022
1491;1315345;5006606;cadastro_cursos;2;2021;2024;4;CENTRO UNIVERSITÁRIO INTERNACIONAL;Engenharia De Computação;Ponta Porã;2024
1491;1315345;5104104;cadastro_cursos;2;2022;2024;3;CENTRO UNIVERSITÁRIO INTERNACIONAL;Engenharia De Computação;Guarantã do Norte;2024
1491;1315345;5106802;cadastro_cursos;2;2022;2024;3;CENTRO UNIVERSITÁRIO INTERNACIONAL;Engenharia De Computação;Porto dos Gaúchos;2024
1491;1315345;5108006;cadastro_cursos;2;2022;2024;3;CENTRO UNIVERSITÁRIO INTERNACIONAL;Engenharia De Computação;Tapurah;2024
1491;1315345;5220009;cadastro_cursos;2;2021;2024;4;CENTRO UNIVERSITÁRIO INTERNACIONAL;Engenharia De Computação;São João d'Aliança;2024
1491;1484106;1100304;cadastro_cursos;2;2020;2024;5;CENTRO UNIVERSITÁRIO INTERNACIONAL;Gestão Da Segurança E Defesa Cibernética;Vilhena;2024
1491;1484106;1506138;cadastro_cursos;2;2020;2024;5;CENTRO UNIVERSITÁRIO INTERNACIONAL;Gestão Da Segurança E Defesa Cibernética;Redenção;2024
1491;1484106;1721000;cadastro_cursos;2;2021;2023;3;CENTRO UNIVERSITÁRIO INTERNACIONAL;Gestão Da Segurança E Defesa Cibernética;Palmas;2023
1491;1484106;2101400;cadastro_cursos;2;2020;2024;5;CENTRO UNIVERSITÁRIO INTERNACIONAL;Gestão Da Segurança E Defesa Cibernética;Balsas;2024
1491;1484106;2104800;cadastro_cursos;2;2020;2024;5;CENTRO UNIVERSITÁRIO INTERNACIONAL;Gestão Da Segurança E Defesa Cibernética;Grajaú;2024
1491;1484106;2111201;cadastro_cursos;2;2021;2024;4;CENTRO UNIVERSITÁRIO INTERNACIONAL;Gestão Da Segurança E Defesa Cibernética;São José de Ribamar;2024
1491;1484106;2503704;cadastro_cursos;2;2022;2024;3;CENTRO UNIVERSITÁRIO INTERNACIONAL;Gestão Da Segurança E Defesa Cibernética;Cajazeiras;2024
1491;1484106;2604007;cadastro_cursos;2;2022;2024;3;CENTRO UNIVERSITÁRIO INTERNACIONAL;Gestão Da Segurança E Defesa Cibernética;Carpina;2024
1491;1484106;2910727;cadastro_cursos;2;2021;2023;3;CENTRO UNIVERSITÁRIO INTERNACIONAL;Gestão Da Segurança E Defesa Cibernética;Eunápolis;2023
1491;1484106;2918001;cadastro_cursos;2;2022;2024;3;CENTRO UNIVERSITÁRIO INTERNACIONAL;Gestão Da Segurança E Defesa Cibernética;Jequié;2024
1491;1484106;2930105;cadastro_cursos;2;2020;2023;4;CENTRO UNIVERSITÁRIO INTERNACIONAL;Gestão Da Segurança E Defesa Cibernética;Senhor do Bonfim;2023
1491;1484106;3106705;cadastro_cursos;2;2020;2022;3;CENTRO UNIVERSITÁRIO INTERNACIONAL;Gestão Da Segurança E Defesa Cibernética;Betim;2022
1491;1484106;3115300;cadastro_cursos;2;2020;2024;5;CENTRO UNIVERSITÁRIO INTERNACIONAL;Gestão Da Segurança E Defesa Cibernética;Cataguases;2024
1491;1484106;3122306;cadastro_cursos;2;2021;2024;4;CENTRO UNIVERSITÁRIO INTERNACIONAL;Gestão Da Segurança E Defesa Cibernética;Divinópolis;2024
1491;1484106;3128709;cadastro_cursos;2;2022;2024;3;CENTRO UNIVERSITÁRIO INTERNACIONAL;Gestão Da Segurança E Defesa Cibernética;Guaxupé;2024
1491;1484106;3136207;cadastro_cursos;2;2022;2024;3;CENTRO UNIVERSITÁRIO INTERNACIONAL;Gestão Da Segurança E Defesa Cibernética;João Monlevade;2024
1491;1484106;3163706;cadastro_cursos;2;2021;2023;3;CENTRO UNIVERSITÁRIO INTERNACIONAL;Gestão Da Segurança E Defesa Cibernética;São Lourenço;2023
1491;1484106;3171303;cadastro_cursos;2;2022;2024;3;CENTRO UNIVERSITÁRIO INTERNACIONAL;Gestão Da Segurança E Defesa Cibernética;Viçosa;2024
1491;1484106;3300407;cadastro_cursos;2;2021;2024;4;CENTRO UNIVERSITÁRIO INTERNACIONAL;Gestão Da Segurança E Defesa Cibernética;Barra Mansa;2024
1491;1484106;3300704;cadastro_cursos;2;2021;2024;4;CENTRO UNIVERSITÁRIO INTERNACIONAL;Gestão Da Segurança E Defesa Cibernética;Cabo Frio;2024
1491;1484106;3303302;cadastro_cursos;2;2020;2023;4;CENTRO UNIVERSITÁRIO INTERNACIONAL;Gestão Da Segurança E Defesa Cibernética;Niterói;2023
1491;1484106;3504107;cadastro_cursos;2;2022;2024;3;CENTRO UNIVERSITÁRIO INTERNACIONAL;Gestão Da Segurança E Defesa Cibernética;Atibaia;2024
1491;1484106;3522406;cadastro_cursos;2;2022;2024;3;CENTRO UNIVERSITÁRIO INTERNACIONAL;Gestão Da Segurança E Defesa Cibernética;Itapeva;2024
1491;1484106;3523404;cadastro_cursos;2;2022;2024;3;CENTRO UNIVERSITÁRIO INTERNACIONAL;Gestão Da Segurança E Defesa Cibernética;Itatiba;2024
1491;1484106;3548906;cadastro_cursos;2;2020;2022;3;CENTRO UNIVERSITÁRIO INTERNACIONAL;Gestão Da Segurança E Defesa Cibernética;São Carlos;2022
1491;1484106;3549409;cadastro_cursos;2;2020;2024;5;CENTRO UNIVERSITÁRIO INTERNACIONAL;Gestão Da Segurança E Defesa Cibernética;São Joaquim da Barra;2024
1491;1484106;3552809;cadastro_cursos;2;2020;2024;5;CENTRO UNIVERSITÁRIO INTERNACIONAL;Gestão Da Segurança E Defesa Cibernética;Taboão da Serra;2024
1491;1484106;3556701;cadastro_cursos;2;2022;2024;3;CENTRO UNIVERSITÁRIO INTERNACIONAL;Gestão Da Segurança E Defesa Cibernética;Vinhedo;2024
1491;1484106;4102000;cadastro_cursos;2;2020;2024;5;CENTRO UNIVERSITÁRIO INTERNACIONAL;Gestão Da Segurança E Defesa Cibernética;Assis Chateaubriand;2024
1491;1484106;4104006;cadastro_cursos;2;2021;2023;3;CENTRO UNIVERSITÁRIO INTERNACIONAL;Gestão Da Segurança E Defesa Cibernética;Campina Grande do Sul;2023
1491;1484106;4104709;cadastro_cursos;2;2021;2024;4;CENTRO UNIVERSITÁRIO INTERNACIONAL;Gestão Da Segurança E Defesa Cibernética;Carlópolis;2024
1491;1484106;4107009;cadastro_cursos;2;2021;2024;4;CENTRO UNIVERSITÁRIO INTERNACIONAL;Gestão Da Segurança E Defesa Cibernética;Curiúva;2024
1491;1484106;4107207;cadastro_cursos;2;2021;2024;4;CENTRO UNIVERSITÁRIO INTERNACIONAL;Gestão Da Segurança E Defesa Cibernética;Dois Vizinhos;2024
1491;1484106;4112009;cadastro_cursos;2;2021;2024;4;CENTRO UNIVERSITÁRIO INTERNACIONAL;Gestão Da Segurança E Defesa Cibernética;Jaguariaíva;2024
1491;1484106;4113205;cadastro_cursos;2;2022;2024;3;CENTRO UNIVERSITÁRIO INTERNACIONAL;Gestão Da Segurança E Defesa Cibernética;Lapa;2024
1491;1484106;4119905;cadastro_cursos;2;2020;2022;3;CENTRO UNIVERSITÁRIO INTERNACIONAL;Gestão Da Segurança E Defesa Cibernética;Ponta Grossa;2022
1491;1484106;4121208;cadastro_cursos;2;2021;2024;4;CENTRO UNIVERSITÁRIO INTERNACIONAL;Gestão Da Segurança E Defesa Cibernética;Quitandinha;2024
1491;1484106;4125803;cadastro_cursos;2;2020;2024;5;CENTRO UNIVERSITÁRIO INTERNACIONAL;Gestão Da Segurança E Defesa Cibernética;São Pedro do Ivaí;2024
1491;1484106;4127106;cadastro_cursos;2;2020;2024;5;CENTRO UNIVERSITÁRIO INTERNACIONAL;Gestão Da Segurança E Defesa Cibernética;Telêmaco Borba;2024
1491;1484106;4128104;cadastro_cursos;2;2021;2024;4;CENTRO UNIVERSITÁRIO INTERNACIONAL;Gestão Da Segurança E Defesa Cibernética;Umuarama;2024
1491;1484106;4208450;cadastro_cursos;2;2022;2024;3;CENTRO UNIVERSITÁRIO INTERNACIONAL;Gestão Da Segurança E Defesa Cibernética;Itapoá;2024
1491;1484106;4214805;cadastro_cursos;2;2022;2024;3;CENTRO UNIVERSITÁRIO INTERNACIONAL;Gestão Da Segurança E Defesa Cibernética;Rio do Sul;2024
1491;1484106;4216206;cadastro_cursos;2;2022;2024;3;CENTRO UNIVERSITÁRIO INTERNACIONAL;Gestão Da Segurança E Defesa Cibernética;São Francisco do Sul;2024
1491;1484106;4313508;cadastro_cursos;2;2021;2024;4;CENTRO UNIVERSITÁRIO INTERNACIONAL;Gestão Da Segurança E Defesa Cibernética;Osório;2024
1491;1484106;4316402;cadastro_cursos;2;2020;2024;5;CENTRO UNIVERSITÁRIO INTERNACIONAL;Gestão Da Segurança E Defesa Cibernética;Rosário do Sul;2024
1491;1484106;4322608;cadastro_cursos;2;2020;2023;4;CENTRO UNIVERSITÁRIO INTERNACIONAL;Gestão Da Segurança E Defesa Cibernética;Venâncio Aires;2023
1491;1484106;5001102;cadastro_cursos;2;2020;2024;5;CENTRO UNIVERSITÁRIO INTERNACIONAL;Gestão Da Segurança E Defesa Cibernética;Aquidauana;2024
1491;1484106;5107602;cadastro_cursos;2;2020;2024;5;CENTRO UNIVERSITÁRIO INTERNACIONAL;Gestão Da Segurança E Defesa Cibernética;Rondonópolis;2024
1491;1484106;5108402;cadastro_cursos;2;2022;2024;3;CENTRO UNIVERSITÁRIO INTERNACIONAL;Gestão Da Segurança E Defesa Cibernética;Várzea Grande;2024
1491;1484106;5204508;cadastro_cursos;2;2022;2024;3;CENTRO UNIVERSITÁRIO INTERNACIONAL;Gestão Da Segurança E Defesa Cibernética;Caldas Novas;2024
1491;1484106;5205109;cadastro_cursos;2;2021;2024;4;CENTRO UNIVERSITÁRIO INTERNACIONAL;Gestão Da Segurança E Defesa Cibernética;Catalão;2024
1491;1484106;5218805;cadastro_cursos;2;2021;2024;4;CENTRO UNIVERSITÁRIO INTERNACIONAL;Gestão Da Segurança E Defesa Cibernética;Rio Verde;2024
1491;1509227;1100023;cadastro_cursos;2;2021;2024;4;CENTRO UNIVERSITÁRIO INTERNACIONAL;Redes De Computadores;Ariquemes;2024
1491;1509227;1303403;cadastro_cursos;2;2021;2024;4;CENTRO UNIVERSITÁRIO INTERNACIONAL;Redes De Computadores;Parintins;2024
1491;1509227;1500800;cadastro_cursos;2;2021;2023;3;CENTRO UNIVERSITÁRIO INTERNACIONAL;Redes De Computadores;Ananindeua;2023
1491;1509227;1508407;cadastro_cursos;2;2020;2024;5;CENTRO UNIVERSITÁRIO INTERNACIONAL;Redes De Computadores;Xinguara;2024
1491;1509227;2103000;cadastro_cursos;2;2020;2024;5;CENTRO UNIVERSITÁRIO INTERNACIONAL;Redes De Computadores;Caxias;2024
1491;1509227;2208007;cadastro_cursos;2;2020;2024;5;CENTRO UNIVERSITÁRIO INTERNACIONAL;Redes De Computadores;Picos;2024
1491;1509227;2304202;cadastro_cursos;2;2022;2024;3;CENTRO UNIVERSITÁRIO INTERNACIONAL;Redes De Computadores;Crato;2024
1491;1509227;2604007;cadastro_cursos;2;2021;2024;4;CENTRO UNIVERSITÁRIO INTERNACIONAL;Redes De Computadores;Carpina;2024
1491;1509227;2609907;cadastro_cursos;2;2021;2024;4;CENTRO UNIVERSITÁRIO INTERNACIONAL;Redes De Computadores;Ouricuri;2024
1491;1509227;2612208;cadastro_cursos;2;2020;2024;5;CENTRO UNIVERSITÁRIO INTERNACIONAL;Redes De Computadores;Salgueiro;2024
1491;1509227;2904605;cadastro_cursos;2;2020;2023;4;CENTRO UNIVERSITÁRIO INTERNACIONAL;Redes De Computadores;Brumado;2023
1491;1509227;3105608;cadastro_cursos;2;2020;2024;5;CENTRO UNIVERSITÁRIO INTERNACIONAL;Redes De Computadores;Barbacena;2024
1491;1509227;3113404;cadastro_cursos;2;2022;2024;3;CENTRO UNIVERSITÁRIO INTERNACIONAL;Redes De Computadores;Caratinga;2024
1491;1509227;3120904;cadastro_cursos;2;2020;2024;5;CENTRO UNIVERSITÁRIO INTERNACIONAL;Redes De Computadores;Curvelo;2024
1491;1509227;3125101;cadastro_cursos;2;2022;2024;3;CENTRO UNIVERSITÁRIO INTERNACIONAL;Redes De Computadores;Extrema;2024
1491;1509227;3133808;cadastro_cursos;2;2020;2022;3;CENTRO UNIVERSITÁRIO INTERNACIONAL;Redes De Computadores;Itaúna;2022
1491;1509227;3145208;cadastro_cursos;2;2020;2024;5;CENTRO UNIVERSITÁRIO INTERNACIONAL;Redes De Computadores;Nova Serrana;2024
1491;1509227;3156908;cadastro_cursos;2;2021;2024;4;CENTRO UNIVERSITÁRIO INTERNACIONAL;Redes De Computadores;Sacramento;2024
1491;1509227;3167202;cadastro_cursos;2;2021;2023;3;CENTRO UNIVERSITÁRIO INTERNACIONAL;Redes De Computadores;Sete Lagoas;2023
1491;1509227;3201209;cadastro_cursos;2;2021;2023;3;CENTRO UNIVERSITÁRIO INTERNACIONAL;Redes De Computadores;Cachoeiro de Itapemirim;2023
1491;1509227;3202405;cadastro_cursos;2;2021;2024;4;CENTRO UNIVERSITÁRIO INTERNACIONAL;Redes De Computadores;Guarapari;2024
1491;1509227;3301900;cadastro_cursos;2;2021;2024;4;CENTRO UNIVERSITÁRIO INTERNACIONAL;Redes De Computadores;Itaboraí;2024
1491;1509227;3303500;cadastro_cursos;2;2020;2022;3;CENTRO UNIVERSITÁRIO INTERNACIONAL;Redes De Computadores;Nova Iguaçu;2022
1491;1509227;3306008;cadastro_cursos;2;2022;2024;3;CENTRO UNIVERSITÁRIO INTERNACIONAL;Redes De Computadores;Três Rios;2024
1491;1509227;3502101;cadastro_cursos;2;2021;2024;4;CENTRO UNIVERSITÁRIO INTERNACIONAL;Redes De Computadores;Andradina;2024
1491;1509227;3518404;cadastro_cursos;2;2021;2023;3;CENTRO UNIVERSITÁRIO INTERNACIONAL;Redes De Computadores;Guaratinguetá;2023
1491;1509227;3522307;cadastro_cursos;2;2021;2024;4;CENTRO UNIVERSITÁRIO INTERNACIONAL;Redes De Computadores;Itapetininga;2024
1491;1509227;3523107;cadastro_cursos;2;2021;2024;4;CENTRO UNIVERSITÁRIO INTERNACIONAL;Redes De Computadores;Itaquaquecetuba;2024
1491;1509227;3523206;cadastro_cursos;2;2020;2024;5;CENTRO UNIVERSITÁRIO INTERNACIONAL;Redes De Computadores;Itararé;2024
1491;1509227;3524709;cadastro_cursos;2;2020;2023;4;CENTRO UNIVERSITÁRIO INTERNACIONAL;Redes De Computadores;Jaguariúna;2023
1491;1509227;3526902;cadastro_cursos;2;2020;2022;3;CENTRO UNIVERSITÁRIO INTERNACIONAL;Redes De Computadores;Limeira;2022
1491;1509227;3527108;cadastro_cursos;2;2021;2024;4;CENTRO UNIVERSITÁRIO INTERNACIONAL;Redes De Computadores;Lins;2024
1491;1509227;3529401;cadastro_cursos;2;2021;2023;3;CENTRO UNIVERSITÁRIO INTERNACIONAL;Redes De Computadores;Mauá;2023
1491;1509227;3536703;cadastro_cursos;2;2022;2024;3;CENTRO UNIVERSITÁRIO INTERNACIONAL;Redes De Computadores;Pederneiras;2024
1491;1509227;3545209;cadastro_cursos;2;2021;2024;4;CENTRO UNIVERSITÁRIO INTERNACIONAL;Redes De Computadores;Salto;2024
1491;1509227;3549102;cadastro_cursos;2;2022;2024;3;CENTRO UNIVERSITÁRIO INTERNACIONAL;Redes De Computadores;São João da Boa Vista;2024
1491;1509227;3549706;cadastro_cursos;2;2021;2024;4;CENTRO UNIVERSITÁRIO INTERNACIONAL;Redes De Computadores;São José do Rio Pardo;2024
1491;1509227;3555406;cadastro_cursos;2;2022;2024;3;CENTRO UNIVERSITÁRIO INTERNACIONAL;Redes De Computadores;Ubatuba;2024
1491;1509227;4101200;cadastro_cursos;2;2021;2024;4;CENTRO UNIVERSITÁRIO INTERNACIONAL;Redes De Computadores;Antonina;2024
1491;1509227;4101408;cadastro_cursos;2;2022;2024;3;CENTRO UNIVERSITÁRIO INTERNACIONAL;Redes De Computadores;Apucarana;2024
1491;1509227;4102604;cadastro_cursos;2;2020;2024;5;CENTRO UNIVERSITÁRIO INTERNACIONAL;Redes De Computadores;Barracão;2024
1491;1509227;4117800;cadastro_cursos;2;2021;2024;4;CENTRO UNIVERSITÁRIO INTERNACIONAL;Redes De Computadores;Palmital;2024
1491;1509227;4118402;cadastro_cursos;2;2020;2023;4;CENTRO UNIVERSITÁRIO INTERNACIONAL;Redes De Computadores;Paranavaí;2023
1491;1509227;4119509;cadastro_cursos;2;2022;2024;3;CENTRO UNIVERSITÁRIO INTERNACIONAL;Redes De Computadores;Piraquara;2024
1491;1509227;4120903;cadastro_cursos;2;2021;2024;4;CENTRO UNIVERSITÁRIO INTERNACIONAL;Redes De Computadores;Quedas do Iguaçu;2024
1491;1509227;4121406;cadastro_cursos;2;2021;2023;3;CENTRO UNIVERSITÁRIO INTERNACIONAL;Redes De Computadores;Realeza;2023
1491;1509227;4202107;cadastro_cursos;2;2020;2024;5;CENTRO UNIVERSITÁRIO INTERNACIONAL;Redes De Computadores;Barra Velha;2024
1491;1509227;4216909;cadastro_cursos;2;2020;2022;3;CENTRO UNIVERSITÁRIO INTERNACIONAL;Redes De Computadores;São Lourenço do Oeste;2022
1491;1509227;4303103;cadastro_cursos;2;2020;2023;4;CENTRO UNIVERSITÁRIO INTERNACIONAL;Redes De Computadores;Cachoeirinha;2023
1491;1509227;4304408;cadastro_cursos;2;2021;2024;4;CENTRO UNIVERSITÁRIO INTERNACIONAL;Redes De Computadores;Canela;2024
1491;1509227;4312708;cadastro_cursos;2;2021;2024;4;CENTRO UNIVERSITÁRIO INTERNACIONAL;Redes De Computadores;Nonoai;2024
1491;1509227;4313508;cadastro_cursos;2;2020;2024;5;CENTRO UNIVERSITÁRIO INTERNACIONAL;Redes De Computadores;Osório;2024
1491;1509227;4317400;cadastro_cursos;2;2020;2024;5;CENTRO UNIVERSITÁRIO INTERNACIONAL;Redes De Computadores;Santiago;2024
1491;1509227;4318309;cadastro_cursos;2;2022;2024;3;CENTRO UNIVERSITÁRIO INTERNACIONAL;Redes De Computadores;São Gabriel;2024
1491;1509227;4321501;cadastro_cursos;2;2021;2024;4;CENTRO UNIVERSITÁRIO INTERNACIONAL;Redes De Computadores;Torres;2024
1491;1509227;5106307;cadastro_cursos;2;2022;2024;3;CENTRO UNIVERSITÁRIO INTERNACIONAL;Redes De Computadores;Paranatinga;2024
1491;1509227;5107958;cadastro_cursos;2;2022;2024;3;CENTRO UNIVERSITÁRIO INTERNACIONAL;Redes De Computadores;Tangará da Serra;2024
1491;1509227;5221403;cadastro_cursos;2;2021;2024;4;CENTRO UNIVERSITÁRIO INTERNACIONAL;Redes De Computadores;Trindade;2024
1491;1516586;1500602;cadastro_cursos;2;2021;2024;4;CENTRO UNIVERSITÁRIO INTERNACIONAL;Ciência De Dados;Altamira;2024
1491;1516586;1505502;cadastro_cursos;2;2020;2023;4;CENTRO UNIVERSITÁRIO INTERNACIONAL;Ciência De Dados;Paragominas;2023
1491;1516586;1506187;cadastro_cursos;2;2020;2023;4;CENTRO UNIVERSITÁRIO INTERNACIONAL;Ciência De Dados;Rondon do Pará;2023
1491;1516586;1600501;cadastro_cursos;2;2022;2024;3;CENTRO UNIVERSITÁRIO INTERNACIONAL;Ciência De Dados;Oiapoque;2024
1491;1516586;2906873;cadastro_cursos;2;2022;2024;3;CENTRO UNIVERSITÁRIO INTERNACIONAL;Ciência De Dados;Capim Grosso;2024
1491;1516586;2930105;cadastro_cursos;2;2020;2024;5;CENTRO UNIVERSITÁRIO INTERNACIONAL;Ciência De Dados;Senhor do Bonfim;2024
1491;1516586;2931350;cadastro_cursos;2;2022;2024;3;CENTRO UNIVERSITÁRIO INTERNACIONAL;Ciência De Dados;Teixeira de Freitas;2024
1491;1516586;2932903;cadastro_cursos;2;2021;2023;3;CENTRO UNIVERSITÁRIO INTERNACIONAL;Ciência De Dados;Valença;2023
1491;1516586;3105608;cadastro_cursos;2;2020;2024;5;CENTRO UNIVERSITÁRIO INTERNACIONAL;Ciência De Dados;Barbacena;2024
1491;1516586;3112307;cadastro_cursos;2;2022;2024;3;CENTRO UNIVERSITÁRIO INTERNACIONAL;Ciência De Dados;Capelinha;2024
1491;1516586;3115300;cadastro_cursos;2;2022;2024;3;CENTRO UNIVERSITÁRIO INTERNACIONAL;Ciência De Dados;Cataguases;2024
1491;1516586;3127701;cadastro_cursos;2;2020;2024;5;CENTRO UNIVERSITÁRIO INTERNACIONAL;Ciência De Dados;Governador Valadares;2024
1491;1516586;3148004;cadastro_cursos;2;2020;2023;4;CENTRO UNIVERSITÁRIO INTERNACIONAL;Ciência De Dados;Patos de Minas;2023
1491;1516586;3149309;cadastro_cursos;2;2020;2023;4;CENTRO UNIVERSITÁRIO INTERNACIONAL;Ciência De Dados;Pedro Leopoldo;2023
1491;1516586;3159605;cadastro_cursos;2;2020;2022;3;CENTRO UNIVERSITÁRIO INTERNACIONAL;Ciência De Dados;Santa Rita do Sapucaí;2022
1491;1516586;3169901;cadastro_cursos;2;2022;2024;3;CENTRO UNIVERSITÁRIO INTERNACIONAL;Ciência De Dados;Ubá;2024
1491;1516586;3170701;cadastro_cursos;2;2020;2023;4;CENTRO UNIVERSITÁRIO INTERNACIONAL;Ciência De Dados;Varginha;2023
1491;1516586;3203205;cadastro_cursos;2;2020;2023;4;CENTRO UNIVERSITÁRIO INTERNACIONAL;Ciência De Dados;Linhares;2023
1491;1516586;3300308;cadastro_cursos;2;2020;2024;5;CENTRO UNIVERSITÁRIO INTERNACIONAL;Ciência De Dados;Barra do Piraí;2024
1491;1516586;3300704;cadastro_cursos;2;2020;2022;3;CENTRO UNIVERSITÁRIO INTERNACIONAL;Ciência De Dados;Cabo Frio;2022
1491;1516586;3502101;cadastro_cursos;2;2021;2024;4;CENTRO UNIVERSITÁRIO INTERNACIONAL;Ciência De Dados;Andradina;2024
1491;1516586;3510500;cadastro_cursos;2;2022;2024;3;CENTRO UNIVERSITÁRIO INTERNACIONAL;Ciência De Dados;Caraguatatuba;2024
1491;1516586;3513702;cadastro_cursos;2;2021;2024;4;CENTRO UNIVERSITÁRIO INTERNACIONAL;Ciência De Dados;Descalvado;2024
1491;1516586;3516200;cadastro_cursos;2;2020;2022;3;CENTRO UNIVERSITÁRIO INTERNACIONAL;Ciência De Dados;Franca;2022
1491;1516586;3522604;cadastro_cursos;2;2022;2024;3;CENTRO UNIVERSITÁRIO INTERNACIONAL;Ciência De Dados;Itapira;2024
1491;1516586;3533908;cadastro_cursos;2;2020;2023;4;CENTRO UNIVERSITÁRIO INTERNACIONAL;Ciência De Dados;Olímpia;2023
1491;1516586;3541000;cadastro_cursos;2;2021;2023;3;CENTRO UNIVERSITÁRIO INTERNACIONAL;Ciência De Dados;Praia Grande;2023
1491;1516586;3545506;cadastro_cursos;2;2022;2024;3;CENTRO UNIVERSITÁRIO INTERNACIONAL;Ciência De Dados;Sandovalina;2024
1491;1516586;3548807;cadastro_cursos;2;2020;2022;3;CENTRO UNIVERSITÁRIO INTERNACIONAL;Ciência De Dados;São Caetano do Sul;2022
1491;1516586;3555406;cadastro_cursos;2;2021;2024;4;CENTRO UNIVERSITÁRIO INTERNACIONAL;Ciência De Dados;Ubatuba;2024
1491;1516586;4104709;cadastro_cursos;2;2022;2024;3;CENTRO UNIVERSITÁRIO INTERNACIONAL;Ciência De Dados;Carlópolis;2024
1491;1516586;4107207;cadastro_cursos;2;2021;2023;3;CENTRO UNIVERSITÁRIO INTERNACIONAL;Ciência De Dados;Dois Vizinhos;2023
1491;1516586;4107603;cadastro_cursos;2;2020;2024;5;CENTRO UNIVERSITÁRIO INTERNACIONAL;Ciência De Dados;Faxinal;2024
1491;1516586;4113304;cadastro_cursos;2;2021;2023;3;CENTRO UNIVERSITÁRIO INTERNACIONAL;Ciência De Dados;Laranjeiras do Sul;2023
1491;1516586;4119103;cadastro_cursos;2;2022;2024;3;CENTRO UNIVERSITÁRIO INTERNACIONAL;Ciência De Dados;Piên;2024
1491;1516586;4128104;cadastro_cursos;2;2022;2024;3;CENTRO UNIVERSITÁRIO INTERNACIONAL;Ciência De Dados;Umuarama;2024
1491;1516586;4205803;cadastro_cursos;2;2021;2024;4;CENTRO UNIVERSITÁRIO INTERNACIONAL;Ciência De Dados;Garuva;2024
1491;1516586;4215802;cadastro_cursos;2;2022;2024;3;CENTRO UNIVERSITÁRIO INTERNACIONAL;Ciência De Dados;São Bento do Sul;2024
1491;1516586;4317400;cadastro_cursos;2;2021;2023;3;CENTRO UNIVERSITÁRIO INTERNACIONAL;Ciência De Dados;Santiago;2023
1491;1516586;4318903;cadastro_cursos;2;2020;2024;5;CENTRO UNIVERSITÁRIO INTERNACIONAL;Ciência De Dados;São Luiz Gonzaga;2024
1491;1516586;4321204;cadastro_cursos;2;2022;2024;3;CENTRO UNIVERSITÁRIO INTERNACIONAL;Ciência De Dados;Taquara;2024
1491;1516586;5108402;cadastro_cursos;2;2020;2022;3;CENTRO UNIVERSITÁRIO INTERNACIONAL;Ciência De Dados;Várzea Grande;2022
1491;1517110;1200401;cadastro_cursos;2;2021;2024;4;CENTRO UNIVERSITÁRIO INTERNACIONAL;Desenvolvimento Mobile;Rio Branco;2024
1491;1517110;1400100;cadastro_cursos;2;2022;2024;3;CENTRO UNIVERSITÁRIO INTERNACIONAL;Desenvolvimento Mobile;Boa Vista;2024
1491;1517110;1506195;cadastro_cursos;2;2020;2024;5;CENTRO UNIVERSITÁRIO INTERNACIONAL;Desenvolvimento Mobile;Rurópolis;2024
1491;1517110;2302206;cadastro_cursos;2;2021;2024;4;CENTRO UNIVERSITÁRIO INTERNACIONAL;Desenvolvimento Mobile;Beberibe;2024
1491;1517110;2303709;cadastro_cursos;2;2020;2024;5;CENTRO UNIVERSITÁRIO INTERNACIONAL;Desenvolvimento Mobile;Caucaia;2024
1491;1517110;2408003;cadastro_cursos;2;2022;2024;3;CENTRO UNIVERSITÁRIO INTERNACIONAL;Desenvolvimento Mobile;Mossoró;2024
1491;1517110;2510808;cadastro_cursos;2;2022;2024;3;CENTRO UNIVERSITÁRIO INTERNACIONAL;Desenvolvimento Mobile;Patos;2024
1491;1517110;2905206;cadastro_cursos;2;2021;2024;4;CENTRO UNIVERSITÁRIO INTERNACIONAL;Desenvolvimento Mobile;Caetité;2024
1491;1517110;2915601;cadastro_cursos;2;2020;2024;5;CENTRO UNIVERSITÁRIO INTERNACIONAL;Desenvolvimento Mobile;Itamaraju;2024
1491;1517110;2925204;cadastro_cursos;2;2020;2024;5;CENTRO UNIVERSITÁRIO INTERNACIONAL;Desenvolvimento Mobile;Pojuca;2024
1491;1517110;2932903;cadastro_cursos;2;2022;2024;3;CENTRO UNIVERSITÁRIO INTERNACIONAL;Desenvolvimento Mobile;Valença;2024
1491;1517110;3101607;cadastro_cursos;2;2022;2024;3;CENTRO UNIVERSITÁRIO INTERNACIONAL;Desenvolvimento Mobile;Alfenas;2024
1491;1517110;3106200;cadastro_cursos;2;2020;2022;3;CENTRO UNIVERSITÁRIO INTERNACIONAL;Desenvolvimento Mobile;Belo Horizonte;2022
1491;1517110;3118007;cadastro_cursos;2;2022;2024;3;CENTRO UNIVERSITÁRIO INTERNACIONAL;Desenvolvimento Mobile;Congonhas;2024
1491;1517110;3119401;cadastro_cursos;2;2021;2024;4;CENTRO UNIVERSITÁRIO INTERNACIONAL;Desenvolvimento Mobile;Coronel Fabriciano;2024
1491;1517110;3121605;cadastro_cursos;2;2020;2024;5;CENTRO UNIVERSITÁRIO INTERNACIONAL;Desenvolvimento Mobile;Diamantina;2024
1491;1517110;3127701;cadastro_cursos;2;2021;2024;4;CENTRO UNIVERSITÁRIO INTERNACIONAL;Desenvolvimento Mobile;Governador Valadares;2024
1491;1517110;3133808;cadastro_cursos;2;2021;2024;4;CENTRO UNIVERSITÁRIO INTERNACIONAL;Desenvolvimento Mobile;Itaúna;2024
1491;1517110;3138203;cadastro_cursos;2;2022;2024;3;CENTRO UNIVERSITÁRIO INTERNACIONAL;Desenvolvimento Mobile;Lavras;2024
1491;1517110;3205002;cadastro_cursos;2;2022;2024;3;CENTRO UNIVERSITÁRIO INTERNACIONAL;Desenvolvimento Mobile;Serra;2024
1491;1517110;3205309;cadastro_cursos;2;2020;2024;5;CENTRO UNIVERSITÁRIO INTERNACIONAL;Desenvolvimento Mobile;Vitória;2024
1491;1517110;3300100;cadastro_cursos;2;2021;2024;4;CENTRO UNIVERSITÁRIO INTERNACIONAL;Desenvolvimento Mobile;Angra dos Reis;2024
1491;1517110;3304300;cadastro_cursos;2;2022;2024;3;CENTRO UNIVERSITÁRIO INTERNACIONAL;Desenvolvimento Mobile;Rio Bonito;2024
1491;1517110;3506003;cadastro_cursos;2;2021;2024;4;CENTRO UNIVERSITÁRIO INTERNACIONAL;Desenvolvimento Mobile;Bauru;2024
1491;1517110;3507605;cadastro_cursos;2;2021;2024;4;CENTRO UNIVERSITÁRIO INTERNACIONAL;Desenvolvimento Mobile;Bragança Paulista;2024
1491;1517110;3516408;cadastro_cursos;2;2022;2024;3;CENTRO UNIVERSITÁRIO INTERNACIONAL;Desenvolvimento Mobile;Franco da Rocha;2024
1491;1517110;3522505;cadastro_cursos;2;2022;2024;3;CENTRO UNIVERSITÁRIO INTERNACIONAL;Desenvolvimento Mobile;Itapevi;2024
1491;1517110;3526902;cadastro_cursos;2;2022;2024;3;CENTRO UNIVERSITÁRIO INTERNACIONAL;Desenvolvimento Mobile;Limeira;2024
1491;1517110;3534401;cadastro_cursos;2;2022;2024;3;CENTRO UNIVERSITÁRIO INTERNACIONAL;Desenvolvimento Mobile;Osasco;2024
1491;1517110;3539301;cadastro_cursos;2;2021;2024;4;CENTRO UNIVERSITÁRIO INTERNACIONAL;Desenvolvimento Mobile;Pirassununga;2024
1491;1517110;3541406;cadastro_cursos;2;2022;2024;3;CENTRO UNIVERSITÁRIO INTERNACIONAL;Desenvolvimento Mobile;Presidente Prudente;2024
1491;1517110;3548807;cadastro_cursos;2;2020;2022;3;CENTRO UNIVERSITÁRIO INTERNACIONAL;Desenvolvimento Mobile;São Caetano do Sul;2022
1491;1517110;3551702;cadastro_cursos;2;2022;2024;3;CENTRO UNIVERSITÁRIO INTERNACIONAL;Desenvolvimento Mobile;Sertãozinho;2024
1491;1517110;3552809;cadastro_cursos;2;2021;2024;4;CENTRO UNIVERSITÁRIO INTERNACIONAL;Desenvolvimento Mobile;Taboão da Serra;2024
1491;1517110;4100400;cadastro_cursos;2;2022;2024;3;CENTRO UNIVERSITÁRIO INTERNACIONAL;Desenvolvimento Mobile;Almirante Tamandaré;2024
1491;1517110;4101200;cadastro_cursos;2;2021;2024;4;CENTRO UNIVERSITÁRIO INTERNACIONAL;Desenvolvimento Mobile;Antonina;2024
1491;1517110;4104501;cadastro_cursos;2;2021;2024;4;CENTRO UNIVERSITÁRIO INTERNACIONAL;Desenvolvimento Mobile;Capanema;2024
1491;1517110;4104907;cadastro_cursos;2;2022;2024;3;CENTRO UNIVERSITÁRIO INTERNACIONAL;Desenvolvimento Mobile;Castro;2024
1491;1517110;4108403;cadastro_cursos;2;2020;2024;5;CENTRO UNIVERSITÁRIO INTERNACIONAL;Desenvolvimento Mobile;Francisco Beltrão;2024
1491;1517110;4109708;cadastro_cursos;2;2021;2024;4;CENTRO UNIVERSITÁRIO INTERNACIONAL;Desenvolvimento Mobile;Ibaiti;2024
1491;1517110;4110102;cadastro_cursos;2;2021;2024;4;CENTRO UNIVERSITÁRIO INTERNACIONAL;Desenvolvimento Mobile;Imbituva;2024
1491;1517110;4114302;cadastro_cursos;2;2020;2022;3;CENTRO UNIVERSITÁRIO INTERNACIONAL;Desenvolvimento Mobile;Mandirituba;2022
1491;1517110;4115200;cadastro_cursos;2;2022;2024;3;CENTRO UNIVERSITÁRIO INTERNACIONAL;Desenvolvimento Mobile;Maringá;2024
1491;1517110;4122305;cadastro_cursos;2;2020;2024;5;CENTRO UNIVERSITÁRIO INTERNACIONAL;Desenvolvimento Mobile;Rio Negro;2024
1491;1517110;4202107;cadastro_cursos;2;2021;2024;4;CENTRO UNIVERSITÁRIO INTERNACIONAL;Desenvolvimento Mobile;Barra Velha;2024
1491;1517110;4208906;cadastro_cursos;2;2021;2024;4;CENTRO UNIVERSITÁRIO INTERNACIONAL;Desenvolvimento Mobile;Jaraguá do Sul;2024
1491;1517110;4211306;cadastro_cursos;2;2022;2024;3;CENTRO UNIVERSITÁRIO INTERNACIONAL;Desenvolvimento Mobile;Navegantes;2024
1491;1517110;4211900;cadastro_cursos;2;2020;2024;5;CENTRO UNIVERSITÁRIO INTERNACIONAL;Desenvolvimento Mobile;Palhoça;2024
1491;1517110;4218707;cadastro_cursos;2;2021;2024;4;CENTRO UNIVERSITÁRIO INTERNACIONAL;Desenvolvimento Mobile;Tubarão;2024
1491;1517110;4304705;cadastro_cursos;2;2020;2022;3;CENTRO UNIVERSITÁRIO INTERNACIONAL;Desenvolvimento Mobile;Carazinho;2022
1491;1517110;4306106;cadastro_cursos;2;2022;2024;3;CENTRO UNIVERSITÁRIO INTERNACIONAL;Desenvolvimento Mobile;Cruz Alta;2024
1491;1517110;4313904;cadastro_cursos;2;2022;2024;3;CENTRO UNIVERSITÁRIO INTERNACIONAL;Desenvolvimento Mobile;Panambi;2024
1491;1517110;4321204;cadastro_cursos;2;2022;2024;3;CENTRO UNIVERSITÁRIO INTERNACIONAL;Desenvolvimento Mobile;Taquara;2024
1491;1517110;4323002;cadastro_cursos;2;2022;2024;3;CENTRO UNIVERSITÁRIO INTERNACIONAL;Desenvolvimento Mobile;Viamão;2024
1491;1517110;5002704;cadastro_cursos;2;2022;2024;3;CENTRO UNIVERSITÁRIO INTERNACIONAL;Desenvolvimento Mobile;Campo Grande;2024
1491;1517110;5201108;cadastro_cursos;2;2021;2024;4;CENTRO UNIVERSITÁRIO INTERNACIONAL;Desenvolvimento Mobile;Anápolis;2024
1491;1562652;1100304;cadastro_cursos;2;2022;2024;3;CENTRO UNIVERSITÁRIO INTERNACIONAL;Engenharia De Software;Vilhena;2024
1491;1562652;2904605;cadastro_cursos;2;2022;2024;3;CENTRO UNIVERSITÁRIO INTERNACIONAL;Engenharia De Software;Brumado;2024
1491;1562652;2913507;cadastro_cursos;2;2021;2024;4;CENTRO UNIVERSITÁRIO INTERNACIONAL;Engenharia De Software;Iguaí;2024
1491;1562652;3131703;cadastro_cursos;2;2021;2024;4;CENTRO UNIVERSITÁRIO INTERNACIONAL;Engenharia De Software;Itabira;2024
1491;1562652;3522109;cadastro_cursos;2;2021;2023;3;CENTRO UNIVERSITÁRIO INTERNACIONAL;Engenharia De Software;Itanhaém;2023
1491;1562652;3550100;cadastro_cursos;2;2022;2024;3;CENTRO UNIVERSITÁRIO INTERNACIONAL;Engenharia De Software;São Manuel;2024
1491;1562652;4100509;cadastro_cursos;2;2021;2024;4;CENTRO UNIVERSITÁRIO INTERNACIONAL;Engenharia De Software;Altônia;2024
1491;1562652;4101200;cadastro_cursos;2;2021;2024;4;CENTRO UNIVERSITÁRIO INTERNACIONAL;Engenharia De Software;Antonina;2024
1491;1562652;4102109;cadastro_cursos;2;2022;2024;3;CENTRO UNIVERSITÁRIO INTERNACIONAL;Engenharia De Software;Astorga;2024
1491;1562652;4104253;cadastro_cursos;2;2022;2024;3;CENTRO UNIVERSITÁRIO INTERNACIONAL;Engenharia De Software;Campo Magro;2024
1491;1562652;4104303;cadastro_cursos;2;2022;2024;3;CENTRO UNIVERSITÁRIO INTERNACIONAL;Engenharia De Software;Campo Mourão;2024
1491;1562652;4104709;cadastro_cursos;2;2022;2024;3;CENTRO UNIVERSITÁRIO INTERNACIONAL;Engenharia De Software;Carlópolis;2024
1491;1562652;4117602;cadastro_cursos;2;2022;2024;3;CENTRO UNIVERSITÁRIO INTERNACIONAL;Engenharia De Software;Palmas;2024
1491;1562652;4117800;cadastro_cursos;2;2021;2024;4;CENTRO UNIVERSITÁRIO INTERNACIONAL;Engenharia De Software;Palmital;2024
1491;1562652;4122206;cadastro_cursos;2;2022;2024;3;CENTRO UNIVERSITÁRIO INTERNACIONAL;Engenharia De Software;Rio Branco do Sul;2024
1491;1562652;4123501;cadastro_cursos;2;2022;2024;3;CENTRO UNIVERSITÁRIO INTERNACIONAL;Engenharia De Software;Santa Helena;2024
1491;1562652;4319604;cadastro_cursos;2;2021;2024;4;CENTRO UNIVERSITÁRIO INTERNACIONAL;Engenharia De Software;São Sepé;2024
1491;1562652;5106240;cadastro_cursos;2;2022;2024;3;CENTRO UNIVERSITÁRIO INTERNACIONAL;Engenharia De Software;Nova Ubiratã;2024
15;103228;3303906;antigo;1;2017;2019;3;UNIVERSIDADE CATÓLICA DE PETRÓPOLIS;SISTEMAS DE INFORMAÇÃO;;2019
1508;1453363;2507507;cadastro_cursos;2;2022;2024;3;Centro Universitário Metropolitano de Maringá;Análise E Desenvolvimento De Sistemas;João Pessoa;2024
1508;1457207;4104907;cadastro_cursos;2;2022;2024;3;Centro Universitário Metropolitano de Maringá;Engenharia De Software;Castro;2024
1510;1364620;2102507;cadastro_cursos;2;2022;2024;3;CENTRO UNIVERSITÁRIO ESTÁCIO DE SANTA CATARINA - ESTÁCIO SANTA CATARINA;Análise E Desenvolvimento De Sistemas;Cajari;2024
1510;1364620;2110005;cadastro_cursos;2;2022;2024;3;CENTRO UNIVERSITÁRIO ESTÁCIO DE SANTA CATARINA - ESTÁCIO SANTA CATARINA;Análise E Desenvolvimento De Sistemas;Santa Luzia;2024
1510;1364620;2923100;cadastro_cursos;2;2022;2024;3;CENTRO UNIVERSITÁRIO ESTÁCIO DE SANTA CATARINA - ESTÁCIO SANTA CATARINA;Análise E Desenvolvimento De Sistemas;Olindina;2024
1510;1364620;3120508;cadastro_cursos;2;2022;2024;3;CENTRO UNIVERSITÁRIO ESTÁCIO DE SANTA CATARINA - ESTÁCIO SANTA CATARINA;Análise E Desenvolvimento De Sistemas;Cristina;2024
1510;1364620;3130200;cadastro_cursos;2;2021;2024;4;CENTRO UNIVERSITÁRIO ESTÁCIO DE SANTA CATARINA - ESTÁCIO SANTA CATARINA;Análise E Desenvolvimento De Sistemas;Igaratinga;2024
1510;1364620;3300100;cadastro_cursos;2;2021;2023;3;CENTRO UNIVERSITÁRIO ESTÁCIO DE SANTA CATARINA - ESTÁCIO SANTA CATARINA;Análise E Desenvolvimento De Sistemas;Angra dos Reis;2023
1510;1364620;3530607;cadastro_cursos;2;2020;2022;3;CENTRO UNIVERSITÁRIO ESTÁCIO DE SANTA CATARINA - ESTÁCIO SANTA CATARINA;Análise E Desenvolvimento De Sistemas;Mogi das Cruzes;2022
1510;1364620;3553955;cadastro_cursos;2;2021;2023;3;CENTRO UNIVERSITÁRIO ESTÁCIO DE SANTA CATARINA - ESTÁCIO SANTA CATARINA;Análise E Desenvolvimento De Sistemas;Tarumã;2023
1510;1364620;4308078;cadastro_cursos;2;2021;2024;4;CENTRO UNIVERSITÁRIO ESTÁCIO DE SANTA CATARINA - ESTÁCIO SANTA CATARINA;Análise E Desenvolvimento De Sistemas;Fazenda Vilanova;2024
1510;1364620;4313706;cadastro_cursos;2;2022;2024;3;CENTRO UNIVERSITÁRIO ESTÁCIO DE SANTA CATARINA - ESTÁCIO SANTA CATARINA;Análise E Desenvolvimento De Sistemas;Palmeira das Missões;2024
1510;1364620;5105606;cadastro_cursos;2;2020;2023;4;CENTRO UNIVERSITÁRIO ESTÁCIO DE SANTA CATARINA - ESTÁCIO SANTA CATARINA;Análise E Desenvolvimento De Sistemas;Matupá;2023
1510;1364620;5107065;cadastro_cursos;2;2021;2023;3;CENTRO UNIVERSITÁRIO ESTÁCIO DE SANTA CATARINA - ESTÁCIO SANTA CATARINA;Análise E Desenvolvimento De Sistemas;Querência;2023
1510;1364620;5108956;cadastro_cursos;2;2022;2024;3;CENTRO UNIVERSITÁRIO ESTÁCIO DE SANTA CATARINA - ESTÁCIO SANTA CATARINA;Análise E Desenvolvimento De Sistemas;Nova Monte Verde;2024
1510;1379273;1101492;cadastro_cursos;2;2022;2024;3;CENTRO UNIVERSITÁRIO ESTÁCIO DE SANTA CATARINA - ESTÁCIO SANTA CATARINA;Redes De Computadores;São Francisco do Guaporé;2024
1510;1379273;1504208;cadastro_cursos;2;2022;2024;3;CENTRO UNIVERSITÁRIO ESTÁCIO DE SANTA CATARINA - ESTÁCIO SANTA CATARINA;Redes De Computadores;Marabá;2024
1510;1379273;2301901;cadastro_cursos;2;2022;2024;3;CENTRO UNIVERSITÁRIO ESTÁCIO DE SANTA CATARINA - ESTÁCIO SANTA CATARINA;Redes De Computadores;Barbalha;2024
1510;1379273;2310704;cadastro_cursos;2;2022;2024;3;CENTRO UNIVERSITÁRIO ESTÁCIO DE SANTA CATARINA - ESTÁCIO SANTA CATARINA;Redes De Computadores;Pentecoste;2024
1510;1379273;3202454;cadastro_cursos;2;2022;2024;3;CENTRO UNIVERSITÁRIO ESTÁCIO DE SANTA CATARINA - ESTÁCIO SANTA CATARINA;Redes De Computadores;Ibatiba;2024
1510;1379273;3305554;cadastro_cursos;2;2022;2024;3;CENTRO UNIVERSITÁRIO ESTÁCIO DE SANTA CATARINA - ESTÁCIO SANTA CATARINA;Redes De Computadores;Seropédica;2024
1510;1379280;1101492;cadastro_cursos;2;2022;2024;3;CENTRO UNIVERSITÁRIO ESTÁCIO DE SANTA CATARINA - ESTÁCIO SANTA CATARINA;Gestão Da Tecnologia Da Informação;São Francisco do Guaporé;2024
1510;1379280;1500305;cadastro_cursos;2;2021;2023;3;CENTRO UNIVERSITÁRIO ESTÁCIO DE SANTA CATARINA - ESTÁCIO SANTA CATARINA;Gestão Da Tecnologia Da Informação;Afuá;2023
1510;1379280;1508209;cadastro_cursos;2;2022;2024;3;CENTRO UNIVERSITÁRIO ESTÁCIO DE SANTA CATARINA - ESTÁCIO SANTA CATARINA;Gestão Da Tecnologia Da Informação;Vigia;2024
1510;1379280;2203701;cadastro_cursos;2;2022;2024;3;CENTRO UNIVERSITÁRIO ESTÁCIO DE SANTA CATARINA - ESTÁCIO SANTA CATARINA;Gestão Da Tecnologia Da Informação;Esperantina;2024
1510;1379280;2210607;cadastro_cursos;2;2022;2024;3;CENTRO UNIVERSITÁRIO ESTÁCIO DE SANTA CATARINA - ESTÁCIO SANTA CATARINA;Gestão Da Tecnologia Da Informação;São Raimundo Nonato;2024
1510;1379280;2300754;cadastro_cursos;2;2022;2024;3;CENTRO UNIVERSITÁRIO ESTÁCIO DE SANTA CATARINA - ESTÁCIO SANTA CATARINA;Gestão Da Tecnologia Da Informação;Amontada;2024
1510;1379280;2309607;cadastro_cursos;2;2021;2023;3;CENTRO UNIVERSITÁRIO ESTÁCIO DE SANTA CATARINA - ESTÁCIO SANTA CATARINA;Gestão Da Tecnologia Da Informação;Pacajus;2023
1510;1379280;2313807;cadastro_cursos;2;2020;2024;5;CENTRO UNIVERSITÁRIO ESTÁCIO DE SANTA CATARINA - ESTÁCIO SANTA CATARINA;Gestão Da Tecnologia Da Informação;Uruburetama;2024
1510;1379280;2600104;cadastro_cursos;2;2021;2024;4;CENTRO UNIVERSITÁRIO ESTÁCIO DE SANTA CATARINA - ESTÁCIO SANTA CATARINA;Gestão Da Tecnologia Da Informação;Afogados da Ingazeira;2024
1510;1379280;2613909;cadastro_cursos;2;2022;2024;3;CENTRO UNIVERSITÁRIO ESTÁCIO DE SANTA CATARINA - ESTÁCIO SANTA CATARINA;Gestão Da Tecnologia Da Informação;Serra Talhada;2024
1510;1379280;3112703;cadastro_cursos;2;2022;2024;3;CENTRO UNIVERSITÁRIO ESTÁCIO DE SANTA CATARINA - ESTÁCIO SANTA CATARINA;Gestão Da Tecnologia Da Informação;Capitão Enéas;2024
1510;1379280;3508405;cadastro_cursos;2;2022;2024;3;CENTRO UNIVERSITÁRIO ESTÁCIO DE SANTA CATARINA - ESTÁCIO SANTA CATARINA;Gestão Da Tecnologia Da Informação;Cabreúva;2024
1510;1379280;3509601;cadastro_cursos;2;2022;2024;3;CENTRO UNIVERSITÁRIO ESTÁCIO DE SANTA CATARINA - ESTÁCIO SANTA CATARINA;Gestão Da Tecnologia Da Informação;Campo Limpo Paulista;2024
1510;1379280;4101408;cadastro_cursos;2;2022;2024;3;CENTRO UNIVERSITÁRIO ESTÁCIO DE SANTA CATARINA - ESTÁCIO SANTA CATARINA;Gestão Da Tecnologia Da Informação;Apucarana;2024
1510;1379280;4104907;cadastro_cursos;2;2022;2024;3;CENTRO UNIVERSITÁRIO ESTÁCIO DE SANTA CATARINA - ESTÁCIO SANTA CATARINA;Gestão Da Tecnologia Da Informação;Castro;2024
1510;1379280;4212254;cadastro_cursos;2;2022;2024;3;CENTRO UNIVERSITÁRIO ESTÁCIO DE SANTA CATARINA - ESTÁCIO SANTA CATARINA;Gestão Da Tecnologia Da Informação;Passo de Torres;2024
1510;1379280;4216305;cadastro_cursos;2;2021;2024;4;CENTRO UNIVERSITÁRIO ESTÁCIO DE SANTA CATARINA - ESTÁCIO SANTA CATARINA;Gestão Da Tecnologia Da Informação;São João Batista;2024
1510;1379280;5003207;cadastro_cursos;2;2021;2024;4;CENTRO UNIVERSITÁRIO ESTÁCIO DE SANTA CATARINA - ESTÁCIO SANTA CATARINA;Gestão Da Tecnologia Da Informação;Corumbá;2024
1510;1379280;5003256;cadastro_cursos;2;2022;2024;3;CENTRO UNIVERSITÁRIO ESTÁCIO DE SANTA CATARINA - ESTÁCIO SANTA CATARINA;Gestão Da Tecnologia Da Informação;Costa Rica;2024
1510;1379280;5108956;cadastro_cursos;2;2022;2024;3;CENTRO UNIVERSITÁRIO ESTÁCIO DE SANTA CATARINA - ESTÁCIO SANTA CATARINA;Gestão Da Tecnologia Da Informação;Nova Monte Verde;2024
1510;1379289;1504059;cadastro_cursos;2;2020;2022;3;CENTRO UNIVERSITÁRIO ESTÁCIO DE SANTA CATARINA - ESTÁCIO SANTA CATARINA;Sistemas De Informação;Mãe do Rio;2022
1510;1379289;1508209;cadastro_cursos;2;2021;2024;4;CENTRO UNIVERSITÁRIO ESTÁCIO DE SANTA CATARINA - ESTÁCIO SANTA CATARINA;Sistemas De Informação;Vigia;2024
1510;1379289;2110039;cadastro_cursos;2;2020;2022;3;CENTRO UNIVERSITÁRIO ESTÁCIO DE SANTA CATARINA - ESTÁCIO SANTA CATARINA;Sistemas De Informação;Santa Luzia do Paruá;2022
1510;1379289;2112209;cadastro_cursos;2;2021;2024;4;CENTRO UNIVERSITÁRIO ESTÁCIO DE SANTA CATARINA - ESTÁCIO SANTA CATARINA;Sistemas De Informação;Timon;2024
1510;1379289;2306306;cadastro_cursos;2;2021;2023;3;CENTRO UNIVERSITÁRIO ESTÁCIO DE SANTA CATARINA - ESTÁCIO SANTA CATARINA;Sistemas De Informação;Itapajé;2023
1510;1379289;2309300;cadastro_cursos;2;2022;2024;3;CENTRO UNIVERSITÁRIO ESTÁCIO DE SANTA CATARINA - ESTÁCIO SANTA CATARINA;Sistemas De Informação;Nova Russas;2024
1510;1379289;2409407;cadastro_cursos;2;2021;2024;4;CENTRO UNIVERSITÁRIO ESTÁCIO DE SANTA CATARINA - ESTÁCIO SANTA CATARINA;Sistemas De Informação;Pau dos Ferros;2024
1510;1379289;2506301;cadastro_cursos;2;2021;2023;3;CENTRO UNIVERSITÁRIO ESTÁCIO DE SANTA CATARINA - ESTÁCIO SANTA CATARINA;Sistemas De Informação;Guarabira;2023
1510;1379289;2930808;cadastro_cursos;2;2022;2024;3;CENTRO UNIVERSITÁRIO ESTÁCIO DE SANTA CATARINA - ESTÁCIO SANTA CATARINA;Sistemas De Informação;Souto Soares;2024
1510;1379289;2931350;cadastro_cursos;2;2021;2023;3;CENTRO UNIVERSITÁRIO ESTÁCIO DE SANTA CATARINA - ESTÁCIO SANTA CATARINA;Sistemas De Informação;Teixeira de Freitas;2023
1510;1379289;3111200;cadastro_cursos;2;2022;2024;3;CENTRO UNIVERSITÁRIO ESTÁCIO DE SANTA CATARINA - ESTÁCIO SANTA CATARINA;Sistemas De Informação;Campo Belo;2024
1510;1379289;4115705;cadastro_cursos;2;2022;2024;3;CENTRO UNIVERSITÁRIO ESTÁCIO DE SANTA CATARINA - ESTÁCIO SANTA CATARINA;Sistemas De Informação;Matinhos;2024
1510;1379289;4204301;cadastro_cursos;2;2022;2024;3;CENTRO UNIVERSITÁRIO ESTÁCIO DE SANTA CATARINA - ESTÁCIO SANTA CATARINA;Sistemas De Informação;Concórdia;2024
1510;1379289;4207007;cadastro_cursos;2;2021;2023;3;CENTRO UNIVERSITÁRIO ESTÁCIO DE SANTA CATARINA - ESTÁCIO SANTA CATARINA;Sistemas De Informação;Içara;2023
1510;1379289;4207908;cadastro_cursos;2;2022;2024;3;CENTRO UNIVERSITÁRIO ESTÁCIO DE SANTA CATARINA - ESTÁCIO SANTA CATARINA;Sistemas De Informação;Irineópolis;2024
1510;1379289;4211306;cadastro_cursos;2;2021;2023;3;CENTRO UNIVERSITÁRIO ESTÁCIO DE SANTA CATARINA - ESTÁCIO SANTA CATARINA;Sistemas De Informação;Navegantes;2023
1510;1379289;4217204;cadastro_cursos;2;2022;2024;3;CENTRO UNIVERSITÁRIO ESTÁCIO DE SANTA CATARINA - ESTÁCIO SANTA CATARINA;Sistemas De Informação;São Miguel do Oeste;2024
1510;1379289;5203302;cadastro_cursos;2;2021;2024;4;CENTRO UNIVERSITÁRIO ESTÁCIO DE SANTA CATARINA - ESTÁCIO SANTA CATARINA;Sistemas De Informação;Bela Vista de Goiás;2024
1510;1379289;5220454;cadastro_cursos;2;2022;2024;3;CENTRO UNIVERSITÁRIO ESTÁCIO DE SANTA CATARINA - ESTÁCIO SANTA CATARINA;Sistemas De Informação;Senador Canedo;2024
1510;1457680;1503093;cadastro_cursos;2;2021;2023;3;CENTRO UNIVERSITÁRIO ESTÁCIO DE SANTA CATARINA - ESTÁCIO SANTA CATARINA;Ciência Da Computação;Goianésia do Pará;2023
1510;1457680;1507904;cadastro_cursos;2;2022;2024;3;CENTRO UNIVERSITÁRIO ESTÁCIO DE SANTA CATARINA - ESTÁCIO SANTA CATARINA;Ciência Da Computação;Soure;2024
1510;1457680;1716505;cadastro_cursos;2;2022;2024;3;CENTRO UNIVERSITÁRIO ESTÁCIO DE SANTA CATARINA - ESTÁCIO SANTA CATARINA;Ciência Da Computação;Pedro Afonso;2024
1510;1457680;2301901;cadastro_cursos;2;2022;2024;3;CENTRO UNIVERSITÁRIO ESTÁCIO DE SANTA CATARINA - ESTÁCIO SANTA CATARINA;Ciência Da Computação;Barbalha;2024
1510;1457680;2612208;cadastro_cursos;2;2020;2023;4;CENTRO UNIVERSITÁRIO ESTÁCIO DE SANTA CATARINA - ESTÁCIO SANTA CATARINA;Ciência Da Computação;Salgueiro;2023
1510;1457680;2906600;cadastro_cursos;2;2022;2024;3;CENTRO UNIVERSITÁRIO ESTÁCIO DE SANTA CATARINA - ESTÁCIO SANTA CATARINA;Ciência Da Computação;Candiba;2024
1510;1457680;3139805;cadastro_cursos;2;2022;2024;3;CENTRO UNIVERSITÁRIO ESTÁCIO DE SANTA CATARINA - ESTÁCIO SANTA CATARINA;Ciência Da Computação;Mar de Espanha;2024
1510;1457680;3140506;cadastro_cursos;2;2020;2022;3;CENTRO UNIVERSITÁRIO ESTÁCIO DE SANTA CATARINA - ESTÁCIO SANTA CATARINA;Ciência Da Computação;Martinho Campos;2022
1510;1457680;3300100;cadastro_cursos;2;2021;2023;3;CENTRO UNIVERSITÁRIO ESTÁCIO DE SANTA CATARINA - ESTÁCIO SANTA CATARINA;Ciência Da Computação;Angra dos Reis;2023
1510;1457680;3524808;cadastro_cursos;2;2021;2023;3;CENTRO UNIVERSITÁRIO ESTÁCIO DE SANTA CATARINA - ESTÁCIO SANTA CATARINA;Ciência Da Computação;Jales;2023
1510;1457680;4109807;cadastro_cursos;2;2021;2023;3;CENTRO UNIVERSITÁRIO ESTÁCIO DE SANTA CATARINA - ESTÁCIO SANTA CATARINA;Ciência Da Computação;Ibiporã;2023
1510;1457680;4320859;cadastro_cursos;2;2022;2024;3;CENTRO UNIVERSITÁRIO ESTÁCIO DE SANTA CATARINA - ESTÁCIO SANTA CATARINA;Ciência Da Computação;Tabaí;2024
1510;1457680;5004700;cadastro_cursos;2;2021;2023;3;CENTRO UNIVERSITÁRIO ESTÁCIO DE SANTA CATARINA - ESTÁCIO SANTA CATARINA;Ciência Da Computação;Ivinhema;2023
1510;1457680;5106299;cadastro_cursos;2;2020;2022;3;CENTRO UNIVERSITÁRIO ESTÁCIO DE SANTA CATARINA - ESTÁCIO SANTA CATARINA;Ciência Da Computação;Paranaíta;2022
1510;1485861;2112209;cadastro_cursos;2;2020;2023;4;CENTRO UNIVERSITÁRIO ESTÁCIO DE SANTA CATARINA - ESTÁCIO SANTA CATARINA;Defesa Cibernética;Timon;2023
1510;1485861;2304202;cadastro_cursos;2;2021;2023;3;CENTRO UNIVERSITÁRIO ESTÁCIO DE SANTA CATARINA - ESTÁCIO SANTA CATARINA;Defesa Cibernética;Crato;2023
1510;1485861;3103405;cadastro_cursos;2;2022;2024;3;CENTRO UNIVERSITÁRIO ESTÁCIO DE SANTA CATARINA - ESTÁCIO SANTA CATARINA;Defesa Cibernética;Araçuaí;2024
1510;1485861;3107109;cadastro_cursos;2;2022;2024;3;CENTRO UNIVERSITÁRIO ESTÁCIO DE SANTA CATARINA - ESTÁCIO SANTA CATARINA;Defesa Cibernética;Boa Esperança;2024
1510;1485861;3139409;cadastro_cursos;2;2022;2024;3;CENTRO UNIVERSITÁRIO ESTÁCIO DE SANTA CATARINA - ESTÁCIO SANTA CATARINA;Defesa Cibernética;Manhuaçu;2024
1510;1485861;3201902;cadastro_cursos;2;2021;2024;4;CENTRO UNIVERSITÁRIO ESTÁCIO DE SANTA CATARINA - ESTÁCIO SANTA CATARINA;Defesa Cibernética;Domingos Martins;2024
1510;1485861;3507001;cadastro_cursos;2;2022;2024;3;CENTRO UNIVERSITÁRIO ESTÁCIO DE SANTA CATARINA - ESTÁCIO SANTA CATARINA;Defesa Cibernética;Boituva;2024
1510;1485861;3524808;cadastro_cursos;2;2021;2024;4;CENTRO UNIVERSITÁRIO ESTÁCIO DE SANTA CATARINA - ESTÁCIO SANTA CATARINA;Defesa Cibernética;Jales;2024
1510;1485861;3546306;cadastro_cursos;2;2021;2024;4;CENTRO UNIVERSITÁRIO ESTÁCIO DE SANTA CATARINA - ESTÁCIO SANTA CATARINA;Defesa Cibernética;Santa Cruz das Palmeiras;2024
1510;1485861;4119954;cadastro_cursos;2;2022;2024;3;CENTRO UNIVERSITÁRIO ESTÁCIO DE SANTA CATARINA - ESTÁCIO SANTA CATARINA;Defesa Cibernética;Pontal do Paraná;2024
1510;1485861;4201307;cadastro_cursos;2;2022;2024;3;CENTRO UNIVERSITÁRIO ESTÁCIO DE SANTA CATARINA - ESTÁCIO SANTA CATARINA;Defesa Cibernética;Araquari;2024
1510;1485861;4213609;cadastro_cursos;2;2022;2024;3;CENTRO UNIVERSITÁRIO ESTÁCIO DE SANTA CATARINA - ESTÁCIO SANTA CATARINA;Defesa Cibernética;Porto União;2024
1510;1485861;4312401;cadastro_cursos;2;2022;2024;3;CENTRO UNIVERSITÁRIO ESTÁCIO DE SANTA CATARINA - ESTÁCIO SANTA CATARINA;Defesa Cibernética;Montenegro;2024
1510;1485861;5006606;cadastro_cursos;2;2022;2024;3;CENTRO UNIVERSITÁRIO ESTÁCIO DE SANTA CATARINA - ESTÁCIO SANTA CATARINA;Defesa Cibernética;Ponta Porã;2024
1510;1487952;2309607;cadastro_cursos;2;2021;2024;4;CENTRO UNIVERSITÁRIO ESTÁCIO DE SANTA CATARINA - ESTÁCIO SANTA CATARINA;Banco De Dados;Pacajus;2024
1510;1487952;2702405;cadastro_cursos;2;2022;2024;3;CENTRO UNIVERSITÁRIO ESTÁCIO DE SANTA CATARINA - ESTÁCIO SANTA CATARINA;Banco De Dados;Delmiro Gouveia;2024
1510;1487952;2802908;cadastro_cursos;2;2022;2024;3;CENTRO UNIVERSITÁRIO ESTÁCIO DE SANTA CATARINA - ESTÁCIO SANTA CATARINA;Banco De Dados;Itabaiana;2024
1510;1487952;3138401;cadastro_cursos;2;2022;2024;3;CENTRO UNIVERSITÁRIO ESTÁCIO DE SANTA CATARINA - ESTÁCIO SANTA CATARINA;Banco De Dados;Leopoldina;2024
1510;1487952;3145208;cadastro_cursos;2;2022;2024;3;CENTRO UNIVERSITÁRIO ESTÁCIO DE SANTA CATARINA - ESTÁCIO SANTA CATARINA;Banco De Dados;Nova Serrana;2024
1510;1487952;3203205;cadastro_cursos;2;2021;2024;4;CENTRO UNIVERSITÁRIO ESTÁCIO DE SANTA CATARINA - ESTÁCIO SANTA CATARINA;Banco De Dados;Linhares;2024
1510;1487952;3205200;cadastro_cursos;2;2020;2022;3;CENTRO UNIVERSITÁRIO ESTÁCIO DE SANTA CATARINA - ESTÁCIO SANTA CATARINA;Banco De Dados;Vila Velha;2022
1510;1487952;3507001;cadastro_cursos;2;2022;2024;3;CENTRO UNIVERSITÁRIO ESTÁCIO DE SANTA CATARINA - ESTÁCIO SANTA CATARINA;Banco De Dados;Boituva;2024
1510;1487952;3556206;cadastro_cursos;2;2022;2024;3;CENTRO UNIVERSITÁRIO ESTÁCIO DE SANTA CATARINA - ESTÁCIO SANTA CATARINA;Banco De Dados;Valinhos;2024
1510;1487952;4119954;cadastro_cursos;2;2022;2024;3;CENTRO UNIVERSITÁRIO ESTÁCIO DE SANTA CATARINA - ESTÁCIO SANTA CATARINA;Banco De Dados;Pontal do Paraná;2024
1510;1487977;1506807;cadastro_cursos;2;2021;2024;4;CENTRO UNIVERSITÁRIO ESTÁCIO DE SANTA CATARINA - ESTÁCIO SANTA CATARINA;Sistemas Para Internet;Santarém;2024
1510;1487977;2802908;cadastro_cursos;2;2022;2024;3;CENTRO UNIVERSITÁRIO ESTÁCIO DE SANTA CATARINA - ESTÁCIO SANTA CATARINA;Sistemas Para Internet;Itabaiana;2024
1510;1487977;2927002;cadastro_cursos;2;2022;2024;3;CENTRO UNIVERSITÁRIO ESTÁCIO DE SANTA CATARINA - ESTÁCIO SANTA CATARINA;Sistemas Para Internet;Rio Real;2024
1510;1487977;3133808;cadastro_cursos;2;2022;2024;3;CENTRO UNIVERSITÁRIO ESTÁCIO DE SANTA CATARINA - ESTÁCIO SANTA CATARINA;Sistemas Para Internet;Itaúna;2024
1510;1487977;3170107;cadastro_cursos;2;2022;2024;3;CENTRO UNIVERSITÁRIO ESTÁCIO DE SANTA CATARINA - ESTÁCIO SANTA CATARINA;Sistemas Para Internet;Uberaba;2024
1510;1487977;3536505;cadastro_cursos;2;2022;2024;3;CENTRO UNIVERSITÁRIO ESTÁCIO DE SANTA CATARINA - ESTÁCIO SANTA CATARINA;Sistemas Para Internet;Paulínia;2024
1510;1487977;3550605;cadastro_cursos;2;2022;2024;3;CENTRO UNIVERSITÁRIO ESTÁCIO DE SANTA CATARINA - ESTÁCIO SANTA CATARINA;Sistemas Para Internet;São Roque;2024
1510;1487977;3552403;cadastro_cursos;2;2022;2024;3;CENTRO UNIVERSITÁRIO ESTÁCIO DE SANTA CATARINA - ESTÁCIO SANTA CATARINA;Sistemas Para Internet;Sumaré;2024
1510;1487977;4204301;cadastro_cursos;2;2022;2024;3;CENTRO UNIVERSITÁRIO ESTÁCIO DE SANTA CATARINA - ESTÁCIO SANTA CATARINA;Sistemas Para Internet;Concórdia;2024
1510;1487977;4204608;cadastro_cursos;2;2021;2024;4;CENTRO UNIVERSITÁRIO ESTÁCIO DE SANTA CATARINA - ESTÁCIO SANTA CATARINA;Sistemas Para Internet;Criciúma;2024
1510;1487977;4323002;cadastro_cursos;2;2022;2024;3;CENTRO UNIVERSITÁRIO ESTÁCIO DE SANTA CATARINA - ESTÁCIO SANTA CATARINA;Sistemas Para Internet;Viamão;2024
1510;1487989;1501808;cadastro_cursos;2;2021;2024;4;CENTRO UNIVERSITÁRIO ESTÁCIO DE SANTA CATARINA - ESTÁCIO SANTA CATARINA;Jogos Digitais;Breves;2024
1510;1487989;2301901;cadastro_cursos;2;2022;2024;3;CENTRO UNIVERSITÁRIO ESTÁCIO DE SANTA CATARINA - ESTÁCIO SANTA CATARINA;Jogos Digitais;Barbalha;2024
1510;1487989;2516201;cadastro_cursos;2;2022;2024;3;CENTRO UNIVERSITÁRIO ESTÁCIO DE SANTA CATARINA - ESTÁCIO SANTA CATARINA;Jogos Digitais;Sousa;2024
1510;1487989;2606200;cadastro_cursos;2;2022;2024;3;CENTRO UNIVERSITÁRIO ESTÁCIO DE SANTA CATARINA - ESTÁCIO SANTA CATARINA;Jogos Digitais;Goiana;2024
1510;1487989;2910800;cadastro_cursos;2;2021;2024;4;CENTRO UNIVERSITÁRIO ESTÁCIO DE SANTA CATARINA - ESTÁCIO SANTA CATARINA;Jogos Digitais;Feira de Santana;2024
1510;1487989;3120508;cadastro_cursos;2;2022;2024;3;CENTRO UNIVERSITÁRIO ESTÁCIO DE SANTA CATARINA - ESTÁCIO SANTA CATARINA;Jogos Digitais;Cristina;2024
1510;1487989;3126109;cadastro_cursos;2;2022;2024;3;CENTRO UNIVERSITÁRIO ESTÁCIO DE SANTA CATARINA - ESTÁCIO SANTA CATARINA;Jogos Digitais;Formiga;2024
1510;1487989;3133808;cadastro_cursos;2;2022;2024;3;CENTRO UNIVERSITÁRIO ESTÁCIO DE SANTA CATARINA - ESTÁCIO SANTA CATARINA;Jogos Digitais;Itaúna;2024
1510;1487989;3140704;cadastro_cursos;2;2020;2023;4;CENTRO UNIVERSITÁRIO ESTÁCIO DE SANTA CATARINA - ESTÁCIO SANTA CATARINA;Jogos Digitais;Mateus Leme;2023
1510;1487989;3170107;cadastro_cursos;2;2022;2024;3;CENTRO UNIVERSITÁRIO ESTÁCIO DE SANTA CATARINA - ESTÁCIO SANTA CATARINA;Jogos Digitais;Uberaba;2024
1510;1487989;3505302;cadastro_cursos;2;2021;2024;4;CENTRO UNIVERSITÁRIO ESTÁCIO DE SANTA CATARINA - ESTÁCIO SANTA CATARINA;Jogos Digitais;Barra Bonita;2024
1510;1487989;3522406;cadastro_cursos;2;2022;2024;3;CENTRO UNIVERSITÁRIO ESTÁCIO DE SANTA CATARINA - ESTÁCIO SANTA CATARINA;Jogos Digitais;Itapeva;2024
1510;1487989;3536505;cadastro_cursos;2;2021;2023;3;CENTRO UNIVERSITÁRIO ESTÁCIO DE SANTA CATARINA - ESTÁCIO SANTA CATARINA;Jogos Digitais;Paulínia;2023
1510;1487989;4101804;cadastro_cursos;2;2021;2023;3;CENTRO UNIVERSITÁRIO ESTÁCIO DE SANTA CATARINA - ESTÁCIO SANTA CATARINA;Jogos Digitais;Araucária;2023
1510;1487989;4115200;cadastro_cursos;2;2022;2024;3;CENTRO UNIVERSITÁRIO ESTÁCIO DE SANTA CATARINA - ESTÁCIO SANTA CATARINA;Jogos Digitais;Maringá;2024
1510;1487989;4201406;cadastro_cursos;2;2020;2023;4;CENTRO UNIVERSITÁRIO ESTÁCIO DE SANTA CATARINA - ESTÁCIO SANTA CATARINA;Jogos Digitais;Araranguá;2023
1510;1487989;4218707;cadastro_cursos;2;2022;2024;3;CENTRO UNIVERSITÁRIO ESTÁCIO DE SANTA CATARINA - ESTÁCIO SANTA CATARINA;Jogos Digitais;Tubarão;2024
1510;1487989;4309209;cadastro_cursos;2;2022;2024;3;CENTRO UNIVERSITÁRIO ESTÁCIO DE SANTA CATARINA - ESTÁCIO SANTA CATARINA;Jogos Digitais;Gravataí;2024
1510;1487989;5220454;cadastro_cursos;2;2021;2024;4;CENTRO UNIVERSITÁRIO ESTÁCIO DE SANTA CATARINA - ESTÁCIO SANTA CATARINA;Jogos Digitais;Senador Canedo;2024
1510;1498839;1504802;cadastro_cursos;2;2022;2024;3;CENTRO UNIVERSITÁRIO ESTÁCIO DE SANTA CATARINA - ESTÁCIO SANTA CATARINA;Engenharia De Software;Monte Alegre;2024
1510;1498839;2305233;cadastro_cursos;2;2020;2023;4;CENTRO UNIVERSITÁRIO ESTÁCIO DE SANTA CATARINA - ESTÁCIO SANTA CATARINA;Engenharia De Software;Horizonte;2023
1510;1498839;2406106;cadastro_cursos;2;2021;2024;4;CENTRO UNIVERSITÁRIO ESTÁCIO DE SANTA CATARINA - ESTÁCIO SANTA CATARINA;Engenharia De Software;Jucurutu;2024
1510;1498839;2916401;cadastro_cursos;2;2022;2024;3;CENTRO UNIVERSITÁRIO ESTÁCIO DE SANTA CATARINA - ESTÁCIO SANTA CATARINA;Engenharia De Software;Itapetinga;2024
1510;1498839;2931350;cadastro_cursos;2;2020;2023;4;CENTRO UNIVERSITÁRIO ESTÁCIO DE SANTA CATARINA - ESTÁCIO SANTA CATARINA;Engenharia De Software;Teixeira de Freitas;2023
1510;1498839;3145208;cadastro_cursos;2;2022;2024;3;CENTRO UNIVERSITÁRIO ESTÁCIO DE SANTA CATARINA - ESTÁCIO SANTA CATARINA;Engenharia De Software;Nova Serrana;2024
1510;1498839;3507001;cadastro_cursos;2;2022;2024;3;CENTRO UNIVERSITÁRIO ESTÁCIO DE SANTA CATARINA - ESTÁCIO SANTA CATARINA;Engenharia De Software;Boituva;2024
1510;1498839;4109807;cadastro_cursos;2;2020;2022;3;CENTRO UNIVERSITÁRIO ESTÁCIO DE SANTA CATARINA - ESTÁCIO SANTA CATARINA;Engenharia De Software;Ibiporã;2022
1510;1500138;1505502;cadastro_cursos;2;2020;2022;3;CENTRO UNIVERSITÁRIO ESTÁCIO DE SANTA CATARINA - ESTÁCIO SANTA CATARINA;Ciência De Dados;Paragominas;2022
1510;1500138;2309458;cadastro_cursos;2;2021;2024;4;CENTRO UNIVERSITÁRIO ESTÁCIO DE SANTA CATARINA - ESTÁCIO SANTA CATARINA;Ciência De Dados;Ocara;2024
1510;1500138;2309607;cadastro_cursos;2;2022;2024;3;CENTRO UNIVERSITÁRIO ESTÁCIO DE SANTA CATARINA - ESTÁCIO SANTA CATARINA;Ciência De Dados;Pacajus;2024
1510;1500138;2706307;cadastro_cursos;2;2022;2024;3;CENTRO UNIVERSITÁRIO ESTÁCIO DE SANTA CATARINA - ESTÁCIO SANTA CATARINA;Ciência De Dados;Palmeira dos Índios;2024
1510;1500138;2709301;cadastro_cursos;2;2022;2024;3;CENTRO UNIVERSITÁRIO ESTÁCIO DE SANTA CATARINA - ESTÁCIO SANTA CATARINA;Ciência De Dados;União dos Palmares;2024
1510;1500138;3111200;cadastro_cursos;2;2022;2024;3;CENTRO UNIVERSITÁRIO ESTÁCIO DE SANTA CATARINA - ESTÁCIO SANTA CATARINA;Ciência De Dados;Campo Belo;2024
1510;1500138;3170107;cadastro_cursos;2;2022;2024;3;CENTRO UNIVERSITÁRIO ESTÁCIO DE SANTA CATARINA - ESTÁCIO SANTA CATARINA;Ciência De Dados;Uberaba;2024
1510;1500138;3202454;cadastro_cursos;2;2022;2024;3;CENTRO UNIVERSITÁRIO ESTÁCIO DE SANTA CATARINA - ESTÁCIO SANTA CATARINA;Ciência De Dados;Ibatiba;2024
1510;1500138;3540705;cadastro_cursos;2;2022;2024;3;CENTRO UNIVERSITÁRIO ESTÁCIO DE SANTA CATARINA - ESTÁCIO SANTA CATARINA;Ciência De Dados;Porto Ferreira;2024
1510;1500138;4109708;cadastro_cursos;2;2022;2024;3;CENTRO UNIVERSITÁRIO ESTÁCIO DE SANTA CATARINA - ESTÁCIO SANTA CATARINA;Ciência De Dados;Ibaiti;2024
1510;1500138;4115200;cadastro_cursos;2;2021;2024;4;CENTRO UNIVERSITÁRIO ESTÁCIO DE SANTA CATARINA - ESTÁCIO SANTA CATARINA;Ciência De Dados;Maringá;2024
1510;1500138;4213609;cadastro_cursos;2;2022;2024;3;CENTRO UNIVERSITÁRIO ESTÁCIO DE SANTA CATARINA - ESTÁCIO SANTA CATARINA;Ciência De Dados;Porto União;2024
1510;1517519;2211001;cadastro_cursos;2;2022;2024;3;CENTRO UNIVERSITÁRIO ESTÁCIO DE SANTA CATARINA - ESTÁCIO SANTA CATARINA;Tecnologias Educacionais;Teresina;2024
1510;1517519;2301257;cadastro_cursos;2;2022;2024;3;CENTRO UNIVERSITÁRIO ESTÁCIO DE SANTA CATARINA - ESTÁCIO SANTA CATARINA;Tecnologias Educacionais;Ararendá;2024
1510;1517519;2301901;cadastro_cursos;2;2022;2024;3;CENTRO UNIVERSITÁRIO ESTÁCIO DE SANTA CATARINA - ESTÁCIO SANTA CATARINA;Tecnologias Educacionais;Barbalha;2024
1510;1517519;2706307;cadastro_cursos;2;2022;2024;3;CENTRO UNIVERSITÁRIO ESTÁCIO DE SANTA CATARINA - ESTÁCIO SANTA CATARINA;Tecnologias Educacionais;Palmeira dos Índios;2024
1510;1517519;2804805;cadastro_cursos;2;2022;2024;3;CENTRO UNIVERSITÁRIO ESTÁCIO DE SANTA CATARINA - ESTÁCIO SANTA CATARINA;Tecnologias Educacionais;Nossa Senhora do Socorro;2024
1510;1517519;3138401;cadastro_cursos;2;2021;2024;4;CENTRO UNIVERSITÁRIO ESTÁCIO DE SANTA CATARINA - ESTÁCIO SANTA CATARINA;Tecnologias Educacionais;Leopoldina;2024
1510;1517519;3526902;cadastro_cursos;2;2021;2024;4;CENTRO UNIVERSITÁRIO ESTÁCIO DE SANTA CATARINA - ESTÁCIO SANTA CATARINA;Tecnologias Educacionais;Limeira;2024
1510;1517519;4101804;cadastro_cursos;2;2022;2024;3;CENTRO UNIVERSITÁRIO ESTÁCIO DE SANTA CATARINA - ESTÁCIO SANTA CATARINA;Tecnologias Educacionais;Araucária;2024
1510;1517519;4314902;cadastro_cursos;2;2022;2024;3;CENTRO UNIVERSITÁRIO ESTÁCIO DE SANTA CATARINA - ESTÁCIO SANTA CATARINA;Tecnologias Educacionais;Porto Alegre;2024
1510;1517519;4322400;cadastro_cursos;2;2021;2023;3;CENTRO UNIVERSITÁRIO ESTÁCIO DE SANTA CATARINA - ESTÁCIO SANTA CATARINA;Tecnologias Educacionais;Uruguaiana;2023
1510;1517519;5103403;cadastro_cursos;2;2022;2024;3;CENTRO UNIVERSITÁRIO ESTÁCIO DE SANTA CATARINA - ESTÁCIO SANTA CATARINA;Tecnologias Educacionais;Cuiabá;2024
1510;1517519;5108402;cadastro_cursos;2;2021;2023;3;CENTRO UNIVERSITÁRIO ESTÁCIO DE SANTA CATARINA - ESTÁCIO SANTA CATARINA;Tecnologias Educacionais;Várzea Grande;2023
1510;1599632;1504208;cadastro_cursos;2;2022;2024;3;CENTRO UNIVERSITÁRIO ESTÁCIO DE SANTA CATARINA - ESTÁCIO SANTA CATARINA;Desenvolvimento Full Stack;Marabá;2024
1510;1599632;2706307;cadastro_cursos;2;2022;2024;3;CENTRO UNIVERSITÁRIO ESTÁCIO DE SANTA CATARINA - ESTÁCIO SANTA CATARINA;Desenvolvimento Full Stack;Palmeira dos Índios;2024
1510;1599632;3300803;cadastro_cursos;2;2022;2024;3;CENTRO UNIVERSITÁRIO ESTÁCIO DE SANTA CATARINA - ESTÁCIO SANTA CATARINA;Desenvolvimento Full Stack;Cachoeiras de Macacu;2024
1521;107722;1501402;cadastro_cursos;1;2021;2023;3;FACULDADE ESTÁCIO DE BELÉM - ESTÁCIO BELÉM;Redes De Computadores;Belém;2023
15428;1364434;2408102;cadastro_cursos;1;2021;2023;3;Faculdade UNIRB - NATAL;Defesa Cibernética;Natal;2023
15450;1471682;1300607;cadastro_cursos;2;2022;2024;3;Centro Universitário Única;Análise E Desenvolvimento De Sistemas;Benjamin Constant;2024
15450;1471682;1301803;cadastro_cursos;2;2022;2024;3;Centro Universitário Única;Análise E Desenvolvimento De Sistemas;Ipixuna;2024
15450;1471682;1301902;cadastro_cursos;2;2021;2023;3;Faculdade Única de Ipatinga;Análise E Desenvolvimento De Sistemas;Itacoatiara;2023
15450;1471682;1702208;cadastro_cursos;2;2021;2023;3;Faculdade Única de Ipatinga;Análise E Desenvolvimento De Sistemas;Araguatins;2023
15450;1471682;2603009;cadastro_cursos;2;2021;2024;4;Centro Universitário Única;Análise E Desenvolvimento De Sistemas;Cabrobó;2024
15450;1471682;3106200;cadastro_cursos;2;2021;2024;4;Centro Universitário Única;Análise E Desenvolvimento De Sistemas;Belo Horizonte;2024
15450;1471682;3124005;cadastro_cursos;2;2022;2024;3;Centro Universitário Única;Análise E Desenvolvimento De Sistemas;Ervália;2024
15450;1471682;3131703;cadastro_cursos;2;2022;2024;3;Centro Universitário Única;Análise E Desenvolvimento De Sistemas;Itabira;2024
15450;1471682;3141108;cadastro_cursos;2;2022;2024;3;Centro Universitário Única;Análise E Desenvolvimento De Sistemas;Matozinhos;2024
15450;1471682;3170503;cadastro_cursos;2;2021;2024;4;Centro Universitário Única;Análise E Desenvolvimento De Sistemas;Urucânia;2024
15450;1471682;3203205;cadastro_cursos;2;2021;2023;3;Faculdade Única de Ipatinga;Análise E Desenvolvimento De Sistemas;Linhares;2023
15450;1471682;3508603;cadastro_cursos;2;2021;2024;4;Centro Universitário Única;Análise E Desenvolvimento De Sistemas;Cachoeira Paulista;2024
15450;1471682;5107602;cadastro_cursos;2;2022;2024;3;Centro Universitário Única;Análise E Desenvolvimento De Sistemas;Rondonópolis;2024
15450;1471682;5211503;cadastro_cursos;2;2022;2024;3;Centro Universitário Única;Análise E Desenvolvimento De Sistemas;Itumbiara;2024
15450;1473018;1200450;cadastro_cursos;2;2022;2024;3;Centro Universitário Única;Sistemas Para Internet;Senador Guiomard;2024
15450;1473018;1303502;cadastro_cursos;2;2021;2023;3;Faculdade Única de Ipatinga;Sistemas Para Internet;Pauini;2023
15450;1473018;1501402;cadastro_cursos;2;2021;2024;4;Centro Universitário Única;Sistemas Para Internet;Belém;2024
15450;1473018;2300903;cadastro_cursos;2;2022;2024;3;Centro Universitário Única;Sistemas Para Internet;Apuiarés;2024
15450;1473018;2923605;cadastro_cursos;2;2021;2024;4;Centro Universitário Única;Sistemas Para Internet;Paramirim;2024
15450;1473018;3118601;cadastro_cursos;2;2021;2024;4;Centro Universitário Única;Sistemas Para Internet;Contagem;2024
15450;1473018;3301702;cadastro_cursos;2;2021;2024;4;Centro Universitário Única;Sistemas Para Internet;Duque de Caxias;2024
15859;1439413;4104808;cadastro_cursos;2;2022;2024;3;Faculdade Católica Paulista;Análise E Desenvolvimento De Sistemas;Cascavel;2024
15859;1439413;5219308;cadastro_cursos;2;2021;2023;3;Faculdade Católica Paulista;Análise E Desenvolvimento De Sistemas;Santa Helena de Goiás;2023
163;1119382;1100304;cadastro_cursos;2;2020;2022;3;UNIVERSIDADE ESTÁCIO DE SÁ;Sistemas De Informação;Vilhena;2022
163;1119382;1100320;cadastro_cursos;2;2022;2024;3;UNIVERSIDADE ESTÁCIO DE SÁ;Sistemas De Informação;São Miguel do Guaporé;2024
163;1119382;1503606;cadastro_cursos;2;2022;2024;3;UNIVERSIDADE ESTÁCIO DE SÁ;Sistemas De Informação;Itaituba;2024
163;1119382;2103703;cadastro_cursos;2;2021;2024;4;UNIVERSIDADE ESTÁCIO DE SÁ;Sistemas De Informação;Cururupu;2024
163;1119382;2106631;cadastro_cursos;2;2022;2024;3;UNIVERSIDADE ESTÁCIO DE SÁ;Sistemas De Informação;Matões do Norte;2024
163;1119382;2110500;cadastro_cursos;2;2021;2023;3;UNIVERSIDADE ESTÁCIO DE SÁ;Sistemas De Informação;São Bento;2023
163;1119382;2200400;cadastro_cursos;2;2022;2024;3;UNIVERSIDADE ESTÁCIO DE SÁ;Sistemas De Informação;Altos;2024
163;1119382;2211100;cadastro_cursos;2;2022;2024;3;UNIVERSIDADE ESTÁCIO DE SÁ;Sistemas De Informação;União;2024
163;1119382;2308302;cadastro_cursos;2;2022;2024;3;UNIVERSIDADE ESTÁCIO DE SÁ;Sistemas De Informação;Milagres;2024
163;1119382;2310308;cadastro_cursos;2;2022;2024;3;UNIVERSIDADE ESTÁCIO DE SÁ;Sistemas De Informação;Parambu;2024
163;1119382;2402303;cadastro_cursos;2;2022;2024;3;UNIVERSIDADE ESTÁCIO DE SÁ;Sistemas De Informação;Caraúbas;2024
163;1119382;2403103;cadastro_cursos;2;2020;2023;4;UNIVERSIDADE ESTÁCIO DE SÁ;Sistemas De Informação;Currais Novos;2023
163;1119382;2503704;cadastro_cursos;2;2022;2024;3;UNIVERSIDADE ESTÁCIO DE SÁ;Sistemas De Informação;Cajazeiras;2024
163;1119382;2608909;cadastro_cursos;2;2020;2022;3;UNIVERSIDADE ESTÁCIO DE SÁ;Sistemas De Informação;Limoeiro;2022
163;1119382;2807402;cadastro_cursos;2;2021;2024;4;UNIVERSIDADE ESTÁCIO DE SÁ;Sistemas De Informação;Tobias Barreto;2024
163;1119382;2911600;cadastro_cursos;2;2022;2024;3;UNIVERSIDADE ESTÁCIO DE SÁ;Sistemas De Informação;Governador Mangabeira;2024
163;1119382;2917508;cadastro_cursos;2;2021;2024;4;UNIVERSIDADE ESTÁCIO DE SÁ;Sistemas De Informação;Jacobina;2024
163;1119382;3100609;cadastro_cursos;2;2022;2024;3;UNIVERSIDADE ESTÁCIO DE SÁ;Sistemas De Informação;Água Boa;2024
163;1119382;3139201;cadastro_cursos;2;2020;2022;3;UNIVERSIDADE ESTÁCIO DE SÁ;Sistemas De Informação;Malacacheta;2022
163;1119382;3170008;cadastro_cursos;2;2021;2023;3;UNIVERSIDADE ESTÁCIO DE SÁ;Sistemas De Informação;Ubaí;2023
163;1119382;3200805;cadastro_cursos;2;2022;2024;3;UNIVERSIDADE ESTÁCIO DE SÁ;Sistemas De Informação;Baixo Guandu;2024
163;1119382;3204203;cadastro_cursos;2;2022;2024;3;UNIVERSIDADE ESTÁCIO DE SÁ;Sistemas De Informação;Piúma;2024
163;1119382;3304607;cadastro_cursos;2;2022;2024;3;UNIVERSIDADE ESTÁCIO DE SÁ;Sistemas De Informação;Santa Maria Madalena;2024
163;1119382;3507605;cadastro_cursos;2;2022;2024;3;UNIVERSIDADE ESTÁCIO DE SÁ;Sistemas De Informação;Bragança Paulista;2024
163;1119382;3531506;cadastro_cursos;2;2022;2024;3;UNIVERSIDADE ESTÁCIO DE SÁ;Sistemas De Informação;Monte Azul Paulista;2024
163;1119382;4105508;cadastro_cursos;2;2021;2023;3;UNIVERSIDADE ESTÁCIO DE SÁ;Sistemas De Informação;Cianorte;2023
163;1119382;4118204;cadastro_cursos;2;2021;2024;4;UNIVERSIDADE ESTÁCIO DE SÁ;Sistemas De Informação;Paranaguá;2024
163;1119382;4308508;cadastro_cursos;2;2021;2024;4;UNIVERSIDADE ESTÁCIO DE SÁ;Sistemas De Informação;Frederico Westphalen;2024
163;1119382;4311403;cadastro_cursos;2;2022;2024;3;UNIVERSIDADE ESTÁCIO DE SÁ;Sistemas De Informação;Lajeado;2024
163;1119382;4321501;cadastro_cursos;2;2022;2024;3;UNIVERSIDADE ESTÁCIO DE SÁ;Sistemas De Informação;Torres;2024
163;1119382;5100250;cadastro_cursos;2;2022;2024;3;UNIVERSIDADE ESTÁCIO DE SÁ;Sistemas De Informação;Alta Floresta;2024
163;1119382;5100409;cadastro_cursos;2;2022;2024;3;UNIVERSIDADE ESTÁCIO DE SÁ;Sistemas De Informação;Alto Garças;2024
163;1119382;5106257;cadastro_cursos;2;2021;2024;4;UNIVERSIDADE ESTÁCIO DE SÁ;Sistemas De Informação;Nova Xavantina;2024
163;1119473;1502939;cadastro_cursos;2;2020;2023;4;UNIVERSIDADE ESTÁCIO DE SÁ;Análise E Desenvolvimento De Sistemas;Dom Eliseu;2023
163;1119473;2112704;cadastro_cursos;2;2022;2024;3;UNIVERSIDADE ESTÁCIO DE SÁ;Análise E Desenvolvimento De Sistemas;Vargem Grande;2024
163;1119473;3113701;cadastro_cursos;2;2022;2024;3;UNIVERSIDADE ESTÁCIO DE SÁ;Análise E Desenvolvimento De Sistemas;Carlos Chagas;2024
163;1119473;3139607;cadastro_cursos;2;2020;2022;3;UNIVERSIDADE ESTÁCIO DE SÁ;Análise E Desenvolvimento De Sistemas;Mantena;2022
163;1119473;3161106;cadastro_cursos;2;2021;2023;3;UNIVERSIDADE ESTÁCIO DE SÁ;Análise E Desenvolvimento De Sistemas;São Francisco;2023
163;1119473;3204203;cadastro_cursos;2;2021;2024;4;UNIVERSIDADE ESTÁCIO DE SÁ;Análise E Desenvolvimento De Sistemas;Piúma;2024
163;1119473;3303104;cadastro_cursos;2;2021;2023;3;UNIVERSIDADE ESTÁCIO DE SÁ;Análise E Desenvolvimento De Sistemas;Natividade;2023
163;1119473;3528502;cadastro_cursos;2;2021;2023;3;UNIVERSIDADE ESTÁCIO DE SÁ;Análise E Desenvolvimento De Sistemas;Mairiporã;2023
163;1119473;5101704;cadastro_cursos;2;2021;2023;3;UNIVERSIDADE ESTÁCIO DE SÁ;Análise E Desenvolvimento De Sistemas;Barra do Bugres;2023
163;1119473;5103007;cadastro_cursos;2;2022;2024;3;UNIVERSIDADE ESTÁCIO DE SÁ;Análise E Desenvolvimento De Sistemas;Chapada dos Guimarães;2024
163;1119481;1508050;cadastro_cursos;2;2022;2024;3;UNIVERSIDADE ESTÁCIO DE SÁ;Gestão Da Tecnologia Da Informação;Trairão;2024
163;1119481;2110500;cadastro_cursos;2;2022;2024;3;UNIVERSIDADE ESTÁCIO DE SÁ;Gestão Da Tecnologia Da Informação;São Bento;2024
163;1119481;2112506;cadastro_cursos;2;2022;2024;3;UNIVERSIDADE ESTÁCIO DE SÁ;Gestão Da Tecnologia Da Informação;Tutóia;2024
163;1119481;2112902;cadastro_cursos;2;2022;2024;3;UNIVERSIDADE ESTÁCIO DE SÁ;Gestão Da Tecnologia Da Informação;Vitória do Mearim;2024
163;1119481;2211209;cadastro_cursos;2;2022;2024;3;UNIVERSIDADE ESTÁCIO DE SÁ;Gestão Da Tecnologia Da Informação;Uruçuí;2024
163;1119481;2303501;cadastro_cursos;2;2022;2024;3;UNIVERSIDADE ESTÁCIO DE SÁ;Gestão Da Tecnologia Da Informação;Cascavel;2024
163;1119481;2919553;cadastro_cursos;2;2021;2023;3;UNIVERSIDADE ESTÁCIO DE SÁ;Gestão Da Tecnologia Da Informação;Luís Eduardo Magalhães;2023
163;1119481;2928000;cadastro_cursos;2;2021;2024;4;UNIVERSIDADE ESTÁCIO DE SÁ;Gestão Da Tecnologia Da Informação;Santaluz;2024
163;1119481;3114402;cadastro_cursos;2;2020;2022;3;UNIVERSIDADE ESTÁCIO DE SÁ;Gestão Da Tecnologia Da Informação;Carmo do Rio Claro;2022
163;1119481;3200805;cadastro_cursos;2;2022;2024;3;UNIVERSIDADE ESTÁCIO DE SÁ;Gestão Da Tecnologia Da Informação;Baixo Guandu;2024
163;1119481;3204203;cadastro_cursos;2;2021;2024;4;UNIVERSIDADE ESTÁCIO DE SÁ;Gestão Da Tecnologia Da Informação;Piúma;2024
163;1119481;3302106;cadastro_cursos;2;2022;2024;3;UNIVERSIDADE ESTÁCIO DE SÁ;Gestão Da Tecnologia Da Informação;Itaocara;2024
163;1119481;3305703;cadastro_cursos;2;2022;2024;3;UNIVERSIDADE ESTÁCIO DE SÁ;Gestão Da Tecnologia Da Informação;Sumidouro;2024
163;1119481;3505906;cadastro_cursos;2;2020;2024;5;UNIVERSIDADE ESTÁCIO DE SÁ;Gestão Da Tecnologia Da Informação;Batatais;2024
163;1119481;4128203;cadastro_cursos;2;2020;2022;3;UNIVERSIDADE ESTÁCIO DE SÁ;Gestão Da Tecnologia Da Informação;União da Vitória;2022
163;1119481;5007695;cadastro_cursos;2;2022;2024;3;UNIVERSIDADE ESTÁCIO DE SÁ;Gestão Da Tecnologia Da Informação;São Gabriel do Oeste;2024
163;1119481;5108402;cadastro_cursos;2;2021;2024;4;UNIVERSIDADE ESTÁCIO DE SÁ;Gestão Da Tecnologia Da Informação;Várzea Grande;2024
163;1119481;5208608;cadastro_cursos;2;2022;2024;3;UNIVERSIDADE ESTÁCIO DE SÁ;Gestão Da Tecnologia Da Informação;Goianésia;2024
163;1119481;5208905;cadastro_cursos;2;2021;2024;4;UNIVERSIDADE ESTÁCIO DE SÁ;Gestão Da Tecnologia Da Informação;Goiás;2024
163;1119481;5218003;cadastro_cursos;2;2020;2023;4;UNIVERSIDADE ESTÁCIO DE SÁ;Gestão Da Tecnologia Da Informação;Porangatu;2023
163;1175535;1301902;cadastro_cursos;2;2022;2024;3;UNIVERSIDADE ESTÁCIO DE SÁ;Redes De Computadores;Itacoatiara;2024
163;1175535;2102903;cadastro_cursos;2;2022;2024;3;UNIVERSIDADE ESTÁCIO DE SÁ;Redes De Computadores;Carutapera;2024
163;1175535;2110500;cadastro_cursos;2;2022;2024;3;UNIVERSIDADE ESTÁCIO DE SÁ;Redes De Computadores;São Bento;2024
163;1175535;2412203;cadastro_cursos;2;2022;2024;3;UNIVERSIDADE ESTÁCIO DE SÁ;Redes De Computadores;São José de Mipibu;2024
163;1175535;2606408;cadastro_cursos;2;2022;2024;3;UNIVERSIDADE ESTÁCIO DE SÁ;Redes De Computadores;Gravatá;2024
163;1175535;2608909;cadastro_cursos;2;2022;2024;3;UNIVERSIDADE ESTÁCIO DE SÁ;Redes De Computadores;Limoeiro;2024
163;1175535;2610004;cadastro_cursos;2;2022;2024;3;UNIVERSIDADE ESTÁCIO DE SÁ;Redes De Computadores;Palmares;2024
163;1175535;3305406;cadastro_cursos;2;2022;2024;3;UNIVERSIDADE ESTÁCIO DE SÁ;Redes De Computadores;Sapucaia;2024
163;1175535;3533908;cadastro_cursos;2;2022;2024;3;UNIVERSIDADE ESTÁCIO DE SÁ;Redes De Computadores;Olímpia;2024
163;1175535;3539509;cadastro_cursos;2;2022;2024;3;UNIVERSIDADE ESTÁCIO DE SÁ;Redes De Computadores;Pitangueiras;2024
163;1175535;4114609;cadastro_cursos;2;2022;2024;3;UNIVERSIDADE ESTÁCIO DE SÁ;Redes De Computadores;Marechal Cândido Rondon;2024
163;1175535;5006309;cadastro_cursos;2;2022;2024;3;UNIVERSIDADE ESTÁCIO DE SÁ;Redes De Computadores;Paranaíba;2024
163;1175535;5102504;cadastro_cursos;2;2022;2024;3;UNIVERSIDADE ESTÁCIO DE SÁ;Redes De Computadores;Cáceres;2024
163;1443998;1200104;cadastro_cursos;2;2022;2024;3;UNIVERSIDADE ESTÁCIO DE SÁ;Ciências Da Computação;Brasiléia;2024
163;1443998;1301852;cadastro_cursos;2;2021;2024;4;UNIVERSIDADE ESTÁCIO DE SÁ;Ciências Da Computação;Iranduba;2024
163;1443998;1400472;cadastro_cursos;2;2021;2024;4;UNIVERSIDADE ESTÁCIO DE SÁ;Ciências Da Computação;Rorainópolis;2024
163;1443998;1500503;cadastro_cursos;2;2022;2024;3;UNIVERSIDADE ESTÁCIO DE SÁ;Ciências Da Computação;Almeirim;2024
163;1443998;1505908;cadastro_cursos;2;2020;2023;4;UNIVERSIDADE ESTÁCIO DE SÁ;Ciências Da Computação;Porto de Moz;2023
163;1443998;2211209;cadastro_cursos;2;2022;2024;3;UNIVERSIDADE ESTÁCIO DE SÁ;Ciências Da Computação;Uruçuí;2024
163;1443998;2314003;cadastro_cursos;2;2022;2024;3;UNIVERSIDADE ESTÁCIO DE SÁ;Ciências Da Computação;Várzea Alegre;2024
163;1443998;2601409;cadastro_cursos;2;2022;2024;3;UNIVERSIDADE ESTÁCIO DE SÁ;Ciências Da Computação;Barreiros;2024
163;1443998;2904605;cadastro_cursos;2;2022;2024;3;UNIVERSIDADE ESTÁCIO DE SÁ;Ciências Da Computação;Brumado;2024
163;1443998;2928802;cadastro_cursos;2;2022;2024;3;UNIVERSIDADE ESTÁCIO DE SÁ;Ciências Da Computação;Santo Estêvão;2024
163;1443998;3114402;cadastro_cursos;2;2020;2022;3;UNIVERSIDADE ESTÁCIO DE SÁ;Ciências Da Computação;Carmo do Rio Claro;2022
163;1443998;3136207;cadastro_cursos;2;2021;2023;3;UNIVERSIDADE ESTÁCIO DE SÁ;Ciências Da Computação;João Monlevade;2023
163;1443998;3140803;cadastro_cursos;2;2022;2024;3;UNIVERSIDADE ESTÁCIO DE SÁ;Ciências Da Computação;Matias Barbosa;2024
163;1443998;3145000;cadastro_cursos;2;2021;2023;3;UNIVERSIDADE ESTÁCIO DE SÁ;Ciências Da Computação;Nova Ponte;2023
163;1443998;3304151;cadastro_cursos;2;2022;2024;3;UNIVERSIDADE ESTÁCIO DE SÁ;Ciências Da Computação;Quissamã;2024
163;1443998;3510005;cadastro_cursos;2;2022;2024;3;UNIVERSIDADE ESTÁCIO DE SÁ;Ciências Da Computação;Cândido Mota;2024
163;1443998;3520426;cadastro_cursos;2;2022;2024;3;UNIVERSIDADE ESTÁCIO DE SÁ;Ciências Da Computação;Ilha Comprida;2024
163;1443998;3528502;cadastro_cursos;2;2021;2023;3;UNIVERSIDADE ESTÁCIO DE SÁ;Ciências Da Computação;Mairiporã;2023
163;1443998;4127106;cadastro_cursos;2;2021;2024;4;UNIVERSIDADE ESTÁCIO DE SÁ;Ciências Da Computação;Telêmaco Borba;2024
163;1443998;5007695;cadastro_cursos;2;2022;2024;3;UNIVERSIDADE ESTÁCIO DE SÁ;Ciências Da Computação;São Gabriel do Oeste;2024
163;1443998;5100250;cadastro_cursos;2;2022;2024;3;UNIVERSIDADE ESTÁCIO DE SÁ;Ciências Da Computação;Alta Floresta;2024
163;1443998;5200605;cadastro_cursos;2;2022;2024;3;UNIVERSIDADE ESTÁCIO DE SÁ;Ciências Da Computação;Alto Paraíso de Goiás;2024
163;1485748;1200401;cadastro_cursos;2;2022;2024;3;UNIVERSIDADE ESTÁCIO DE SÁ;Banco De Dados;Rio Branco;2024
163;1485748;1501303;cadastro_cursos;2;2020;2022;3;UNIVERSIDADE ESTÁCIO DE SÁ;Banco De Dados;Barcarena;2022
163;1485748;1600600;cadastro_cursos;2;2022;2024;3;UNIVERSIDADE ESTÁCIO DE SÁ;Banco De Dados;Santana;2024
163;1485748;2103703;cadastro_cursos;2;2022;2024;3;UNIVERSIDADE ESTÁCIO DE SÁ;Banco De Dados;Cururupu;2024
163;1485748;2301000;cadastro_cursos;2;2022;2024;3;UNIVERSIDADE ESTÁCIO DE SÁ;Banco De Dados;Aquiraz;2024
163;1485748;2307304;cadastro_cursos;2;2020;2023;4;UNIVERSIDADE ESTÁCIO DE SÁ;Banco De Dados;Juazeiro do Norte;2023
163;1485748;2601409;cadastro_cursos;2;2022;2024;3;UNIVERSIDADE ESTÁCIO DE SÁ;Banco De Dados;Barreiros;2024
163;1485748;2613701;cadastro_cursos;2;2022;2024;3;UNIVERSIDADE ESTÁCIO DE SÁ;Banco De Dados;São Lourenço da Mata;2024
163;1485748;2914802;cadastro_cursos;2;2022;2024;3;UNIVERSIDADE ESTÁCIO DE SÁ;Banco De Dados;Itabuna;2024
163;1485748;2917508;cadastro_cursos;2;2022;2024;3;UNIVERSIDADE ESTÁCIO DE SÁ;Banco De Dados;Jacobina;2024
163;1485748;2922003;cadastro_cursos;2;2021;2024;4;UNIVERSIDADE ESTÁCIO DE SÁ;Banco De Dados;Mucuri;2024
163;1485748;3131307;cadastro_cursos;2;2020;2023;4;UNIVERSIDADE ESTÁCIO DE SÁ;Banco De Dados;Ipatinga;2023
163;1485748;3300233;cadastro_cursos;2;2021;2023;3;UNIVERSIDADE ESTÁCIO DE SÁ;Banco De Dados;Armação dos Búzios;2023
163;1485748;3300506;cadastro_cursos;2;2022;2024;3;UNIVERSIDADE ESTÁCIO DE SÁ;Banco De Dados;Bom Jardim;2024
163;1485748;3301850;cadastro_cursos;2;2021;2024;4;UNIVERSIDADE ESTÁCIO DE SÁ;Banco De Dados;Guapimirim;2024
163;1485748;3551504;cadastro_cursos;2;2022;2024;3;UNIVERSIDADE ESTÁCIO DE SÁ;Banco De Dados;Serrana;2024
163;1485748;4118204;cadastro_cursos;2;2022;2024;3;UNIVERSIDADE ESTÁCIO DE SÁ;Banco De Dados;Paranaguá;2024
163;1485748;5006200;cadastro_cursos;2;2022;2024;3;UNIVERSIDADE ESTÁCIO DE SÁ;Banco De Dados;Nova Andradina;2024
163;1485748;5208905;cadastro_cursos;2;2022;2024;3;UNIVERSIDADE ESTÁCIO DE SÁ;Banco De Dados;Goiás;2024
163;1485748;5218805;cadastro_cursos;2;2021;2024;4;UNIVERSIDADE ESTÁCIO DE SÁ;Banco De Dados;Rio Verde;2024
163;1485749;1100114;cadastro_cursos;2;2022;2024;3;UNIVERSIDADE ESTÁCIO DE SÁ;Jogos Digitais;Jaru;2024
163;1485749;1100122;cadastro_cursos;2;2022;2024;3;UNIVERSIDADE ESTÁCIO DE SÁ;Jogos Digitais;Ji-Paraná;2024
163;1485749;1100288;cadastro_cursos;2;2022;2024;3;UNIVERSIDADE ESTÁCIO DE SÁ;Jogos Digitais;Rolim de Moura;2024
163;1485749;1200401;cadastro_cursos;2;2022;2024;3;UNIVERSIDADE ESTÁCIO DE SÁ;Jogos Digitais;Rio Branco;2024
163;1485749;1502202;cadastro_cursos;2;2021;2024;4;UNIVERSIDADE ESTÁCIO DE SÁ;Jogos Digitais;Capanema;2024
163;1485749;1506203;cadastro_cursos;2;2022;2024;3;UNIVERSIDADE ESTÁCIO DE SÁ;Jogos Digitais;Salinópolis;2024
163;1485749;2314003;cadastro_cursos;2;2022;2024;3;UNIVERSIDADE ESTÁCIO DE SÁ;Jogos Digitais;Várzea Alegre;2024
163;1485749;2604007;cadastro_cursos;2;2022;2024;3;UNIVERSIDADE ESTÁCIO DE SÁ;Jogos Digitais;Carpina;2024
163;1485749;2807402;cadastro_cursos;2;2022;2024;3;UNIVERSIDADE ESTÁCIO DE SÁ;Jogos Digitais;Tobias Barreto;2024
163;1485749;2900702;cadastro_cursos;2;2022;2024;3;UNIVERSIDADE ESTÁCIO DE SÁ;Jogos Digitais;Alagoinhas;2024
163;1485749;3127107;cadastro_cursos;2;2022;2024;3;UNIVERSIDADE ESTÁCIO DE SÁ;Jogos Digitais;Frutal;2024
163;1485749;3154002;cadastro_cursos;2;2022;2024;3;UNIVERSIDADE ESTÁCIO DE SÁ;Jogos Digitais;Raul Soares;2024
163;1485749;3158300;cadastro_cursos;2;2022;2024;3;UNIVERSIDADE ESTÁCIO DE SÁ;Jogos Digitais;Santana da Vargem;2024
163;1485749;3159605;cadastro_cursos;2;2021;2024;4;UNIVERSIDADE ESTÁCIO DE SÁ;Jogos Digitais;Santa Rita do Sapucaí;2024
163;1485749;3303856;cadastro_cursos;2;2022;2024;3;UNIVERSIDADE ESTÁCIO DE SÁ;Jogos Digitais;Paty do Alferes;2024
163;1485749;3304110;cadastro_cursos;2;2022;2024;3;UNIVERSIDADE ESTÁCIO DE SÁ;Jogos Digitais;Porto Real;2024
163;1485749;3304144;cadastro_cursos;2;2022;2024;3;UNIVERSIDADE ESTÁCIO DE SÁ;Jogos Digitais;Queimados;2024
163;1485749;3304706;cadastro_cursos;2;2021;2023;3;UNIVERSIDADE ESTÁCIO DE SÁ;Jogos Digitais;Santo Antônio de Pádua;2023
163;1485749;3306206;cadastro_cursos;2;2021;2024;4;UNIVERSIDADE ESTÁCIO DE SÁ;Jogos Digitais;Vassouras;2024
163;1485749;3505906;cadastro_cursos;2;2022;2024;3;UNIVERSIDADE ESTÁCIO DE SÁ;Jogos Digitais;Batatais;2024
163;1485749;3510500;cadastro_cursos;2;2020;2023;4;UNIVERSIDADE ESTÁCIO DE SÁ;Jogos Digitais;Caraguatatuba;2023
163;1485749;3530607;cadastro_cursos;2;2022;2024;3;UNIVERSIDADE ESTÁCIO DE SÁ;Jogos Digitais;Mogi das Cruzes;2024
163;1485749;3548807;cadastro_cursos;2;2020;2022;3;UNIVERSIDADE ESTÁCIO DE SÁ;Jogos Digitais;São Caetano do Sul;2022
163;1485749;4115200;cadastro_cursos;2;2021;2023;3;UNIVERSIDADE ESTÁCIO DE SÁ;Jogos Digitais;Maringá;2023
163;1485749;4119905;cadastro_cursos;2;2021;2023;3;UNIVERSIDADE ESTÁCIO DE SÁ;Jogos Digitais;Ponta Grossa;2023
163;1485749;4308508;cadastro_cursos;2;2022;2024;3;UNIVERSIDADE ESTÁCIO DE SÁ;Jogos Digitais;Frederico Westphalen;2024
163;1485749;4314407;cadastro_cursos;2;2021;2024;4;UNIVERSIDADE ESTÁCIO DE SÁ;Jogos Digitais;Pelotas;2024
163;1485749;4317202;cadastro_cursos;2;2022;2024;3;UNIVERSIDADE ESTÁCIO DE SÁ;Jogos Digitais;Santa Rosa;2024
163;1485749;5100409;cadastro_cursos;2;2022;2024;3;UNIVERSIDADE ESTÁCIO DE SÁ;Jogos Digitais;Alto Garças;2024
163;1485749;5205497;cadastro_cursos;2;2022;2024;3;UNIVERSIDADE ESTÁCIO DE SÁ;Jogos Digitais;Cidade Ocidental;2024
163;1485750;2303501;cadastro_cursos;2;2021;2024;4;UNIVERSIDADE ESTÁCIO DE SÁ;Sistemas Para Internet;Cascavel;2024
163;1485750;2304285;cadastro_cursos;2;2022;2024;3;UNIVERSIDADE ESTÁCIO DE SÁ;Sistemas Para Internet;Eusébio;2024
163;1485750;2309409;cadastro_cursos;2;2021;2024;4;UNIVERSIDADE ESTÁCIO DE SÁ;Sistemas Para Internet;Novo Oriente;2024
163;1485750;2603454;cadastro_cursos;2;2022;2024;3;UNIVERSIDADE ESTÁCIO DE SÁ;Sistemas Para Internet;Camaragibe;2024
163;1485750;2906873;cadastro_cursos;2;2022;2024;3;UNIVERSIDADE ESTÁCIO DE SÁ;Sistemas Para Internet;Capim Grosso;2024
163;1485750;2926608;cadastro_cursos;2;2022;2024;3;UNIVERSIDADE ESTÁCIO DE SÁ;Sistemas Para Internet;Ribeira do Pombal;2024
163;1485750;2933307;cadastro_cursos;2;2022;2024;3;UNIVERSIDADE ESTÁCIO DE SÁ;Sistemas Para Internet;Vitória da Conquista;2024
163;1485750;3136207;cadastro_cursos;2;2021;2024;4;UNIVERSIDADE ESTÁCIO DE SÁ;Sistemas Para Internet;João Monlevade;2024
163;1485750;3148103;cadastro_cursos;2;2022;2024;3;UNIVERSIDADE ESTÁCIO DE SÁ;Sistemas Para Internet;Patrocínio;2024
163;1485750;3163706;cadastro_cursos;2;2021;2023;3;UNIVERSIDADE ESTÁCIO DE SÁ;Sistemas Para Internet;São Lourenço;2023
163;1485750;3201308;cadastro_cursos;2;2020;2022;3;UNIVERSIDADE ESTÁCIO DE SÁ;Sistemas Para Internet;Cariacica;2022
163;1485750;3300225;cadastro_cursos;2;2022;2024;3;UNIVERSIDADE ESTÁCIO DE SÁ;Sistemas Para Internet;Areal;2024
163;1485750;3300308;cadastro_cursos;2;2022;2024;3;UNIVERSIDADE ESTÁCIO DE SÁ;Sistemas Para Internet;Barra do Piraí;2024
163;1485750;3302858;cadastro_cursos;2;2021;2023;3;UNIVERSIDADE ESTÁCIO DE SÁ;Sistemas Para Internet;Mesquita;2023
163;1485750;3303609;cadastro_cursos;2;2021;2023;3;UNIVERSIDADE ESTÁCIO DE SÁ;Sistemas Para Internet;Paracambi;2023
163;1485750;3306008;cadastro_cursos;2;2020;2022;3;UNIVERSIDADE ESTÁCIO DE SÁ;Sistemas Para Internet;Três Rios;2022
163;1485750;3510500;cadastro_cursos;2;2020;2023;4;UNIVERSIDADE ESTÁCIO DE SÁ;Sistemas Para Internet;Caraguatatuba;2023
163;1485750;4218004;cadastro_cursos;2;2022;2024;3;UNIVERSIDADE ESTÁCIO DE SÁ;Sistemas Para Internet;Tijucas;2024
163;1485750;4304606;cadastro_cursos;2;2022;2024;3;UNIVERSIDADE ESTÁCIO DE SÁ;Sistemas Para Internet;Canoas;2024
163;1485750;4309209;cadastro_cursos;2;2021;2023;3;UNIVERSIDADE ESTÁCIO DE SÁ;Sistemas Para Internet;Gravataí;2023
163;1485750;4323804;cadastro_cursos;2;2022;2024;3;UNIVERSIDADE ESTÁCIO DE SÁ;Sistemas Para Internet;Xangri-lá;2024
163;1485750;5107958;cadastro_cursos;2;2021;2024;4;UNIVERSIDADE ESTÁCIO DE SÁ;Sistemas Para Internet;Tangará da Serra;2024
163;1485750;5201108;cadastro_cursos;2;2021;2024;4;UNIVERSIDADE ESTÁCIO DE SÁ;Sistemas Para Internet;Anápolis;2024
163;1485772;1100320;cadastro_cursos;2;2021;2024;4;UNIVERSIDADE ESTÁCIO DE SÁ;Defesa Cibernética;São Miguel do Guaporé;2024
163;1485772;1501303;cadastro_cursos;2;2020;2024;5;UNIVERSIDADE ESTÁCIO DE SÁ;Defesa Cibernética;Barcarena;2024
163;1485772;1716109;cadastro_cursos;2;2022;2024;3;UNIVERSIDADE ESTÁCIO DE SÁ;Defesa Cibernética;Paraíso do Tocantins;2024
163;1485772;2105302;cadastro_cursos;2;2020;2022;3;UNIVERSIDADE ESTÁCIO DE SÁ;Defesa Cibernética;Imperatriz;2022
163;1485772;2110609;cadastro_cursos;2;2022;2024;3;UNIVERSIDADE ESTÁCIO DE SÁ;Defesa Cibernética;São Bernardo;2024
163;1485772;2207702;cadastro_cursos;2;2020;2024;5;UNIVERSIDADE ESTÁCIO DE SÁ;Defesa Cibernética;Parnaíba;2024
163;1485772;2303105;cadastro_cursos;2;2021;2023;3;UNIVERSIDADE ESTÁCIO DE SÁ;Defesa Cibernética;Cariré;2023
163;1485772;2312700;cadastro_cursos;2;2022;2024;3;UNIVERSIDADE ESTÁCIO DE SÁ;Defesa Cibernética;Senador Pompeu;2024
163;1485772;2602902;cadastro_cursos;2;2022;2024;3;UNIVERSIDADE ESTÁCIO DE SÁ;Defesa Cibernética;Cabo de Santo Agostinho;2024
163;1485772;2603454;cadastro_cursos;2;2020;2022;3;UNIVERSIDADE ESTÁCIO DE SÁ;Defesa Cibernética;Camaragibe;2022
163;1485772;2906501;cadastro_cursos;2;2020;2024;5;UNIVERSIDADE ESTÁCIO DE SÁ;Defesa Cibernética;Candeias;2024
163;1485772;2910727;cadastro_cursos;2;2022;2024;3;UNIVERSIDADE ESTÁCIO DE SÁ;Defesa Cibernética;Eunápolis;2024
163;1485772;2933307;cadastro_cursos;2;2021;2024;4;UNIVERSIDADE ESTÁCIO DE SÁ;Defesa Cibernética;Vitória da Conquista;2024
163;1485772;3160702;cadastro_cursos;2;2022;2024;3;UNIVERSIDADE ESTÁCIO DE SÁ;Defesa Cibernética;Santos Dumont;2024
163;1485772;3201506;cadastro_cursos;2;2020;2024;5;UNIVERSIDADE ESTÁCIO DE SÁ;Defesa Cibernética;Colatina;2024
163;1485772;3300225;cadastro_cursos;2;2022;2024;3;UNIVERSIDADE ESTÁCIO DE SÁ;Defesa Cibernética;Areal;2024
163;1485772;3302270;cadastro_cursos;2;2022;2024;3;UNIVERSIDADE ESTÁCIO DE SÁ;Defesa Cibernética;Japeri;2024
163;1485772;3305000;cadastro_cursos;2;2022;2024;3;UNIVERSIDADE ESTÁCIO DE SÁ;Defesa Cibernética;São João da Barra;2024
163;1485772;3501905;cadastro_cursos;2;2020;2022;3;UNIVERSIDADE ESTÁCIO DE SÁ;Defesa Cibernética;Amparo;2022
163;1485772;3528403;cadastro_cursos;2;2021;2023;3;UNIVERSIDADE ESTÁCIO DE SÁ;Defesa Cibernética;Mairinque;2023
163;1485772;3533908;cadastro_cursos;2;2021;2024;4;UNIVERSIDADE ESTÁCIO DE SÁ;Defesa Cibernética;Olímpia;2024
163;1485772;4127106;cadastro_cursos;2;2020;2023;4;UNIVERSIDADE ESTÁCIO DE SÁ;Defesa Cibernética;Telêmaco Borba;2023
163;1485772;4204202;cadastro_cursos;2;2022;2024;3;UNIVERSIDADE ESTÁCIO DE SÁ;Defesa Cibernética;Chapecó;2024
163;1485772;4214805;cadastro_cursos;2;2021;2023;3;UNIVERSIDADE ESTÁCIO DE SÁ;Defesa Cibernética;Rio do Sul;2023
163;1485772;4301602;cadastro_cursos;2;2022;2024;3;UNIVERSIDADE ESTÁCIO DE SÁ;Defesa Cibernética;Bagé;2024
163;1485772;4323804;cadastro_cursos;2;2022;2024;3;UNIVERSIDADE ESTÁCIO DE SÁ;Defesa Cibernética;Xangri-lá;2024
163;1485772;5003207;cadastro_cursos;2;2021;2024;4;UNIVERSIDADE ESTÁCIO DE SÁ;Defesa Cibernética;Corumbá;2024
163;1485772;5205497;cadastro_cursos;2;2022;2024;3;UNIVERSIDADE ESTÁCIO DE SÁ;Defesa Cibernética;Cidade Ocidental;2024
163;1498018;1100114;cadastro_cursos;2;2022;2024;3;UNIVERSIDADE ESTÁCIO DE SÁ;Engenharia De Software;Jaru;2024
163;1498018;1503606;cadastro_cursos;2;2020;2022;3;UNIVERSIDADE ESTÁCIO DE SÁ;Engenharia De Software;Itaituba;2022
163;1498018;2106326;cadastro_cursos;2;2021;2024;4;UNIVERSIDADE ESTÁCIO DE SÁ;Engenharia De Software;Maracaçumé;2024
163;1498018;2106631;cadastro_cursos;2;2022;2024;3;UNIVERSIDADE ESTÁCIO DE SÁ;Engenharia De Software;Matões do Norte;2024
163;1498018;2312908;cadastro_cursos;2;2020;2022;3;UNIVERSIDADE ESTÁCIO DE SÁ;Engenharia De Software;Sobral;2022
163;1498018;2408300;cadastro_cursos;2;2022;2024;3;UNIVERSIDADE ESTÁCIO DE SÁ;Engenharia De Software;Nova Cruz;2024
163;1498018;2926004;cadastro_cursos;2;2021;2023;3;UNIVERSIDADE ESTÁCIO DE SÁ;Engenharia De Software;Remanso;2023
163;1498018;2928604;cadastro_cursos;2;2021;2023;3;UNIVERSIDADE ESTÁCIO DE SÁ;Engenharia De Software;Santo Amaro;2023
163;1498018;3203007;cadastro_cursos;2;2022;2024;3;UNIVERSIDADE ESTÁCIO DE SÁ;Engenharia De Software;Iúna;2024
163;1498018;3203908;cadastro_cursos;2;2021;2023;3;UNIVERSIDADE ESTÁCIO DE SÁ;Engenharia De Software;Nova Venécia;2023
163;1498018;3300605;cadastro_cursos;2;2020;2022;3;UNIVERSIDADE ESTÁCIO DE SÁ;Engenharia De Software;Bom Jesus do Itabapoana;2022
163;1498018;4114609;cadastro_cursos;2;2021;2023;3;UNIVERSIDADE ESTÁCIO DE SÁ;Engenharia De Software;Marechal Cândido Rondon;2023
163;1498018;4321501;cadastro_cursos;2;2022;2024;3;UNIVERSIDADE ESTÁCIO DE SÁ;Engenharia De Software;Torres;2024
163;1498018;5205497;cadastro_cursos;2;2020;2023;4;UNIVERSIDADE ESTÁCIO DE SÁ;Engenharia De Software;Cidade Ocidental;2023
163;1498018;5215231;cadastro_cursos;2;2022;2024;3;UNIVERSIDADE ESTÁCIO DE SÁ;Engenharia De Software;Novo Gama;2024
163;1516694;1400472;cadastro_cursos;2;2022;2024;3;UNIVERSIDADE ESTÁCIO DE SÁ;Tecnologias Educacionais;Rorainópolis;2024
163;1516694;2106326;cadastro_cursos;2;2022;2024;3;UNIVERSIDADE ESTÁCIO DE SÁ;Tecnologias Educacionais;Maracaçumé;2024
163;1516694;2613701;cadastro_cursos;2;2022;2024;3;UNIVERSIDADE ESTÁCIO DE SÁ;Tecnologias Educacionais;São Lourenço da Mata;2024
163;1516694;2914703;cadastro_cursos;2;2020;2023;4;UNIVERSIDADE ESTÁCIO DE SÁ;Tecnologias Educacionais;Itaberaba;2023
163;1516694;3129806;cadastro_cursos;2;2021;2023;3;UNIVERSIDADE ESTÁCIO DE SÁ;Tecnologias Educacionais;Ibirité;2023
163;1516694;3130101;cadastro_cursos;2;2022;2024;3;UNIVERSIDADE ESTÁCIO DE SÁ;Tecnologias Educacionais;Igarapé;2024
163;1516694;3162500;cadastro_cursos;2;2021;2024;4;UNIVERSIDADE ESTÁCIO DE SÁ;Tecnologias Educacionais;São João del Rei;2024
163;1516694;3201506;cadastro_cursos;2;2021;2024;4;UNIVERSIDADE ESTÁCIO DE SÁ;Tecnologias Educacionais;Colatina;2024
163;1516694;3300308;cadastro_cursos;2;2022;2024;3;UNIVERSIDADE ESTÁCIO DE SÁ;Tecnologias Educacionais;Barra do Piraí;2024
163;1516694;3304524;cadastro_cursos;2;2020;2022;3;UNIVERSIDADE ESTÁCIO DE SÁ;Tecnologias Educacionais;Rio das Ostras;2022
163;1516694;3305208;cadastro_cursos;2;2022;2024;3;UNIVERSIDADE ESTÁCIO DE SÁ;Tecnologias Educacionais;São Pedro da Aldeia;2024
163;1516694;3513009;cadastro_cursos;2;2022;2024;3;UNIVERSIDADE ESTÁCIO DE SÁ;Tecnologias Educacionais;Cotia;2024
163;1516694;3543402;cadastro_cursos;2;2022;2024;3;UNIVERSIDADE ESTÁCIO DE SÁ;Tecnologias Educacionais;Ribeirão Preto;2024
163;1516694;4127106;cadastro_cursos;2;2021;2023;3;UNIVERSIDADE ESTÁCIO DE SÁ;Tecnologias Educacionais;Telêmaco Borba;2023
163;1516694;4205407;cadastro_cursos;2;2022;2024;3;UNIVERSIDADE ESTÁCIO DE SÁ;Tecnologias Educacionais;Florianópolis;2024
163;1516694;4302105;cadastro_cursos;2;2021;2024;4;UNIVERSIDADE ESTÁCIO DE SÁ;Tecnologias Educacionais;Bento Gonçalves;2024
163;1516694;4303103;cadastro_cursos;2;2022;2024;3;UNIVERSIDADE ESTÁCIO DE SÁ;Tecnologias Educacionais;Cachoeirinha;2024
163;1516694;4309209;cadastro_cursos;2;2022;2024;3;UNIVERSIDADE ESTÁCIO DE SÁ;Tecnologias Educacionais;Gravataí;2024
163;1516694;4313409;cadastro_cursos;2;2022;2024;3;UNIVERSIDADE ESTÁCIO DE SÁ;Tecnologias Educacionais;Novo Hamburgo;2024
163;1516694;4317202;cadastro_cursos;2;2021;2023;3;UNIVERSIDADE ESTÁCIO DE SÁ;Tecnologias Educacionais;Santa Rosa;2023
163;1516694;5003306;cadastro_cursos;2;2022;2024;3;UNIVERSIDADE ESTÁCIO DE SÁ;Tecnologias Educacionais;Coxim;2024
163;1516694;5201405;cadastro_cursos;2;2022;2024;3;UNIVERSIDADE ESTÁCIO DE SÁ;Tecnologias Educacionais;Aparecida de Goiânia;2024
163;1518220;1100189;cadastro_cursos;2;2021;2023;3;UNIVERSIDADE ESTÁCIO DE SÁ;Ciência De Dados;Pimenta Bueno;2023
163;1518220;1300144;cadastro_cursos;2;2022;2024;3;UNIVERSIDADE ESTÁCIO DE SÁ;Ciência De Dados;Apuí;2024
163;1518220;1502400;cadastro_cursos;2;2022;2024;3;UNIVERSIDADE ESTÁCIO DE SÁ;Ciência De Dados;Castanhal;2024
163;1518220;1600600;cadastro_cursos;2;2020;2022;3;UNIVERSIDADE ESTÁCIO DE SÁ;Ciência De Dados;Santana;2022
163;1518220;2608909;cadastro_cursos;2;2022;2024;3;UNIVERSIDADE ESTÁCIO DE SÁ;Ciência De Dados;Limoeiro;2024
163;1518220;2908408;cadastro_cursos;2;2021;2023;3;UNIVERSIDADE ESTÁCIO DE SÁ;Ciência De Dados;Conceição do Coité;2023
163;1518220;2919926;cadastro_cursos;2;2022;2024;3;UNIVERSIDADE ESTÁCIO DE SÁ;Ciência De Dados;Madre de Deus;2024
163;1518220;2924009;cadastro_cursos;2;2021;2024;4;UNIVERSIDADE ESTÁCIO DE SÁ;Ciência De Dados;Paulo Afonso;2024
163;1518220;3113404;cadastro_cursos;2;2022;2024;3;UNIVERSIDADE ESTÁCIO DE SÁ;Ciência De Dados;Caratinga;2024
163;1518220;3304805;cadastro_cursos;2;2022;2024;3;UNIVERSIDADE ESTÁCIO DE SÁ;Ciência De Dados;São Fidélis;2024
163;1518220;4306106;cadastro_cursos;2;2021;2023;3;UNIVERSIDADE ESTÁCIO DE SÁ;Ciência De Dados;Cruz Alta;2023
163;1518220;5106257;cadastro_cursos;2;2022;2024;3;UNIVERSIDADE ESTÁCIO DE SÁ;Ciência De Dados;Nova Xavantina;2024
163;1518220;5214507;cadastro_cursos;2;2021;2023;3;UNIVERSIDADE ESTÁCIO DE SÁ;Ciência De Dados;Nerópolis;2023
163;1599519;2507002;cadastro_cursos;2;2022;2024;3;UNIVERSIDADE ESTÁCIO DE SÁ;Desenvolvimento Full Stack;Itaporanga;2024
163;1599519;4104006;cadastro_cursos;2;2022;2024;3;UNIVERSIDADE ESTÁCIO DE SÁ;Desenvolvimento Full Stack;Campina Grande do Sul;2024
163;80449;3303906;cadastro_cursos;1;2010;2013;4;UNIVERSIDADE ESTÁCIO DE SÁ;SISTEMAS PARA INTERNET;Petrópolis;2013
163;82827;3301702;cadastro_cursos;1;2014;2016;3;UNIVERSIDADE ESTÁCIO DE SÁ;SISTEMAS DE INFORMAÇÃO;Duque de Caxias;2016
163;84907;3304557;antigo;1;2017;2019;3;UNIVERSIDADE ESTÁCIO DE SÁ;REDES DE COMPUTADORES;;2019
163;90533;3304557;cadastro_cursos;1;2020;2022;3;UNIVERSIDADE ESTÁCIO DE SÁ;Gestão Da Tecnologia Da Informação;Rio de Janeiro;2022
163;97843;3304557;cadastro_cursos;1;2014;2016;3;UNIVERSIDADE ESTÁCIO DE SÁ;GESTÃO DA TECNOLOGIA DA INFORMAÇÃO;Rio de Janeiro;2016
163;98272;3303906;cadastro_cursos;1;2010;2013;4;UNIVERSIDADE ESTÁCIO DE SÁ;REDES DE COMPUTADORES;Petrópolis;2013
1660;1576719;3203502;cadastro_cursos;2;2022;2024;3;CENTRO UNIVERSITÁRIO ESTÁCIO DE BRASÍLIA - ESTÁCIO BRASÍLIA;Gestão Da Tecnologia Da Informação;Montanha;2024
1660;1578588;2201150;cadastro_cursos;2;2021;2023;3;CENTRO UNIVERSITÁRIO ESTÁCIO DE BRASÍLIA - ESTÁCIO BRASÍLIA;Análise E Desenvolvimento De Sistemas;Baixa Grande do Ribeiro;2023
1660;1578588;2906303;cadastro_cursos;2;2022;2024;3;CENTRO UNIVERSITÁRIO ESTÁCIO DE BRASÍLIA - ESTÁCIO BRASÍLIA;Análise E Desenvolvimento De Sistemas;Canavieiras;2024
1660;1578592;1502004;cadastro_cursos;2;2022;2024;3;CENTRO UNIVERSITÁRIO ESTÁCIO DE BRASÍLIA - ESTÁCIO BRASÍLIA;Ciência Da Computação;Cachoeira do Arari;2024
1660;1578592;2208809;cadastro_cursos;2;2022;2024;3;CENTRO UNIVERSITÁRIO ESTÁCIO DE BRASÍLIA - ESTÁCIO BRASÍLIA;Ciência Da Computação;Regeneração;2024
1660;1578592;3531100;cadastro_cursos;2;2022;2024;3;CENTRO UNIVERSITÁRIO ESTÁCIO DE BRASÍLIA - ESTÁCIO BRASÍLIA;Ciência Da Computação;Mongaguá;2024
1660;1578592;5101902;cadastro_cursos;2;2022;2024;3;CENTRO UNIVERSITÁRIO ESTÁCIO DE BRASÍLIA - ESTÁCIO BRASÍLIA;Ciência Da Computação;Brasnorte;2024
1660;1579189;2929909;cadastro_cursos;2;2022;2024;3;CENTRO UNIVERSITÁRIO ESTÁCIO DE BRASÍLIA - ESTÁCIO BRASÍLIA;Redes De Computadores;Seabra;2024
1660;1579189;3510401;cadastro_cursos;2;2022;2024;3;CENTRO UNIVERSITÁRIO ESTÁCIO DE BRASÍLIA - ESTÁCIO BRASÍLIA;Redes De Computadores;Capivari;2024
1660;1579189;3531100;cadastro_cursos;2;2022;2024;3;CENTRO UNIVERSITÁRIO ESTÁCIO DE BRASÍLIA - ESTÁCIO BRASÍLIA;Redes De Computadores;Mongaguá;2024
1660;1579199;3531100;cadastro_cursos;2;2022;2024;3;CENTRO UNIVERSITÁRIO ESTÁCIO DE BRASÍLIA - ESTÁCIO BRASÍLIA;Defesa Cibernética;Mongaguá;2024
1660;1579222;3128006;cadastro_cursos;2;2022;2024;3;CENTRO UNIVERSITÁRIO ESTÁCIO DE BRASÍLIA - ESTÁCIO BRASÍLIA;Sistemas Para Internet;Guanhães;2024
1660;1579559;4210100;cadastro_cursos;2;2022;2024;3;CENTRO UNIVERSITÁRIO ESTÁCIO DE BRASÍLIA - ESTÁCIO BRASÍLIA;Ciência De Dados;Mafra;2024
1660;1579559;4317509;cadastro_cursos;2;2022;2024;3;CENTRO UNIVERSITÁRIO ESTÁCIO DE BRASÍLIA - ESTÁCIO BRASÍLIA;Ciência De Dados;Santo Ângelo;2024
167;1187399;1500602;cadastro_cursos;2;2022;2024;3;UNIVERSIDADE METODISTA DE SÃO PAULO;Análise E Desenvolvimento De Sistemas;Altamira;2024
167;1187399;1502152;cadastro_cursos;2;2020;2022;3;UNIVERSIDADE METODISTA DE SÃO PAULO;Análise E Desenvolvimento De Sistemas;Canaã dos Carajás;2022
167;1187399;2304400;cadastro_cursos;2;2020;2022;3;UNIVERSIDADE METODISTA DE SÃO PAULO;Análise E Desenvolvimento De Sistemas;Fortaleza;2022
167;1187399;2504009;cadastro_cursos;2;2022;2024;3;UNIVERSIDADE METODISTA DE SÃO PAULO;Análise E Desenvolvimento De Sistemas;Campina Grande;2024
167;1187399;2611606;cadastro_cursos;2;2020;2022;3;UNIVERSIDADE METODISTA DE SÃO PAULO;Análise E Desenvolvimento De Sistemas;Recife;2022
167;1187399;3103603;cadastro_cursos;2;2020;2022;3;UNIVERSIDADE METODISTA DE SÃO PAULO;Análise E Desenvolvimento De Sistemas;Arantina;2022
167;1187399;3301801;cadastro_cursos;2;2021;2024;4;UNIVERSIDADE METODISTA DE SÃO PAULO;Análise E Desenvolvimento De Sistemas;Engenheiro Paulo de Frontin;2024
167;1187399;3304557;cadastro_cursos;2;2020;2022;3;UNIVERSIDADE METODISTA DE SÃO PAULO;Análise E Desenvolvimento De Sistemas;Rio de Janeiro;2022
167;1187399;3507605;cadastro_cursos;2;2020;2022;3;UNIVERSIDADE METODISTA DE SÃO PAULO;Análise E Desenvolvimento De Sistemas;Bragança Paulista;2022
167;1187399;3525904;cadastro_cursos;2;2022;2024;3;UNIVERSIDADE METODISTA DE SÃO PAULO;Análise E Desenvolvimento De Sistemas;Jundiaí;2024
167;1187399;3549805;cadastro_cursos;2;2013;2015;3;UNIVERSIDADE METODISTA DE SÃO PAULO;ANÁLISE E DESENVOLVIMENTO DE SISTEMAS;São José do Rio Preto;2015
167;1187399;4106902;cadastro_cursos;2;2020;2022;3;UNIVERSIDADE METODISTA DE SÃO PAULO;Análise E Desenvolvimento De Sistemas;Curitiba;2022
167;1187399;4113700;cadastro_cursos;2;2020;2022;3;UNIVERSIDADE METODISTA DE SÃO PAULO;Análise E Desenvolvimento De Sistemas;Londrina;2022
167;1187399;4202404;cadastro_cursos;2;2020;2022;3;UNIVERSIDADE METODISTA DE SÃO PAULO;Análise E Desenvolvimento De Sistemas;Blumenau;2022
167;1187399;4322400;cadastro_cursos;2;2020;2022;3;UNIVERSIDADE METODISTA DE SÃO PAULO;Análise E Desenvolvimento De Sistemas;Uruguaiana;2022
167;1187399;5221858;cadastro_cursos;2;2021;2024;4;UNIVERSIDADE METODISTA DE SÃO PAULO;Análise E Desenvolvimento De Sistemas;Valparaíso de Goiás;2024
167;1323047;3106200;cadastro_cursos;2;2022;2024;3;UNIVERSIDADE METODISTA DE SÃO PAULO;Jogos Digitais;Belo Horizonte;2024
167;1323047;3301801;cadastro_cursos;2;2022;2024;3;UNIVERSIDADE METODISTA DE SÃO PAULO;Jogos Digitais;Engenheiro Paulo de Frontin;2024
167;1323047;3304557;cadastro_cursos;2;2022;2024;3;UNIVERSIDADE METODISTA DE SÃO PAULO;Jogos Digitais;Rio de Janeiro;2024
167;1323047;3306305;cadastro_cursos;2;2021;2024;4;UNIVERSIDADE METODISTA DE SÃO PAULO;Jogos Digitais;Volta Redonda;2024
167;1323047;3534401;cadastro_cursos;2;2022;2024;3;UNIVERSIDADE METODISTA DE SÃO PAULO;Jogos Digitais;Osasco;2024
167;1323047;3543402;cadastro_cursos;2;2021;2024;4;UNIVERSIDADE METODISTA DE SÃO PAULO;Jogos Digitais;Ribeirão Preto;2024
167;1323047;3548500;cadastro_cursos;2;2021;2024;4;UNIVERSIDADE METODISTA DE SÃO PAULO;Jogos Digitais;Santos;2024
167;1323047;3550308;cadastro_cursos;2;2022;2024;3;UNIVERSIDADE METODISTA DE SÃO PAULO;Jogos Digitais;São Paulo;2024
167;1517052;3136702;cadastro_cursos;2;2022;2024;3;UNIVERSIDADE METODISTA DE SÃO PAULO;Engenharia De Computação;Juiz de Fora;2024
167;1517052;3538709;cadastro_cursos;2;2022;2024;3;UNIVERSIDADE METODISTA DE SÃO PAULO;Engenharia De Computação;Piracicaba;2024
167;1525795;3541000;cadastro_cursos;2;2021;2024;4;UNIVERSIDADE METODISTA DE SÃO PAULO;Ciência  De Dados E Big Data;Praia Grande;2024
167;1525795;5300108;cadastro_cursos;2;2020;2024;5;UNIVERSIDADE METODISTA DE SÃO PAULO;Ciência  De Dados E Big Data;Brasília;2024
1702;1171628;1400100;cadastro_cursos;1;2021;2023;3;CENTRO UNIVERSITÁRIO ESTÁCIO DA AMAZÔNIA;Redes De Computadores;Boa Vista;2023
17116;1388670;2606200;cadastro_cursos;1;2021;2024;4;Faculdade de Ciências de Goiana;Gestão Da Tecnologia Da Informação;Goiana;2024
1734;1303600;2211001;cadastro_cursos;1;2021;2023;3;Centro Universitário Facid Wyden;Gestão Da Tecnologia Da Informação;Teresina;2023
1741;71952;3550308;cadastro_cursos;1;2009;2012;4;FACULDADE DE TECNOLOGIA INTERAMÉRICA;DESENVOLVIMENTO DE SOFTWARE PARA COMÉRCIO ELETRÔNICO;São Paulo;2012
1741;74941;3550308;cadastro_cursos;1;2009;2012;4;FACULDADE DE TECNOLOGIA INTERAMÉRICA;REDES DE COMPUTADORES;São Paulo;2012
1741;74957;3550308;cadastro_cursos;1;2009;2011;3;FACULDADE DE TECNOLOGIA INTERAMÉRICA;DESENVOLVIMENTO DE JOGOS DE ENTRETERIMENTO;São Paulo;2011
1741;74965;3550308;cadastro_cursos;1;2009;2011;3;FACULDADE DE TECNOLOGIA INTERAMÉRICA;BANCO DE DADOS;São Paulo;2011
1741;74971;3550308;cadastro_cursos;1;2009;2012;4;FACULDADE DE TECNOLOGIA INTERAMÉRICA;ANÁLISE E DESENVOLVIMENTO DE SISTEMAS;São Paulo;2012
1741;74976;3550308;cadastro_cursos;1;2009;2011;3;FACULDADE DE TECNOLOGIA INTERAMÉRICA;PRODUÇÃO DE SOFTWARE;São Paulo;2011
1741;74978;3550308;cadastro_cursos;1;2009;2011;3;FACULDADE DE TECNOLOGIA INTERAMÉRICA;PROCESSAMENTO DE DADOS;São Paulo;2011
1772;1058492;2304400;cadastro_cursos;1;2022;2024;3;Centro Universitário Fanor Wyden;Análise E Desenvolvimento De Sistemas;Fortaleza;2024
1774;48085;4119905;cadastro_cursos;1;2013;2015;3;FACULDADE EDUCACIONAL DE PONTA GROSSA;SISTEMAS DE INFORMAÇÃO;Ponta Grossa;2015
1775;1288703;3525904;cadastro_cursos;2;2021;2023;3;Centro Universitário Favip Wyden;Gestão Da Tecnologia Da Informação;Jundiaí;2023
1775;1288703;3526902;cadastro_cursos;2;2022;2024;3;Centro Universitário Favip Wyden;Gestão Da Tecnologia Da Informação;Limeira;2024
1775;1288703;4209102;cadastro_cursos;2;2022;2024;3;Centro Universitário Favip Wyden;Gestão Da Tecnologia Da Informação;Joinville;2024
1775;1288703;5002704;cadastro_cursos;2;2022;2024;3;Centro Universitário Favip Wyden;Gestão Da Tecnologia Da Informação;Campo Grande;2024
1775;1468653;1100049;cadastro_cursos;2;2021;2023;3;Centro Universitário Favip Wyden;Análise E Desenvolvimento De Sistemas;Cacoal;2023
1775;1468653;3136702;cadastro_cursos;2;2021;2023;3;Centro Universitário Favip Wyden;Análise E Desenvolvimento De Sistemas;Juiz de Fora;2023
1775;1468653;4209300;cadastro_cursos;2;2022;2024;3;Centro Universitário Favip Wyden;Análise E Desenvolvimento De Sistemas;Lages;2024
1775;1524034;1506807;cadastro_cursos;2;2021;2024;4;Centro Universitário Favip Wyden;Segurança Da Informação;Santarém;2024
1775;1524034;2611101;cadastro_cursos;2;2021;2023;3;Centro Universitário Favip Wyden;Segurança Da Informação;Petrolina;2023
1775;1524034;4304630;cadastro_cursos;2;2021;2024;4;Centro Universitário Favip Wyden;Segurança Da Informação;Capão da Canoa;2024
1775;1524034;5107909;cadastro_cursos;2;2022;2024;3;Centro Universitário Favip Wyden;Segurança Da Informação;Sinop;2024
1775;1524036;3505708;cadastro_cursos;2;2022;2024;3;Centro Universitário Favip Wyden;Banco De Dados;Barueri;2024
1775;1524210;1100122;cadastro_cursos;2;2021;2023;3;Centro Universitário Favip Wyden;Ciências De Dados;Ji-Paraná;2023
1775;1524210;3501608;cadastro_cursos;2;2021;2023;3;Centro Universitário Favip Wyden;Ciências De Dados;Americana;2023
1775;1524210;4202909;cadastro_cursos;2;2021;2023;3;Centro Universitário Favip Wyden;Ciências De Dados;Brusque;2023
1775;1524210;4304630;cadastro_cursos;2;2021;2023;3;Centro Universitário Favip Wyden;Ciências De Dados;Capão da Canoa;2023
1775;1594800;3303401;cadastro_cursos;2;2022;2024;3;Centro Universitário Favip Wyden;Tecnologias Educacionais;Nova Friburgo;2024
1805;1545626;2603454;cadastro_cursos;2;2020;2023;4;CENTRO UNIVERSITÁRIO DOS GUARARAPES;Análise E Desenvolvimento De Sistemas;Camaragibe;2023
1805;1546429;2603454;cadastro_cursos;2;2021;2023;3;CENTRO UNIVERSITÁRIO DOS GUARARAPES;Ciência Da Computação;Camaragibe;2023
18165;1523256;3506607;cadastro_cursos;2;2022;2024;3;Fundação Universidade Virtual do Estado de São Paulo;Ciência De Dados;Biritiba Mirim;2024
1846;1533355;1718204;cadastro_cursos;2;2021;2024;4;CENTRO UNIVERSITÁRIO DE LINS;Ciência Da Computação;Porto Nacional;2024
1846;1533355;2927408;cadastro_cursos;2;2022;2024;3;CENTRO UNIVERSITÁRIO DE LINS;Ciência Da Computação;Salvador;2024
1846;1533355;3105608;cadastro_cursos;2;2022;2024;3;CENTRO UNIVERSITÁRIO DE LINS;Ciência Da Computação;Barbacena;2024
1846;1533355;3106200;cadastro_cursos;2;2021;2023;3;CENTRO UNIVERSITÁRIO DE LINS;Ciência Da Computação;Belo Horizonte;2023
1846;1533355;3136207;cadastro_cursos;2;2022;2024;3;CENTRO UNIVERSITÁRIO DE LINS;Ciência Da Computação;João Monlevade;2024
1846;1533355;3300407;cadastro_cursos;2;2021;2024;4;CENTRO UNIVERSITÁRIO DE LINS;Ciência Da Computação;Barra Mansa;2024
1846;1533355;3533908;cadastro_cursos;2;2021;2023;3;CENTRO UNIVERSITÁRIO DE LINS;Ciência Da Computação;Olímpia;2023
1846;1533355;3534401;cadastro_cursos;2;2021;2024;4;CENTRO UNIVERSITÁRIO DE LINS;Ciência Da Computação;Osasco;2024
1846;1533355;3539301;cadastro_cursos;2;2021;2024;4;CENTRO UNIVERSITÁRIO DE LINS;Ciência Da Computação;Pirassununga;2024
1846;1533355;3543402;cadastro_cursos;2;2021;2024;4;CENTRO UNIVERSITÁRIO DE LINS;Ciência Da Computação;Ribeirão Preto;2024
1846;1533355;4101002;cadastro_cursos;2;2022;2024;3;CENTRO UNIVERSITÁRIO DE LINS;Ciência Da Computação;Ampére;2024
1846;1533355;4113700;cadastro_cursos;2;2022;2024;3;CENTRO UNIVERSITÁRIO DE LINS;Ciência Da Computação;Londrina;2024
1846;1533355;4304606;cadastro_cursos;2;2021;2023;3;CENTRO UNIVERSITÁRIO DE LINS;Ciência Da Computação;Canoas;2023
1846;1533355;4314100;cadastro_cursos;2;2021;2024;4;CENTRO UNIVERSITÁRIO DE LINS;Ciência Da Computação;Passo Fundo;2024
1846;1533355;5208707;cadastro_cursos;2;2021;2024;4;CENTRO UNIVERSITÁRIO DE LINS;Ciência Da Computação;Goiânia;2024
1846;1533355;5212501;cadastro_cursos;2;2021;2024;4;CENTRO UNIVERSITÁRIO DE LINS;Ciência Da Computação;Luziânia;2024
1846;1533355;5221858;cadastro_cursos;2;2021;2024;4;CENTRO UNIVERSITÁRIO DE LINS;Ciência Da Computação;Valparaíso de Goiás;2024
1846;1599215;3506003;cadastro_cursos;2;2022;2024;3;CENTRO UNIVERSITÁRIO DE LINS;Gestão Da Tecnologia Da Informação;Bauru;2024
1846;1599215;4108304;cadastro_cursos;2;2022;2024;3;CENTRO UNIVERSITÁRIO DE LINS;Gestão Da Tecnologia Da Informação;Foz do Iguaçu;2024
1853;49451;3550308;cadastro_cursos;1;2022;2024;3;Centro Universitário UNIBTA;Redes De Computadores;São Paulo;2024
1853;49455;3550308;cadastro_cursos;1;2022;2024;3;Centro Universitário UNIBTA;Sistemas Para Internet;São Paulo;2024
1872;1576051;3136702;cadastro_cursos;2;2022;2024;3;CENTRO UNIVERSITÁRIO SANTA CRUZ DE CURITIBA;Gestão Da Tecnologia Da Informação;Juiz de Fora;2024
1872;1576051;3167202;cadastro_cursos;2;2022;2024;3;CENTRO UNIVERSITÁRIO SANTA CRUZ DE CURITIBA;Gestão Da Tecnologia Da Informação;Sete Lagoas;2024
1872;1576051;3300951;cadastro_cursos;2;2022;2024;3;CENTRO UNIVERSITÁRIO SANTA CRUZ DE CURITIBA;Gestão Da Tecnologia Da Informação;Comendador Levy Gasparian;2024
1872;1576051;4314902;cadastro_cursos;2;2022;2024;3;CENTRO UNIVERSITÁRIO SANTA CRUZ DE CURITIBA;Gestão Da Tecnologia Da Informação;Porto Alegre;2024
1872;1577726;3552205;cadastro_cursos;2;2022;2024;3;CENTRO UNIVERSITÁRIO SANTA CRUZ DE CURITIBA;Ciência Da Computação;Sorocaba;2024
1872;1577726;4125506;cadastro_cursos;2;2022;2024;3;CENTRO UNIVERSITÁRIO SANTA CRUZ DE CURITIBA;Ciência Da Computação;São José dos Pinhais;2024
1872;1577726;5205497;cadastro_cursos;2;2022;2024;3;CENTRO UNIVERSITÁRIO SANTA CRUZ DE CURITIBA;Ciência Da Computação;Cidade Ocidental;2024
1879;1442815;4106506;cadastro_cursos;2;2021;2024;4;Centro Universitário UNIFACEAR;Gestão Da Tecnologia Da Informação;Coronel Vivida;2024
19860;1351364;2601201;cadastro_cursos;1;2020;2023;4;FACULDADE CONCEITO EDUCACIONAL;Redes De Computadores;Arcoverde;2023
1988;1405546;4209102;cadastro_cursos;2;2022;2024;3;CENTRO UNIVERSITARIO AVANTIS;Análise E Desenvolvimento De Sistemas;Joinville;2024
1996;72227;5103403;antigo;1;2017;2019;3;INSTITUTO CUIABÁ DE ENSINO E CULTURA;GESTÃO DA TECNOLOGIA DA INFORMAÇÃO;;2019
20;50825;4313706;cadastro_cursos;1;2010;2012;3;UNIVERSIDADE DE PASSO FUNDO;SISTEMA DE INFORMAÇÃO;Palmeira das Missões;2012
21268;1337696;1500800;cadastro_cursos;1;2022;2024;3;FACULDADE ESTÁCIO DE ANANINDEUA;Sistemas De Informação;Ananindeua;2024
2146;119605;1200401;cadastro_cursos;1;2012;2014;3;FACULDADE DO ACRE;BANCO DE DADOS;Rio Branco;2014
216;1446763;3106200;cadastro_cursos;1;2022;2024;3;CENTRO UNIVERSITÁRIO METODISTA IZABELA HENDRIX;Bioinformática;Belo Horizonte;2024
221;1258541;2307304;cadastro_cursos;2;2020;2022;3;UNIVERSIDADE CRUZEIRO DO SUL;Gestão Da Tecnologia Da Informação;Juazeiro do Norte;2022
221;1258541;2700300;cadastro_cursos;2;2021;2023;3;UNIVERSIDADE CRUZEIRO DO SUL;Gestão Da Tecnologia Da Informação;Arapiraca;2023
221;1350117;2504405;cadastro_cursos;2;2020;2022;3;UNIVERSIDADE CRUZEIRO DO SUL;Engenharia De Computação;Conceição;2022
221;1350117;3112307;cadastro_cursos;2;2022;2024;3;UNIVERSIDADE CRUZEIRO DO SUL;Engenharia De Computação;Capelinha;2024
221;1350117;3552403;cadastro_cursos;2;2020;2022;3;UNIVERSIDADE CRUZEIRO DO SUL;Engenharia De Computação;Sumaré;2022
221;1427659;3522505;cadastro_cursos;2;2022;2024;3;UNIVERSIDADE CRUZEIRO DO SUL;Jogos Digitais;Itapevi;2024
221;1427659;4108304;cadastro_cursos;2;2020;2022;3;UNIVERSIDADE CRUZEIRO DO SUL;Jogos Digitais;Foz do Iguaçu;2022
221;1427749;3203908;cadastro_cursos;2;2020;2022;3;UNIVERSIDADE CRUZEIRO DO SUL;Redes De Computadores;Nova Venécia;2022
221;1445438;3303203;cadastro_cursos;2;2020;2022;3;UNIVERSIDADE CRUZEIRO DO SUL;Internet Das Coisas;Nilópolis;2022
221;1467985;2305001;cadastro_cursos;2;2020;2023;4;UNIVERSIDADE CRUZEIRO DO SUL;Ciência Da Computação;Guaraciaba do Norte;2023
221;1467985;3162104;cadastro_cursos;2;2021;2023;3;UNIVERSIDADE CRUZEIRO DO SUL;Ciência Da Computação;São Gotardo;2023
221;1467985;3302106;cadastro_cursos;2;2021;2023;3;UNIVERSIDADE CRUZEIRO DO SUL;Ciência Da Computação;Itaocara;2023
221;1467985;4105508;cadastro_cursos;2;2022;2024;3;UNIVERSIDADE CRUZEIRO DO SUL;Ciência Da Computação;Cianorte;2024
221;1467985;5207402;cadastro_cursos;2;2020;2022;3;UNIVERSIDADE CRUZEIRO DO SUL;Ciência Da Computação;Edéia;2022
221;1467995;4101507;cadastro_cursos;2;2021;2023;3;UNIVERSIDADE CRUZEIRO DO SUL;Sistemas De Informação;Arapongas;2023
221;1467995;5107602;cadastro_cursos;2;2021;2023;3;UNIVERSIDADE CRUZEIRO DO SUL;Sistemas De Informação;Rondonópolis;2023
221;1467996;5201405;cadastro_cursos;2;2021;2023;3;UNIVERSIDADE CRUZEIRO DO SUL;Engenharia De Software;Aparecida de Goiânia;2023
221;1473088;3507506;cadastro_cursos;2;2020;2022;3;UNIVERSIDADE CRUZEIRO DO SUL;Ciência De Dados;Botucatu;2022
221;1473088;5106224;cadastro_cursos;2;2022;2024;3;UNIVERSIDADE CRUZEIRO DO SUL;Ciência De Dados;Nova Mutum;2024
221;1516597;4314100;cadastro_cursos;2;2020;2022;3;UNIVERSIDADE CRUZEIRO DO SUL;Sistemas Para Internet;Passo Fundo;2022
222;54890;3557105;cadastro_cursos;1;2021;2023;3;CENTRO UNIVERSITÁRIO DE VOTUPORANGA;Sistema De Informação;Votuporanga;2023
23147;1434391;3516705;cadastro_cursos;2;2021;2024;4;Faculdade do Comércio de São Paulo;Sistemas Para Internet;Garça;2024
2410;1300474;2304400;cadastro_cursos;1;2021;2024;4;Centro Universitário Cearense;Redes De Computadores;Fortaleza;2024
242;1541396;3131307;cadastro_cursos;2;2021;2023;3;CENTRO UNIVERSITÁRIO ANHANGUERA PITÁGORAS AMPLI;Análise E Desenvolvimento De Sistemas;Ipatinga;2023
242;1541396;3551702;cadastro_cursos;2;2021;2023;3;CENTRO UNIVERSITÁRIO ANHANGUERA PITÁGORAS AMPLI;Análise E Desenvolvimento De Sistemas;Sertãozinho;2023
242;1562890;3202405;cadastro_cursos;2;2021;2023;3;CENTRO UNIVERSITÁRIO ANHANGUERA PITÁGORAS AMPLI;Gestão Da Tecnologia Da Informação;Guarapari;2023
242;1575915;1502400;cadastro_cursos;2;2021;2023;3;CENTRO UNIVERSITÁRIO ANHANGUERA PITÁGORAS AMPLI;Engenharia De Software;Castanhal;2023
242;1575915;3501608;cadastro_cursos;2;2021;2023;3;CENTRO UNIVERSITÁRIO ANHANGUERA PITÁGORAS AMPLI;Engenharia De Software;Americana;2023
242;1575915;3503208;cadastro_cursos;2;2021;2023;3;CENTRO UNIVERSITÁRIO ANHANGUERA PITÁGORAS AMPLI;Engenharia De Software;Araraquara;2023
242;1582524;2604106;cadastro_cursos;2;2022;2024;3;CENTRO UNIVERSITÁRIO ANHANGUERA PITÁGORAS AMPLI;Arquitetura De Dados;Caruaru;2024
242;1582524;5103403;cadastro_cursos;2;2022;2024;3;CENTRO UNIVERSITÁRIO ANHANGUERA PITÁGORAS AMPLI;Arquitetura De Dados;Cuiabá;2024
242;1582525;2507507;cadastro_cursos;2;2021;2023;3;CENTRO UNIVERSITÁRIO ANHANGUERA PITÁGORAS AMPLI;Cibersegurança;João Pessoa;2023
242;1582525;3154606;cadastro_cursos;2;2021;2023;3;CENTRO UNIVERSITÁRIO ANHANGUERA PITÁGORAS AMPLI;Cibersegurança;Ribeirão das Neves;2023
242;1582525;4113700;cadastro_cursos;2;2022;2024;3;CENTRO UNIVERSITÁRIO ANHANGUERA PITÁGORAS AMPLI;Cibersegurança;Londrina;2024
242;1582533;3127701;cadastro_cursos;2;2022;2024;3;CENTRO UNIVERSITÁRIO ANHANGUERA PITÁGORAS AMPLI;Ciência De Dados;Governador Valadares;2024
242;1582533;3552809;cadastro_cursos;2;2021;2023;3;CENTRO UNIVERSITÁRIO ANHANGUERA PITÁGORAS AMPLI;Ciência De Dados;Taboão da Serra;2023
242;1582533;3554102;cadastro_cursos;2;2022;2024;3;CENTRO UNIVERSITÁRIO ANHANGUERA PITÁGORAS AMPLI;Ciência De Dados;Taubaté;2024
242;1582533;5107925;cadastro_cursos;2;2022;2024;3;CENTRO UNIVERSITÁRIO ANHANGUERA PITÁGORAS AMPLI;Ciência De Dados;Sorriso;2024
242;1582546;2704302;cadastro_cursos;2;2021;2023;3;CENTRO UNIVERSITÁRIO ANHANGUERA PITÁGORAS AMPLI;Computação Em Nuvem;Maceió;2023
242;1582546;4209102;cadastro_cursos;2;2022;2024;3;CENTRO UNIVERSITÁRIO ANHANGUERA PITÁGORAS AMPLI;Computação Em Nuvem;Joinville;2024
242;1582559;2704302;cadastro_cursos;2;2021;2023;3;CENTRO UNIVERSITÁRIO ANHANGUERA PITÁGORAS AMPLI;Desenvolvimento Back-End;Maceió;2023
242;1582586;2604106;cadastro_cursos;2;2022;2024;3;CENTRO UNIVERSITÁRIO ANHANGUERA PITÁGORAS AMPLI;Desenvolvimento Mobile;Caruaru;2024
242;1582586;2927408;cadastro_cursos;2;2022;2024;3;CENTRO UNIVERSITÁRIO ANHANGUERA PITÁGORAS AMPLI;Desenvolvimento Mobile;Salvador;2024
242;1582586;3151800;cadastro_cursos;2;2022;2024;3;CENTRO UNIVERSITÁRIO ANHANGUERA PITÁGORAS AMPLI;Desenvolvimento Mobile;Poços de Caldas;2024
242;1582601;3151800;cadastro_cursos;2;2022;2024;3;CENTRO UNIVERSITÁRIO ANHANGUERA PITÁGORAS AMPLI;Desenvolvimento Web;Poços de Caldas;2024
242;1601622;3525904;cadastro_cursos;2;2022;2024;3;CENTRO UNIVERSITÁRIO ANHANGUERA PITÁGORAS AMPLI;Inteligência De Mercado E Análise De Dados;Jundiaí;2024
2460;105762;2408102;cadastro_cursos;1;2021;2023;3;FACULDADE ESTÁCIO DE NATAL;Redes De Computadores;Natal;2023
2575;4370;3505500;cadastro_cursos;1;2011;2013;3;FACULDADES INTEGRADAS SOARES DE OLIVEIRA;SISTEMAS PARA INTERNET;Barretos;2013
2582;55005;4119608;antigo;1;2017;2019;3;FACULDADE DE ENSINO SUPERIOR DO CENTRO DO PARANÁ;SISTEMAS DE INFORMAÇÃO;;2019
271;1454280;2111102;cadastro_cursos;2;2021;2024;4;UNIVERSIDADE DO OESTE PAULISTA;Engenharia De Software;São João dos Patos;2024
271;1454280;3549904;cadastro_cursos;2;2022;2024;3;UNIVERSIDADE DO OESTE PAULISTA;Engenharia De Software;São José dos Campos;2024
271;1454280;3550308;cadastro_cursos;2;2020;2022;3;UNIVERSIDADE DO OESTE PAULISTA;Engenharia De Software;São Paulo;2022
271;1454280;5300108;cadastro_cursos;2;2022;2024;3;UNIVERSIDADE DO OESTE PAULISTA;Engenharia De Software;Brasília;2024
271;1486905;1501725;cadastro_cursos;2;2021;2024;4;UNIVERSIDADE DO OESTE PAULISTA;Gestão Da Tecnologia Da Informação;Brasil Novo;2024
271;1486905;3550704;cadastro_cursos;2;2020;2023;4;UNIVERSIDADE DO OESTE PAULISTA;Gestão Da Tecnologia Da Informação;São Sebastião;2023
271;1486905;3554300;cadastro_cursos;2;2022;2024;3;UNIVERSIDADE DO OESTE PAULISTA;Gestão Da Tecnologia Da Informação;Teodoro Sampaio;2024
271;1570941;3205309;cadastro_cursos;2;2022;2024;3;UNIVERSIDADE DO OESTE PAULISTA;Análise E Desenvolvimento De Sistemas;Vitória;2024
277;1440022;2304400;cadastro_cursos;2;2020;2022;3;CENTRO UNIVERSITÁRIO AUGUSTO MOTTA;Redes De Computadores;Fortaleza;2022
2835;1313397;2503704;cadastro_cursos;2;2020;2023;4;CENTRO UNIVERSITÁRIO MAURÍCIO DE NASSAU;Análise E Desenvolvimento De Sistemas;Cajazeiras;2023
2835;1313397;2614857;cadastro_cursos;2;2022;2024;3;CENTRO UNIVERSITÁRIO MAURÍCIO DE NASSAU;Análise E Desenvolvimento De Sistemas;Tamandaré;2024
2835;1313397;3511102;cadastro_cursos;2;2021;2023;3;CENTRO UNIVERSITÁRIO MAURÍCIO DE NASSAU;Análise E Desenvolvimento De Sistemas;Catanduva;2023
2835;1486085;2612208;cadastro_cursos;2;2022;2024;3;CENTRO UNIVERSITÁRIO MAURÍCIO DE NASSAU;Digital Security;Salgueiro;2024
2835;1486086;2307650;cadastro_cursos;2;2021;2023;3;CENTRO UNIVERSITÁRIO MAURÍCIO DE NASSAU;Game Design;Maracanaú;2023
2835;1486087;2800308;cadastro_cursos;2;2021;2024;4;CENTRO UNIVERSITÁRIO MAURÍCIO DE NASSAU;Service Design;Aracaju;2024
2835;91513;2611606;cadastro_cursos;1;2010;2012;3;CENTRO UNIVERSITÁRIO MAURÍCIO DE NASSAU;SISTEMAS DE BANCO DE DADOS;Recife;2012
2950;1205312;4314902;cadastro_cursos;1;2021;2023;3;Centro Universitário FADERGS;Sistemas Para Internet;Porto Alegre;2023
2950;1429948;3550308;cadastro_cursos;2;2020;2023;4;Centro Universitário FADERGS;Gestão Da Tecnologia Da Informação;São Paulo;2023
2950;1429948;4212502;cadastro_cursos;2;2020;2023;4;Centro Universitário FADERGS;Gestão Da Tecnologia Da Informação;Penha;2023
2950;1429948;4307708;cadastro_cursos;2;2020;2023;4;Centro Universitário FADERGS;Gestão Da Tecnologia Da Informação;Esteio;2023
2950;1429948;4316907;cadastro_cursos;2;2021;2023;3;Centro Universitário FADERGS;Gestão Da Tecnologia Da Informação;Santa Maria;2023
2950;1457870;3550308;cadastro_cursos;2;2020;2023;4;Centro Universitário FADERGS;Ciência Da Computação;São Paulo;2023
2950;1457871;4307708;cadastro_cursos;2;2021;2023;3;Centro Universitário FADERGS;Sistemas Para Internet;Esteio;2023
2950;1457871;4312401;cadastro_cursos;2;2020;2023;4;Centro Universitário FADERGS;Sistemas Para Internet;Montenegro;2023
2950;1457872;4314902;cadastro_cursos;2;2020;2022;3;Centro Universitário FADERGS;Engenharia Da Computação;Porto Alegre;2022
2950;1457873;4218202;cadastro_cursos;2;2021;2023;3;Centro Universitário FADERGS;Redes De Computadores;Timbó;2023
2950;1457877;4320008;cadastro_cursos;2;2020;2023;4;Centro Universitário FADERGS;Jogos Digitais;Sapucaia do Sul;2023
2950;1515260;4305108;cadastro_cursos;2;2021;2023;3;Centro Universitário FADERGS;Segurança Da Informação;Caxias do Sul;2023
2950;1515260;4307708;cadastro_cursos;2;2020;2023;4;Centro Universitário FADERGS;Segurança Da Informação;Esteio;2023
2950;1516444;4314100;cadastro_cursos;2;2020;2023;4;Centro Universitário FADERGS;Big Data E Inteligência Analítica;Passo Fundo;2023
296;102126;4302808;cadastro_cursos;1;2014;2016;3;UNIVERSIDADE DA REGIÃO DA CAMPANHA;GESTÃO DA TECNOLOGIA DA INFORMAÇÃO;Caçapava do Sul;2016
298;111090;1500701;cadastro_cursos;2;2022;2024;3;Universidade Pitágoras Unopar Anhanguera;Análise E Desenvolvimento De Sistemas;Anajás;2024
298;111090;1702307;cadastro_cursos;2;2020;2024;5;Universidade Pitágoras Unopar Anhanguera;Análise E Desenvolvimento De Sistemas;Arapoema;2024
298;111090;2105427;cadastro_cursos;2;2022;2024;3;Universidade Pitágoras Unopar Anhanguera;Análise E Desenvolvimento De Sistemas;Itinga do Maranhão;2024
298;111090;2611804;cadastro_cursos;2;2022;2024;3;Universidade Pitágoras Unopar Anhanguera;Análise E Desenvolvimento De Sistemas;Ribeirão;2024
298;111090;2903003;cadastro_cursos;2;2022;2024;3;Universidade Pitágoras Unopar Anhanguera;Análise E Desenvolvimento De Sistemas;Barra do Mendes;2024
298;111090;2912509;cadastro_cursos;2;2022;2024;3;Universidade Pitágoras Unopar Anhanguera;Análise E Desenvolvimento De Sistemas;Ibipitanga;2024
298;111090;2919702;cadastro_cursos;2;2022;2024;3;Universidade Pitágoras Unopar Anhanguera;Análise E Desenvolvimento De Sistemas;Macarani;2024
298;111090;2923001;cadastro_cursos;2;2022;2024;3;Universidade Pitágoras Unopar Anhanguera;Análise E Desenvolvimento De Sistemas;Nova Viçosa;2024
298;111090;2928406;cadastro_cursos;2;2022;2024;3;Universidade Pitágoras Unopar Anhanguera;Análise E Desenvolvimento De Sistemas;Santa Rita de Cássia;2024
298;111090;3143906;cadastro_cursos;2;2014;2016;3;UNIVERSIDADE PITÁGORAS UNOPAR;ANÁLISE E DESENVOLVIMENTO DE SISTEMAS;Muriaé;2016
298;111090;3148103;cadastro_cursos;2;2022;2024;3;Universidade Pitágoras Unopar Anhanguera;Análise E Desenvolvimento De Sistemas;Patrocínio;2024
298;111090;3159605;cadastro_cursos;2;2022;2024;3;Universidade Pitágoras Unopar Anhanguera;Análise E Desenvolvimento De Sistemas;Santa Rita do Sapucaí;2024
298;111090;3203007;cadastro_cursos;2;2021;2023;3;Universidade Pitágoras Unopar Anhanguera;Análise E Desenvolvimento De Sistemas;Iúna;2023
298;111090;3204054;cadastro_cursos;2;2021;2023;3;Universidade Pitágoras Unopar Anhanguera;Análise E Desenvolvimento De Sistemas;Pedro Canário;2023
298;111090;4102000;cadastro_cursos;2;2022;2024;3;Universidade Pitágoras Unopar Anhanguera;Análise E Desenvolvimento De Sistemas;Assis Chateaubriand;2024
298;111090;4119608;cadastro_cursos;2;2022;2024;3;Universidade Pitágoras Unopar Anhanguera;Análise E Desenvolvimento De Sistemas;Pitanga;2024
298;111090;4306908;cadastro_cursos;2;2022;2024;3;Universidade Pitágoras Unopar Anhanguera;Análise E Desenvolvimento De Sistemas;Encruzilhada do Sul;2024
298;111090;4309407;cadastro_cursos;2;2022;2024;3;Universidade Pitágoras Unopar Anhanguera;Análise E Desenvolvimento De Sistemas;Guaporé;2024
298;111090;5000609;cadastro_cursos;2;2020;2022;3;Universidade Pitágoras Unopar Anhanguera;Análise E Desenvolvimento De Sistemas;Amambai;2022
298;111090;5005400;cadastro_cursos;2;2014;2016;3;UNIVERSIDADE PITÁGORAS UNOPAR;ANÁLISE E DESENVOLVIMENTO DE SISTEMAS;Maracaju;2016
298;111090;5007901;cadastro_cursos;2;2021;2023;3;Universidade Pitágoras Unopar Anhanguera;Análise E Desenvolvimento De Sistemas;Sidrolândia;2023
298;111090;5103254;cadastro_cursos;2;2021;2024;4;Universidade Pitágoras Unopar Anhanguera;Análise E Desenvolvimento De Sistemas;Colniza;2024
298;111090;5103304;cadastro_cursos;2;2022;2024;3;Universidade Pitágoras Unopar Anhanguera;Análise E Desenvolvimento De Sistemas;Comodoro;2024
298;111090;5214606;cadastro_cursos;2;2022;2024;3;Universidade Pitágoras Unopar Anhanguera;Análise E Desenvolvimento De Sistemas;Niquelândia;2024
298;111090;5217708;cadastro_cursos;2;2021;2024;4;Universidade Pitágoras Unopar Anhanguera;Análise E Desenvolvimento De Sistemas;Pontalina;2024
298;1537350;1100189;cadastro_cursos;2;2022;2024;3;Universidade Pitágoras Unopar Anhanguera;Desenvolvimento Back-End;Pimenta Bueno;2024
298;1537350;1100304;cadastro_cursos;2;2021;2023;3;Universidade Pitágoras Unopar Anhanguera;Desenvolvimento Back-End;Vilhena;2023
298;1537350;2101400;cadastro_cursos;2;2022;2024;3;Universidade Pitágoras Unopar Anhanguera;Desenvolvimento Back-End;Balsas;2024
298;1537350;2104057;cadastro_cursos;2;2022;2024;3;Universidade Pitágoras Unopar Anhanguera;Desenvolvimento Back-End;Estreito;2024
298;1537350;2307304;cadastro_cursos;2;2022;2024;3;Universidade Pitágoras Unopar Anhanguera;Desenvolvimento Back-End;Juazeiro do Norte;2024
298;1537350;2308708;cadastro_cursos;2;2022;2024;3;Universidade Pitágoras Unopar Anhanguera;Desenvolvimento Back-End;Morada Nova;2024
298;1537350;2311405;cadastro_cursos;2;2022;2024;3;Universidade Pitágoras Unopar Anhanguera;Desenvolvimento Back-End;Quixeramobim;2024
298;1537350;2924009;cadastro_cursos;2;2021;2023;3;Universidade Pitágoras Unopar Anhanguera;Desenvolvimento Back-End;Paulo Afonso;2023
298;1537350;2926400;cadastro_cursos;2;2022;2024;3;Universidade Pitágoras Unopar Anhanguera;Desenvolvimento Back-End;Riacho de Santana;2024
298;1537350;3107307;cadastro_cursos;2;2022;2024;3;Universidade Pitágoras Unopar Anhanguera;Desenvolvimento Back-End;Bocaiúva;2024
298;1537350;3135100;cadastro_cursos;2;2022;2024;3;Universidade Pitágoras Unopar Anhanguera;Desenvolvimento Back-End;Janaúba;2024
298;1537350;3138203;cadastro_cursos;2;2022;2024;3;Universidade Pitágoras Unopar Anhanguera;Desenvolvimento Back-End;Lavras;2024
298;1537350;3162500;cadastro_cursos;2;2022;2024;3;Universidade Pitágoras Unopar Anhanguera;Desenvolvimento Back-End;São João del Rei;2024
298;1537350;3202306;cadastro_cursos;2;2022;2024;3;Universidade Pitágoras Unopar Anhanguera;Desenvolvimento Back-End;Guaçuí;2024
298;1537350;3202405;cadastro_cursos;2;2022;2024;3;Universidade Pitágoras Unopar Anhanguera;Desenvolvimento Back-End;Guarapari;2024
298;1537350;3300803;cadastro_cursos;2;2021;2023;3;Universidade Pitágoras Unopar Anhanguera;Desenvolvimento Back-End;Cachoeiras de Macacu;2023
298;1537350;3302205;cadastro_cursos;2;2022;2024;3;Universidade Pitágoras Unopar Anhanguera;Desenvolvimento Back-End;Itaperuna;2024
298;1537350;3516309;cadastro_cursos;2;2022;2024;3;Universidade Pitágoras Unopar Anhanguera;Desenvolvimento Back-End;Francisco Morato;2024
298;1537350;3538006;cadastro_cursos;2;2022;2024;3;Universidade Pitágoras Unopar Anhanguera;Desenvolvimento Back-End;Pindamonhangaba;2024
298;1537350;3550605;cadastro_cursos;2;2022;2024;3;Universidade Pitágoras Unopar Anhanguera;Desenvolvimento Back-End;São Roque;2024
298;1537350;4119152;cadastro_cursos;2;2021;2023;3;Universidade Pitágoras Unopar Anhanguera;Desenvolvimento Back-End;Pinhais;2023
298;1537350;4209300;cadastro_cursos;2;2022;2024;3;Universidade Pitágoras Unopar Anhanguera;Desenvolvimento Back-End;Lages;2024
298;1537350;4219705;cadastro_cursos;2;2021;2023;3;Universidade Pitágoras Unopar Anhanguera;Desenvolvimento Back-End;Xaxim;2023
298;1537350;4309407;cadastro_cursos;2;2022;2024;3;Universidade Pitágoras Unopar Anhanguera;Desenvolvimento Back-End;Guaporé;2024
298;1537350;4311304;cadastro_cursos;2;2022;2024;3;Universidade Pitágoras Unopar Anhanguera;Desenvolvimento Back-End;Lagoa Vermelha;2024
298;1537350;4316907;cadastro_cursos;2;2022;2024;3;Universidade Pitágoras Unopar Anhanguera;Desenvolvimento Back-End;Santa Maria;2024
298;1537353;1508100;cadastro_cursos;2;2021;2024;4;Universidade Pitágoras Unopar Anhanguera;Desenvolvimento Mobile;Tucuruí;2024
298;1537353;2101608;cadastro_cursos;2;2022;2024;3;Universidade Pitágoras Unopar Anhanguera;Desenvolvimento Mobile;Barra do Corda;2024
298;1537353;2301109;cadastro_cursos;2;2021;2024;4;Universidade Pitágoras Unopar Anhanguera;Desenvolvimento Mobile;Aracati;2024
298;1537353;2408003;cadastro_cursos;2;2021;2023;3;Universidade Pitágoras Unopar Anhanguera;Desenvolvimento Mobile;Mossoró;2023
298;1537353;2503704;cadastro_cursos;2;2021;2023;3;Universidade Pitágoras Unopar Anhanguera;Desenvolvimento Mobile;Cajazeiras;2023
298;1537353;2504009;cadastro_cursos;2;2021;2024;4;Universidade Pitágoras Unopar Anhanguera;Desenvolvimento Mobile;Campina Grande;2024
298;1537353;2604106;cadastro_cursos;2;2022;2024;3;Universidade Pitágoras Unopar Anhanguera;Desenvolvimento Mobile;Caruaru;2024
298;1537353;2910602;cadastro_cursos;2;2021;2024;4;Universidade Pitágoras Unopar Anhanguera;Desenvolvimento Mobile;Esplanada;2024
298;1537353;3151800;cadastro_cursos;2;2021;2023;3;Universidade Pitágoras Unopar Anhanguera;Desenvolvimento Mobile;Poços de Caldas;2023
298;1537353;3171204;cadastro_cursos;2;2021;2023;3;Universidade Pitágoras Unopar Anhanguera;Desenvolvimento Mobile;Vespasiano;2023
298;1537353;3300233;cadastro_cursos;2;2022;2024;3;Universidade Pitágoras Unopar Anhanguera;Desenvolvimento Mobile;Armação dos Búzios;2024
298;1537353;3300407;cadastro_cursos;2;2021;2024;4;Universidade Pitágoras Unopar Anhanguera;Desenvolvimento Mobile;Barra Mansa;2024
298;1537353;3302700;cadastro_cursos;2;2022;2024;3;Universidade Pitágoras Unopar Anhanguera;Desenvolvimento Mobile;Maricá;2024
298;1537353;3530102;cadastro_cursos;2;2022;2024;3;Universidade Pitágoras Unopar Anhanguera;Desenvolvimento Mobile;Mirandópolis;2024
298;1537353;3543303;cadastro_cursos;2;2022;2024;3;Universidade Pitágoras Unopar Anhanguera;Desenvolvimento Mobile;Ribeirão Pires;2024
298;1537353;3546801;cadastro_cursos;2;2022;2024;3;Universidade Pitágoras Unopar Anhanguera;Desenvolvimento Mobile;Santa Isabel;2024
298;1537353;4104006;cadastro_cursos;2;2022;2024;3;Universidade Pitágoras Unopar Anhanguera;Desenvolvimento Mobile;Campina Grande do Sul;2024
298;1537353;4214805;cadastro_cursos;2;2021;2023;3;Universidade Pitágoras Unopar Anhanguera;Desenvolvimento Mobile;Rio do Sul;2023
298;1537353;5210208;cadastro_cursos;2;2021;2024;4;Universidade Pitágoras Unopar Anhanguera;Desenvolvimento Mobile;Iporá;2024
298;1537363;1502202;cadastro_cursos;2;2022;2024;3;Universidade Pitágoras Unopar Anhanguera;Devops;Capanema;2024
298;1537363;2906006;cadastro_cursos;2;2022;2024;3;Universidade Pitágoras Unopar Anhanguera;Devops;Campo Formoso;2024
298;1537363;2919553;cadastro_cursos;2;2021;2023;3;Universidade Pitágoras Unopar Anhanguera;Devops;Luís Eduardo Magalhães;2023
298;1537363;3148004;cadastro_cursos;2;2022;2024;3;Universidade Pitágoras Unopar Anhanguera;Devops;Patos de Minas;2024
298;1537363;3169901;cadastro_cursos;2;2022;2024;3;Universidade Pitágoras Unopar Anhanguera;Devops;Ubá;2024
298;1537363;3205101;cadastro_cursos;2;2021;2024;4;Universidade Pitágoras Unopar Anhanguera;Devops;Viana;2024
298;1537363;3302502;cadastro_cursos;2;2022;2024;3;Universidade Pitágoras Unopar Anhanguera;Devops;Magé;2024
298;1537363;3304706;cadastro_cursos;2;2021;2024;4;Universidade Pitágoras Unopar Anhanguera;Devops;Santo Antônio de Pádua;2024
298;1537363;3554003;cadastro_cursos;2;2022;2024;3;Universidade Pitágoras Unopar Anhanguera;Devops;Tatuí;2024
298;1537745;1400100;cadastro_cursos;2;2021;2023;3;Universidade Pitágoras Unopar Anhanguera;Desenvolvimento Para Web;Boa Vista;2023
298;1537745;1500305;cadastro_cursos;2;2021;2023;3;Universidade Pitágoras Unopar Anhanguera;Desenvolvimento Para Web;Afuá;2023
298;1537745;2608909;cadastro_cursos;2;2021;2024;4;Universidade Pitágoras Unopar Anhanguera;Desenvolvimento Para Web;Limoeiro;2024
298;1537745;2905008;cadastro_cursos;2;2022;2024;3;Universidade Pitágoras Unopar Anhanguera;Desenvolvimento Para Web;Caculé;2024
298;1537745;2906873;cadastro_cursos;2;2022;2024;3;Universidade Pitágoras Unopar Anhanguera;Desenvolvimento Para Web;Capim Grosso;2024
298;1537745;3172004;cadastro_cursos;2;2022;2024;3;Universidade Pitágoras Unopar Anhanguera;Desenvolvimento Para Web;Visconde do Rio Branco;2024
298;1537745;3513801;cadastro_cursos;2;2022;2024;3;Universidade Pitágoras Unopar Anhanguera;Desenvolvimento Para Web;Diadema;2024
298;1537745;3515707;cadastro_cursos;2;2022;2024;3;Universidade Pitágoras Unopar Anhanguera;Desenvolvimento Para Web;Ferraz de Vasconcelos;2024
298;1537745;3522307;cadastro_cursos;2;2022;2024;3;Universidade Pitágoras Unopar Anhanguera;Desenvolvimento Para Web;Itapetininga;2024
298;1537745;3528502;cadastro_cursos;2;2022;2024;3;Universidade Pitágoras Unopar Anhanguera;Desenvolvimento Para Web;Mairiporã;2024
298;1537745;3537305;cadastro_cursos;2;2022;2024;3;Universidade Pitágoras Unopar Anhanguera;Desenvolvimento Para Web;Penápolis;2024
298;1537745;3557006;cadastro_cursos;2;2022;2024;3;Universidade Pitágoras Unopar Anhanguera;Desenvolvimento Para Web;Votorantim;2024
298;1537745;4100400;cadastro_cursos;2;2022;2024;3;Universidade Pitágoras Unopar Anhanguera;Desenvolvimento Para Web;Almirante Tamandaré;2024
298;1537745;4101507;cadastro_cursos;2;2021;2024;4;Universidade Pitágoras Unopar Anhanguera;Desenvolvimento Para Web;Arapongas;2024
298;1537745;4102109;cadastro_cursos;2;2021;2024;4;Universidade Pitágoras Unopar Anhanguera;Desenvolvimento Para Web;Astorga;2024
298;1537745;4118204;cadastro_cursos;2;2022;2024;3;Universidade Pitágoras Unopar Anhanguera;Desenvolvimento Para Web;Paranaguá;2024
298;1537745;4307005;cadastro_cursos;2;2022;2024;3;Universidade Pitágoras Unopar Anhanguera;Desenvolvimento Para Web;Erechim;2024
298;1537745;4317202;cadastro_cursos;2;2022;2024;3;Universidade Pitágoras Unopar Anhanguera;Desenvolvimento Para Web;Santa Rosa;2024
298;1537745;5107925;cadastro_cursos;2;2022;2024;3;Universidade Pitágoras Unopar Anhanguera;Desenvolvimento Para Web;Sorriso;2024
298;1548987;1508100;cadastro_cursos;2;2022;2024;3;Universidade Pitágoras Unopar Anhanguera;Arquitetura De Dados;Tucuruí;2024
298;1548987;2604106;cadastro_cursos;2;2022;2024;3;Universidade Pitágoras Unopar Anhanguera;Arquitetura De Dados;Caruaru;2024
298;1548987;2611606;cadastro_cursos;2;2021;2024;4;Universidade Pitágoras Unopar Anhanguera;Arquitetura De Dados;Recife;2024
298;1548987;3201308;cadastro_cursos;2;2022;2024;3;Universidade Pitágoras Unopar Anhanguera;Arquitetura De Dados;Cariacica;2024
298;1548987;3205200;cadastro_cursos;2;2021;2024;4;Universidade Pitágoras Unopar Anhanguera;Arquitetura De Dados;Vila Velha;2024
298;1548987;3300803;cadastro_cursos;2;2022;2024;3;Universidade Pitágoras Unopar Anhanguera;Arquitetura De Dados;Cachoeiras de Macacu;2024
298;1548987;3534302;cadastro_cursos;2;2022;2024;3;Universidade Pitágoras Unopar Anhanguera;Arquitetura De Dados;Orlândia;2024
298;1548987;4104808;cadastro_cursos;2;2022;2024;3;Universidade Pitágoras Unopar Anhanguera;Arquitetura De Dados;Cascavel;2024
298;1548987;4113205;cadastro_cursos;2;2022;2024;3;Universidade Pitágoras Unopar Anhanguera;Arquitetura De Dados;Lapa;2024
298;1548987;4120903;cadastro_cursos;2;2021;2023;3;Universidade Pitágoras Unopar Anhanguera;Arquitetura De Dados;Quedas do Iguaçu;2023
298;1548987;4315404;cadastro_cursos;2;2022;2024;3;Universidade Pitágoras Unopar Anhanguera;Arquitetura De Dados;Redentora;2024
298;1548987;5107602;cadastro_cursos;2;2021;2023;3;Universidade Pitágoras Unopar Anhanguera;Arquitetura De Dados;Rondonópolis;2023
298;1548987;5107909;cadastro_cursos;2;2021;2023;3;Universidade Pitágoras Unopar Anhanguera;Arquitetura De Dados;Sinop;2023
298;1548993;3511102;cadastro_cursos;2;2022;2024;3;Universidade Pitágoras Unopar Anhanguera;Computação Em Nuvem;Catanduva;2024
298;1548993;4202800;cadastro_cursos;2;2022;2024;3;Universidade Pitágoras Unopar Anhanguera;Computação Em Nuvem;Braço do Norte;2024
298;1548993;5107925;cadastro_cursos;2;2022;2024;3;Universidade Pitágoras Unopar Anhanguera;Computação Em Nuvem;Sorriso;2024
298;1548993;5201108;cadastro_cursos;2;2022;2024;3;Universidade Pitágoras Unopar Anhanguera;Computação Em Nuvem;Anápolis;2024
298;1548994;2301109;cadastro_cursos;2;2021;2024;4;Universidade Pitágoras Unopar Anhanguera;Inteligência De Mercado E Análise De Dados;Aracati;2024
298;1548994;2906501;cadastro_cursos;2;2021;2023;3;Universidade Pitágoras Unopar Anhanguera;Inteligência De Mercado E Análise De Dados;Candeias;2023
298;1548994;2909802;cadastro_cursos;2;2022;2024;3;Universidade Pitágoras Unopar Anhanguera;Inteligência De Mercado E Análise De Dados;Cruz das Almas;2024
298;1548994;2919553;cadastro_cursos;2;2022;2024;3;Universidade Pitágoras Unopar Anhanguera;Inteligência De Mercado E Análise De Dados;Luís Eduardo Magalhães;2024
298;1548994;3122306;cadastro_cursos;2;2022;2024;3;Universidade Pitágoras Unopar Anhanguera;Inteligência De Mercado E Análise De Dados;Divinópolis;2024
298;1548994;3135100;cadastro_cursos;2;2021;2024;4;Universidade Pitágoras Unopar Anhanguera;Inteligência De Mercado E Análise De Dados;Janaúba;2024
298;1548994;3203908;cadastro_cursos;2;2022;2024;3;Universidade Pitágoras Unopar Anhanguera;Inteligência De Mercado E Análise De Dados;Nova Venécia;2024
298;1548994;3523404;cadastro_cursos;2;2022;2024;3;Universidade Pitágoras Unopar Anhanguera;Inteligência De Mercado E Análise De Dados;Itatiba;2024
298;1548994;3550605;cadastro_cursos;2;2022;2024;3;Universidade Pitágoras Unopar Anhanguera;Inteligência De Mercado E Análise De Dados;São Roque;2024
298;1548994;4107652;cadastro_cursos;2;2022;2024;3;Universidade Pitágoras Unopar Anhanguera;Inteligência De Mercado E Análise De Dados;Fazenda Rio Grande;2024
298;1548994;4114609;cadastro_cursos;2;2021;2024;4;Universidade Pitágoras Unopar Anhanguera;Inteligência De Mercado E Análise De Dados;Marechal Cândido Rondon;2024
298;1548994;4203006;cadastro_cursos;2;2022;2024;3;Universidade Pitágoras Unopar Anhanguera;Inteligência De Mercado E Análise De Dados;Caçador;2024
298;1548994;4310207;cadastro_cursos;2;2022;2024;3;Universidade Pitágoras Unopar Anhanguera;Inteligência De Mercado E Análise De Dados;Ijuí;2024
298;1548994;4314100;cadastro_cursos;2;2022;2024;3;Universidade Pitágoras Unopar Anhanguera;Inteligência De Mercado E Análise De Dados;Passo Fundo;2024
298;1548994;4317905;cadastro_cursos;2;2022;2024;3;Universidade Pitágoras Unopar Anhanguera;Inteligência De Mercado E Análise De Dados;Santo Cristo;2024
298;1548994;4318705;cadastro_cursos;2;2022;2024;3;Universidade Pitágoras Unopar Anhanguera;Inteligência De Mercado E Análise De Dados;São Leopoldo;2024
298;1549929;1500206;cadastro_cursos;2;2022;2024;3;Universidade Pitágoras Unopar Anhanguera;Redes De Computadores;Acará;2024
298;1549929;1502954;cadastro_cursos;2;2022;2024;3;Universidade Pitágoras Unopar Anhanguera;Redes De Computadores;Eldorado do Carajás;2024
298;1549929;1506195;cadastro_cursos;2;2022;2024;3;Universidade Pitágoras Unopar Anhanguera;Redes De Computadores;Rurópolis;2024
298;1549929;1600535;cadastro_cursos;2;2022;2024;3;Universidade Pitágoras Unopar Anhanguera;Redes De Computadores;Porto Grande;2024
298;1549929;2203909;cadastro_cursos;2;2022;2024;3;Universidade Pitágoras Unopar Anhanguera;Redes De Computadores;Floriano;2024
298;1549929;2501807;cadastro_cursos;2;2022;2024;3;Universidade Pitágoras Unopar Anhanguera;Redes De Computadores;Bayeux;2024
298;1549929;2704500;cadastro_cursos;2;2022;2024;3;Universidade Pitágoras Unopar Anhanguera;Redes De Computadores;Maragogi;2024
298;1549929;2903904;cadastro_cursos;2;2022;2024;3;Universidade Pitágoras Unopar Anhanguera;Redes De Computadores;Bom Jesus da Lapa;2024
298;1549929;2914703;cadastro_cursos;2;2022;2024;3;Universidade Pitágoras Unopar Anhanguera;Redes De Computadores;Itaberaba;2024
298;1549929;2928109;cadastro_cursos;2;2022;2024;3;Universidade Pitágoras Unopar Anhanguera;Redes De Computadores;Santa Maria da Vitória;2024
298;1549929;3121605;cadastro_cursos;2;2021;2023;3;Universidade Pitágoras Unopar Anhanguera;Redes De Computadores;Diamantina;2023
298;1549929;3132503;cadastro_cursos;2;2022;2024;3;Universidade Pitágoras Unopar Anhanguera;Redes De Computadores;Itamarandiba;2024
298;1549929;3304201;cadastro_cursos;2;2022;2024;3;Universidade Pitágoras Unopar Anhanguera;Redes De Computadores;Resende;2024
298;1549929;3522703;cadastro_cursos;2;2022;2024;3;Universidade Pitágoras Unopar Anhanguera;Redes De Computadores;Itápolis;2024
298;1549929;3523107;cadastro_cursos;2;2022;2024;3;Universidade Pitágoras Unopar Anhanguera;Redes De Computadores;Itaquaquecetuba;2024
298;1549929;3538808;cadastro_cursos;2;2022;2024;3;Universidade Pitágoras Unopar Anhanguera;Redes De Computadores;Piraju;2024
298;1549929;4105508;cadastro_cursos;2;2021;2023;3;Universidade Pitágoras Unopar Anhanguera;Redes De Computadores;Cianorte;2023
298;1549929;4124806;cadastro_cursos;2;2021;2024;4;Universidade Pitágoras Unopar Anhanguera;Redes De Computadores;São João;2024
298;1549929;4216909;cadastro_cursos;2;2021;2024;4;Universidade Pitágoras Unopar Anhanguera;Redes De Computadores;São Lourenço do Oeste;2024
298;1549929;4219507;cadastro_cursos;2;2022;2024;3;Universidade Pitágoras Unopar Anhanguera;Redes De Computadores;Xanxerê;2024
298;1549929;4309605;cadastro_cursos;2;2021;2023;3;Universidade Pitágoras Unopar Anhanguera;Redes De Computadores;Horizontina;2023
298;1549929;4315503;cadastro_cursos;2;2021;2024;4;Universidade Pitágoras Unopar Anhanguera;Redes De Computadores;Restinga Sêca;2024
298;1549929;5107602;cadastro_cursos;2;2021;2023;3;Universidade Pitágoras Unopar Anhanguera;Redes De Computadores;Rondonópolis;2023
298;1549929;5107925;cadastro_cursos;2;2022;2024;3;Universidade Pitágoras Unopar Anhanguera;Redes De Computadores;Sorriso;2024
298;1549929;5108501;cadastro_cursos;2;2022;2024;3;Universidade Pitágoras Unopar Anhanguera;Redes De Computadores;Vera;2024
298;1549929;5218904;cadastro_cursos;2;2022;2024;3;Universidade Pitágoras Unopar Anhanguera;Redes De Computadores;Rubiataba;2024
298;1549931;1502939;cadastro_cursos;2;2022;2024;3;Universidade Pitágoras Unopar Anhanguera;Ciências De Dados;Dom Eliseu;2024
298;1549931;1702109;cadastro_cursos;2;2021;2023;3;Universidade Pitágoras Unopar Anhanguera;Ciências De Dados;Araguaína;2023
298;1549931;2612505;cadastro_cursos;2;2022;2024;3;Universidade Pitágoras Unopar Anhanguera;Ciências De Dados;Santa Cruz do Capibaribe;2024
298;1549931;3144607;cadastro_cursos;2;2022;2024;3;Universidade Pitágoras Unopar Anhanguera;Ciências De Dados;Nepomuceno;2024
298;1549931;3146305;cadastro_cursos;2;2021;2023;3;Universidade Pitágoras Unopar Anhanguera;Ciências De Dados;Padre Paraíso;2023
298;1549931;3162500;cadastro_cursos;2;2021;2024;4;Universidade Pitágoras Unopar Anhanguera;Ciências De Dados;São João del Rei;2024
298;1549931;3169901;cadastro_cursos;2;2021;2024;4;Universidade Pitágoras Unopar Anhanguera;Ciências De Dados;Ubá;2024
298;1549931;3201506;cadastro_cursos;2;2021;2023;3;Universidade Pitágoras Unopar Anhanguera;Ciências De Dados;Colatina;2023
298;1549931;3507506;cadastro_cursos;2;2022;2024;3;Universidade Pitágoras Unopar Anhanguera;Ciências De Dados;Botucatu;2024
298;1549931;4113205;cadastro_cursos;2;2021;2024;4;Universidade Pitágoras Unopar Anhanguera;Ciências De Dados;Lapa;2024
298;1549931;4122206;cadastro_cursos;2;2022;2024;3;Universidade Pitágoras Unopar Anhanguera;Ciências De Dados;Rio Branco do Sul;2024
298;1549931;4208302;cadastro_cursos;2;2022;2024;3;Universidade Pitágoras Unopar Anhanguera;Ciências De Dados;Itapema;2024
298;1549931;4309407;cadastro_cursos;2;2022;2024;3;Universidade Pitágoras Unopar Anhanguera;Ciências De Dados;Guaporé;2024
298;1549931;4309605;cadastro_cursos;2;2022;2024;3;Universidade Pitágoras Unopar Anhanguera;Ciências De Dados;Horizontina;2024
298;1549931;5205406;cadastro_cursos;2;2022;2024;3;Universidade Pitágoras Unopar Anhanguera;Ciências De Dados;Ceres;2024
298;1549931;5208004;cadastro_cursos;2;2022;2024;3;Universidade Pitágoras Unopar Anhanguera;Ciências De Dados;Formosa;2024
298;1549931;5217708;cadastro_cursos;2;2021;2024;4;Universidade Pitágoras Unopar Anhanguera;Ciências De Dados;Pontalina;2024
298;1549944;1301902;cadastro_cursos;2;2021;2024;4;Universidade Pitágoras Unopar Anhanguera;Cibersegurança;Itacoatiara;2024
298;1549944;1500305;cadastro_cursos;2;2022;2024;3;Universidade Pitágoras Unopar Anhanguera;Cibersegurança;Afuá;2024
298;1549944;1506138;cadastro_cursos;2;2022;2024;3;Universidade Pitágoras Unopar Anhanguera;Cibersegurança;Redenção;2024
298;1549944;1506708;cadastro_cursos;2;2022;2024;3;Universidade Pitágoras Unopar Anhanguera;Cibersegurança;Santana do Araguaia;2024
298;1549944;2102804;cadastro_cursos;2;2022;2024;3;Universidade Pitágoras Unopar Anhanguera;Cibersegurança;Carolina;2024
298;1549944;2210607;cadastro_cursos;2;2022;2024;3;Universidade Pitágoras Unopar Anhanguera;Cibersegurança;São Raimundo Nonato;2024
298;1549944;2303501;cadastro_cursos;2;2022;2024;3;Universidade Pitágoras Unopar Anhanguera;Cibersegurança;Cascavel;2024
298;1549944;2305506;cadastro_cursos;2;2021;2023;3;Universidade Pitágoras Unopar Anhanguera;Cibersegurança;Iguatu;2023
298;1549944;2503704;cadastro_cursos;2;2022;2024;3;Universidade Pitágoras Unopar Anhanguera;Cibersegurança;Cajazeiras;2024
298;1549944;2607208;cadastro_cursos;2;2022;2024;3;Universidade Pitágoras Unopar Anhanguera;Cibersegurança;Ipojuca;2024
298;1549944;2910800;cadastro_cursos;2;2021;2023;3;Universidade Pitágoras Unopar Anhanguera;Cibersegurança;Feira de Santana;2023
298;1549944;3105608;cadastro_cursos;2;2022;2024;3;Universidade Pitágoras Unopar Anhanguera;Cibersegurança;Barbacena;2024
298;1549944;3133758;cadastro_cursos;2;2021;2023;3;Universidade Pitágoras Unopar Anhanguera;Cibersegurança;Itaú de Minas;2023
298;1549944;3170701;cadastro_cursos;2;2022;2024;3;Universidade Pitágoras Unopar Anhanguera;Cibersegurança;Varginha;2024
298;1549944;3300605;cadastro_cursos;2;2021;2023;3;Universidade Pitágoras Unopar Anhanguera;Cibersegurança;Bom Jesus do Itabapoana;2023
298;1549944;3300803;cadastro_cursos;2;2021;2023;3;Universidade Pitágoras Unopar Anhanguera;Cibersegurança;Cachoeiras de Macacu;2023
298;1549944;3543907;cadastro_cursos;2;2022;2024;3;Universidade Pitágoras Unopar Anhanguera;Cibersegurança;Rio Claro;2024
298;1549944;3557105;cadastro_cursos;2;2021;2024;4;Universidade Pitágoras Unopar Anhanguera;Cibersegurança;Votuporanga;2024
298;1549944;4116901;cadastro_cursos;2;2022;2024;3;Universidade Pitágoras Unopar Anhanguera;Cibersegurança;Nova Esperança;2024
298;1549944;4207304;cadastro_cursos;2;2021;2023;3;Universidade Pitágoras Unopar Anhanguera;Cibersegurança;Imbituba;2023
298;1549944;4216107;cadastro_cursos;2;2022;2024;3;Universidade Pitágoras Unopar Anhanguera;Cibersegurança;São Domingos;2024
298;1549944;4218202;cadastro_cursos;2;2022;2024;3;Universidade Pitágoras Unopar Anhanguera;Cibersegurança;Timbó;2024
298;1549944;4302808;cadastro_cursos;2;2021;2023;3;Universidade Pitágoras Unopar Anhanguera;Cibersegurança;Caçapava do Sul;2023
298;1549944;4313706;cadastro_cursos;2;2022;2024;3;Universidade Pitágoras Unopar Anhanguera;Cibersegurança;Palmeira das Missões;2024
298;1549944;4317400;cadastro_cursos;2;2021;2023;3;Universidade Pitágoras Unopar Anhanguera;Cibersegurança;Santiago;2023
298;1549944;4322509;cadastro_cursos;2;2022;2024;3;Universidade Pitágoras Unopar Anhanguera;Cibersegurança;Vacaria;2024
298;1549944;5102637;cadastro_cursos;2;2022;2024;3;Universidade Pitágoras Unopar Anhanguera;Cibersegurança;Campo Novo do Parecis;2024
298;1549944;5103304;cadastro_cursos;2;2022;2024;3;Universidade Pitágoras Unopar Anhanguera;Cibersegurança;Comodoro;2024
298;1549944;5108501;cadastro_cursos;2;2022;2024;3;Universidade Pitágoras Unopar Anhanguera;Cibersegurança;Vera;2024
298;1549944;5220454;cadastro_cursos;2;2022;2024;3;Universidade Pitágoras Unopar Anhanguera;Cibersegurança;Senador Canedo;2024
298;1575931;1200708;cadastro_cursos;2;2022;2024;3;Universidade Pitágoras Unopar Anhanguera;Sistemas Para Internet;Xapuri;2024
298;1575931;1400100;cadastro_cursos;2;2022;2024;3;Universidade Pitágoras Unopar Anhanguera;Sistemas Para Internet;Boa Vista;2024
298;1575931;2902906;cadastro_cursos;2;2022;2024;3;Universidade Pitágoras Unopar Anhanguera;Sistemas Para Internet;Barra do Choça;2024
298;1575931;3113701;cadastro_cursos;2;2022;2024;3;Universidade Pitágoras Unopar Anhanguera;Sistemas Para Internet;Carlos Chagas;2024
298;1575931;3144300;cadastro_cursos;2;2022;2024;3;Universidade Pitágoras Unopar Anhanguera;Sistemas Para Internet;Nanuque;2024
298;1575931;3152501;cadastro_cursos;2;2022;2024;3;Universidade Pitágoras Unopar Anhanguera;Sistemas Para Internet;Pouso Alegre;2024
298;1575931;4104204;cadastro_cursos;2;2022;2024;3;Universidade Pitágoras Unopar Anhanguera;Sistemas Para Internet;Campo Largo;2024
298;1575931;4117701;cadastro_cursos;2;2022;2024;3;Universidade Pitágoras Unopar Anhanguera;Sistemas Para Internet;Palmeira;2024
298;1575931;4314803;cadastro_cursos;2;2022;2024;3;Universidade Pitágoras Unopar Anhanguera;Sistemas Para Internet;Portão;2024
298;1575931;4319604;cadastro_cursos;2;2022;2024;3;Universidade Pitágoras Unopar Anhanguera;Sistemas Para Internet;São Sepé;2024
298;1575931;4319901;cadastro_cursos;2;2022;2024;3;Universidade Pitágoras Unopar Anhanguera;Sistemas Para Internet;Sapiranga;2024
298;1575931;5103254;cadastro_cursos;2;2022;2024;3;Universidade Pitágoras Unopar Anhanguera;Sistemas Para Internet;Colniza;2024
298;1575931;5211503;cadastro_cursos;2;2022;2024;3;Universidade Pitágoras Unopar Anhanguera;Sistemas Para Internet;Itumbiara;2024
298;1575932;1505106;cadastro_cursos;2;2022;2024;3;Universidade Pitágoras Unopar Anhanguera;Engenharia De Software;Óbidos;2024
298;1575932;1708205;cadastro_cursos;2;2022;2024;3;Universidade Pitágoras Unopar Anhanguera;Engenharia De Software;Formoso do Araguaia;2024
298;1575932;2200202;cadastro_cursos;2;2022;2024;3;Universidade Pitágoras Unopar Anhanguera;Engenharia De Software;Água Branca;2024
298;1575932;2900108;cadastro_cursos;2;2022;2024;3;Universidade Pitágoras Unopar Anhanguera;Engenharia De Software;Abaíra;2024
298;1575932;2905206;cadastro_cursos;2;2022;2024;3;Universidade Pitágoras Unopar Anhanguera;Engenharia De Software;Caetité;2024
298;1575932;2916807;cadastro_cursos;2;2022;2024;3;Universidade Pitágoras Unopar Anhanguera;Engenharia De Software;Itarantim;2024
298;1575932;2926400;cadastro_cursos;2;2022;2024;3;Universidade Pitágoras Unopar Anhanguera;Engenharia De Software;Riacho de Santana;2024
298;1575932;3141108;cadastro_cursos;2;2022;2024;3;Universidade Pitágoras Unopar Anhanguera;Engenharia De Software;Matozinhos;2024
298;1575932;3141801;cadastro_cursos;2;2021;2024;4;Universidade Pitágoras Unopar Anhanguera;Engenharia De Software;Minas Novas;2024
298;1575932;3523206;cadastro_cursos;2;2022;2024;3;Universidade Pitágoras Unopar Anhanguera;Engenharia De Software;Itararé;2024
298;1575932;3529203;cadastro_cursos;2;2022;2024;3;Universidade Pitágoras Unopar Anhanguera;Engenharia De Software;Martinópolis;2024
298;1575932;3542206;cadastro_cursos;2;2022;2024;3;Universidade Pitágoras Unopar Anhanguera;Engenharia De Software;Rancharia;2024
298;1575932;4313300;cadastro_cursos;2;2022;2024;3;Universidade Pitágoras Unopar Anhanguera;Engenharia De Software;Nova Prata;2024
298;1575932;4315701;cadastro_cursos;2;2022;2024;3;Universidade Pitágoras Unopar Anhanguera;Engenharia De Software;Rio Pardo;2024
298;1575932;5212204;cadastro_cursos;2;2022;2024;3;Universidade Pitágoras Unopar Anhanguera;Engenharia De Software;Jussara;2024
298;1575932;5214002;cadastro_cursos;2;2022;2024;3;Universidade Pitágoras Unopar Anhanguera;Engenharia De Software;Mozarlândia;2024
298;1575932;5221403;cadastro_cursos;2;2021;2024;4;Universidade Pitágoras Unopar Anhanguera;Engenharia De Software;Trindade;2024
298;1576074;1101104;cadastro_cursos;2;2022;2024;3;Universidade Pitágoras Unopar Anhanguera;Gestão Da Tecnologia Da Informação;Itapuã do Oeste;2024
298;1576074;2101608;cadastro_cursos;2;2022;2024;3;Universidade Pitágoras Unopar Anhanguera;Gestão Da Tecnologia Da Informação;Barra do Corda;2024
298;1576074;2411601;cadastro_cursos;2;2021;2024;4;Universidade Pitágoras Unopar Anhanguera;Gestão Da Tecnologia Da Informação;São Bento do Norte;2024
298;1576074;2606606;cadastro_cursos;2;2021;2024;4;Universidade Pitágoras Unopar Anhanguera;Gestão Da Tecnologia Da Informação;Ibimirim;2024
298;1576074;2609907;cadastro_cursos;2;2022;2024;3;Universidade Pitágoras Unopar Anhanguera;Gestão Da Tecnologia Da Informação;Ouricuri;2024
298;1576074;2902906;cadastro_cursos;2;2022;2024;3;Universidade Pitágoras Unopar Anhanguera;Gestão Da Tecnologia Da Informação;Barra do Choça;2024
298;1576074;3134400;cadastro_cursos;2;2022;2024;3;Universidade Pitágoras Unopar Anhanguera;Gestão Da Tecnologia Da Informação;Iturama;2024
298;1576074;3139003;cadastro_cursos;2;2022;2024;3;Universidade Pitágoras Unopar Anhanguera;Gestão Da Tecnologia Da Informação;Machado;2024
298;1576074;3141108;cadastro_cursos;2;2022;2024;3;Universidade Pitágoras Unopar Anhanguera;Gestão Da Tecnologia Da Informação;Matozinhos;2024
298;1576074;3141801;cadastro_cursos;2;2022;2024;3;Universidade Pitágoras Unopar Anhanguera;Gestão Da Tecnologia Da Informação;Minas Novas;2024
298;1576074;3301207;cadastro_cursos;2;2022;2024;3;Universidade Pitágoras Unopar Anhanguera;Gestão Da Tecnologia Da Informação;Carmo;2024
298;1576074;3505302;cadastro_cursos;2;2022;2024;3;Universidade Pitágoras Unopar Anhanguera;Gestão Da Tecnologia Da Informação;Barra Bonita;2024
298;1576074;3507803;cadastro_cursos;2;2022;2024;3;Universidade Pitágoras Unopar Anhanguera;Gestão Da Tecnologia Da Informação;Brodowski;2024
298;1576074;3509700;cadastro_cursos;2;2022;2024;3;Universidade Pitágoras Unopar Anhanguera;Gestão Da Tecnologia Da Informação;Campos do Jordão;2024
298;1576074;3541307;cadastro_cursos;2;2022;2024;3;Universidade Pitágoras Unopar Anhanguera;Gestão Da Tecnologia Da Informação;Presidente Epitácio;2024
298;1576074;4110102;cadastro_cursos;2;2022;2024;3;Universidade Pitágoras Unopar Anhanguera;Gestão Da Tecnologia Da Informação;Imbituva;2024
298;1576074;5107065;cadastro_cursos;2;2022;2024;3;Universidade Pitágoras Unopar Anhanguera;Gestão Da Tecnologia Da Informação;Querência;2024
298;1576074;5201306;cadastro_cursos;2;2021;2023;3;Universidade Pitágoras Unopar Anhanguera;Gestão Da Tecnologia Da Informação;Anicuns;2023
298;1576074;5220108;cadastro_cursos;2;2022;2024;3;Universidade Pitágoras Unopar Anhanguera;Gestão Da Tecnologia Da Informação;São Luís de Montes Belos;2024
298;1576077;2606408;cadastro_cursos;2;2022;2024;3;Universidade Pitágoras Unopar Anhanguera;Jogos Digitais;Gravatá;2024
298;1576077;3133758;cadastro_cursos;2;2022;2024;3;Universidade Pitágoras Unopar Anhanguera;Jogos Digitais;Itaú de Minas;2024
298;1576077;3205002;cadastro_cursos;2;2022;2024;3;Universidade Pitágoras Unopar Anhanguera;Jogos Digitais;Serra;2024
298;1576077;3523404;cadastro_cursos;2;2022;2024;3;Universidade Pitágoras Unopar Anhanguera;Jogos Digitais;Itatiba;2024
298;1576077;4208203;cadastro_cursos;2;2022;2024;3;Universidade Pitágoras Unopar Anhanguera;Jogos Digitais;Itajaí;2024
298;1596681;1506807;cadastro_cursos;2;2022;2024;3;Universidade Pitágoras Unopar Anhanguera;Sistemas De Informação;Santarém;2024
298;1596681;2602902;cadastro_cursos;2;2022;2024;3;Universidade Pitágoras Unopar Anhanguera;Sistemas De Informação;Cabo de Santo Agostinho;2024
298;1596681;2803500;cadastro_cursos;2;2022;2024;3;Universidade Pitágoras Unopar Anhanguera;Sistemas De Informação;Lagarto;2024
298;1596681;3104205;cadastro_cursos;2;2022;2024;3;Universidade Pitágoras Unopar Anhanguera;Sistemas De Informação;Arcos;2024
298;1596681;3530300;cadastro_cursos;2;2022;2024;3;Universidade Pitágoras Unopar Anhanguera;Sistemas De Informação;Mirassol;2024
298;1596681;3542206;cadastro_cursos;2;2022;2024;3;Universidade Pitágoras Unopar Anhanguera;Sistemas De Informação;Rancharia;2024
298;1596681;3549706;cadastro_cursos;2;2022;2024;3;Universidade Pitágoras Unopar Anhanguera;Sistemas De Informação;São José do Rio Pardo;2024
298;1596681;4100400;cadastro_cursos;2;2022;2024;3;Universidade Pitágoras Unopar Anhanguera;Sistemas De Informação;Almirante Tamandaré;2024
298;1596681;4318309;cadastro_cursos;2;2022;2024;3;Universidade Pitágoras Unopar Anhanguera;Sistemas De Informação;São Gabriel;2024
298;1596681;5102504;cadastro_cursos;2;2022;2024;3;Universidade Pitágoras Unopar Anhanguera;Sistemas De Informação;Cáceres;2024
298;1596706;3548807;cadastro_cursos;2;2022;2024;3;Universidade Pitágoras Unopar Anhanguera;Segurança Da Informação;São Caetano do Sul;2024
298;1596706;4300109;cadastro_cursos;2;2022;2024;3;Universidade Pitágoras Unopar Anhanguera;Segurança Da Informação;Agudo;2024
298;1617736;1600303;cadastro_cursos;2;2022;2024;3;Universidade Pitágoras Unopar Anhanguera;Engenharia De Computação;Macapá;2024
322;100320;1100122;cadastro_cursos;2;2012;2014;3;UNIVERSIDADE PAULISTA;GESTÃO DE SISTEMAS DE INFORMAÇÃO;Ji-Paraná;2014
322;100320;1100205;cadastro_cursos;2;2012;2014;3;UNIVERSIDADE PAULISTA;GESTÃO DE SISTEMAS DE INFORMAÇÃO;Porto Velho;2014
322;100320;1200401;cadastro_cursos;2;2012;2014;3;UNIVERSIDADE PAULISTA;GESTÃO DE SISTEMAS DE INFORMAÇÃO;Rio Branco;2014
322;100320;1301209;cadastro_cursos;2;2012;2014;3;UNIVERSIDADE PAULISTA;GESTÃO DE SISTEMAS DE INFORMAÇÃO;Coari;2014
322;100320;1302603;cadastro_cursos;2;2012;2014;3;UNIVERSIDADE PAULISTA;GESTÃO DE SISTEMAS DE INFORMAÇÃO;Manaus;2014
322;100320;1500602;cadastro_cursos;2;2012;2014;3;UNIVERSIDADE PAULISTA;GESTÃO DE SISTEMAS DE INFORMAÇÃO;Altamira;2014
322;100320;1502202;cadastro_cursos;2;2012;2014;3;UNIVERSIDADE PAULISTA;GESTÃO DE SISTEMAS DE INFORMAÇÃO;Capanema;2014
322;100320;1702109;cadastro_cursos;2;2012;2014;3;UNIVERSIDADE PAULISTA;GESTÃO DE SISTEMAS DE INFORMAÇÃO;Araguaína;2014
322;100320;1709500;cadastro_cursos;2;2012;2014;3;UNIVERSIDADE PAULISTA;GESTÃO DE SISTEMAS DE INFORMAÇÃO;Gurupi;2014
322;100320;1721000;cadastro_cursos;2;2012;2014;3;UNIVERSIDADE PAULISTA;GESTÃO DE SISTEMAS DE INFORMAÇÃO;Palmas;2014
322;100320;1721208;cadastro_cursos;2;2012;2014;3;UNIVERSIDADE PAULISTA;GESTÃO DE SISTEMAS DE INFORMAÇÃO;Tocantinópolis;2014
322;100320;2111300;cadastro_cursos;2;2012;2014;3;UNIVERSIDADE PAULISTA;GESTÃO DE SISTEMAS DE INFORMAÇÃO;São Luís;2014
322;100320;2307650;cadastro_cursos;2;2012;2014;3;UNIVERSIDADE PAULISTA;GESTÃO DE SISTEMAS DE INFORMAÇÃO;Maracanaú;2014
322;100320;2403103;cadastro_cursos;2;2012;2014;3;UNIVERSIDADE PAULISTA;GESTÃO DE SISTEMAS DE INFORMAÇÃO;Currais Novos;2014
322;100320;2408102;cadastro_cursos;2;2012;2014;3;UNIVERSIDADE PAULISTA;GESTÃO DE SISTEMAS DE INFORMAÇÃO;Natal;2014
322;100320;2503704;cadastro_cursos;2;2012;2014;3;UNIVERSIDADE PAULISTA;GESTÃO DE SISTEMAS DE INFORMAÇÃO;Cajazeiras;2014
322;100320;2507507;cadastro_cursos;2;2012;2014;3;UNIVERSIDADE PAULISTA;GESTÃO DE SISTEMAS DE INFORMAÇÃO;João Pessoa;2014
322;100320;2611101;cadastro_cursos;2;2012;2014;3;UNIVERSIDADE PAULISTA;GESTÃO DE SISTEMAS DE INFORMAÇÃO;Petrolina;2014
322;100320;2611606;cadastro_cursos;2;2012;2014;3;UNIVERSIDADE PAULISTA;GESTÃO DE SISTEMAS DE INFORMAÇÃO;Recife;2014
322;100320;2616407;cadastro_cursos;2;2012;2014;3;UNIVERSIDADE PAULISTA;GESTÃO DE SISTEMAS DE INFORMAÇÃO;Vitória de Santo Antão;2014
322;100320;2700300;cadastro_cursos;2;2012;2014;3;UNIVERSIDADE PAULISTA;GESTÃO DE SISTEMAS DE INFORMAÇÃO;Arapiraca;2014
322;100320;2704302;cadastro_cursos;2;2012;2014;3;UNIVERSIDADE PAULISTA;GESTÃO DE SISTEMAS DE INFORMAÇÃO;Maceió;2014
322;100320;2708600;cadastro_cursos;2;2012;2014;3;UNIVERSIDADE PAULISTA;GESTÃO DE SISTEMAS DE INFORMAÇÃO;São Miguel dos Campos;2014
322;100320;2904605;cadastro_cursos;2;2012;2014;3;UNIVERSIDADE PAULISTA;GESTÃO DE SISTEMAS DE INFORMAÇÃO;Brumado;2014
322;100320;2927408;cadastro_cursos;2;2012;2014;3;UNIVERSIDADE PAULISTA;GESTÃO DE SISTEMAS DE INFORMAÇÃO;Salvador;2014
322;100320;2928109;cadastro_cursos;2;2012;2014;3;UNIVERSIDADE PAULISTA;GESTÃO DE SISTEMAS DE INFORMAÇÃO;Santa Maria da Vitória;2014
322;100320;3101706;cadastro_cursos;2;2010;2013;4;UNIVERSIDADE PAULISTA;GESTÃO DE SISTEMAS DE INFORMAÇÃO;Almenara;2013
322;100320;3104304;cadastro_cursos;2;2012;2014;3;UNIVERSIDADE PAULISTA;GESTÃO DE SISTEMAS DE INFORMAÇÃO;Areado;2014
322;100320;3106200;cadastro_cursos;2;2012;2014;3;UNIVERSIDADE PAULISTA;GESTÃO DE SISTEMAS DE INFORMAÇÃO;Belo Horizonte;2014
322;100320;3118601;cadastro_cursos;2;2012;2014;3;UNIVERSIDADE PAULISTA;GESTÃO DE SISTEMAS DE INFORMAÇÃO;Contagem;2014
322;100320;3127701;cadastro_cursos;2;2012;2014;3;UNIVERSIDADE PAULISTA;GESTÃO DE SISTEMAS DE INFORMAÇÃO;Governador Valadares;2014
322;100320;3128709;cadastro_cursos;2;2012;2014;3;UNIVERSIDADE PAULISTA;GESTÃO DE SISTEMAS DE INFORMAÇÃO;Guaxupé;2014
322;100320;3132404;cadastro_cursos;2;2012;2014;3;UNIVERSIDADE PAULISTA;GESTÃO DE SISTEMAS DE INFORMAÇÃO;Itajubá;2014
322;100320;3137601;cadastro_cursos;2;2012;2014;3;UNIVERSIDADE PAULISTA;GESTÃO DE SISTEMAS DE INFORMAÇÃO;Lagoa Santa;2014
322;100320;3139409;cadastro_cursos;2;2012;2014;3;UNIVERSIDADE PAULISTA;GESTÃO DE SISTEMAS DE INFORMAÇÃO;Manhuaçu;2014
322;100320;3147907;cadastro_cursos;2;2012;2014;3;UNIVERSIDADE PAULISTA;GESTÃO DE SISTEMAS DE INFORMAÇÃO;Passos;2014
322;100320;3148004;cadastro_cursos;2;2012;2014;3;UNIVERSIDADE PAULISTA;GESTÃO DE SISTEMAS DE INFORMAÇÃO;Patos de Minas;2014
322;100320;3151206;cadastro_cursos;2;2012;2014;3;UNIVERSIDADE PAULISTA;GESTÃO DE SISTEMAS DE INFORMAÇÃO;Pirapora;2014
322;100320;3151800;cadastro_cursos;2;2012;2014;3;UNIVERSIDADE PAULISTA;GESTÃO DE SISTEMAS DE INFORMAÇÃO;Poços de Caldas;2014
322;100320;3152501;cadastro_cursos;2;2012;2014;3;UNIVERSIDADE PAULISTA;GESTÃO DE SISTEMAS DE INFORMAÇÃO;Pouso Alegre;2014
322;100320;3169406;cadastro_cursos;2;2012;2014;3;UNIVERSIDADE PAULISTA;GESTÃO DE SISTEMAS DE INFORMAÇÃO;Três Pontas;2014
322;100320;3170107;cadastro_cursos;2;2012;2014;3;UNIVERSIDADE PAULISTA;GESTÃO DE SISTEMAS DE INFORMAÇÃO;Uberaba;2014
322;100320;3170206;cadastro_cursos;2;2012;2014;3;UNIVERSIDADE PAULISTA;GESTÃO DE SISTEMAS DE INFORMAÇÃO;Uberlândia;2014
322;100320;3170404;cadastro_cursos;2;2012;2014;3;UNIVERSIDADE PAULISTA;GESTÃO DE SISTEMAS DE INFORMAÇÃO;Unaí;2014
322;100320;3200607;cadastro_cursos;2;2012;2014;3;UNIVERSIDADE PAULISTA;GESTÃO DE SISTEMAS DE INFORMAÇÃO;Aracruz;2014
322;100320;3201209;cadastro_cursos;2;2012;2014;3;UNIVERSIDADE PAULISTA;GESTÃO DE SISTEMAS DE INFORMAÇÃO;Cachoeiro de Itapemirim;2014
322;100320;3201308;cadastro_cursos;2;2012;2014;3;UNIVERSIDADE PAULISTA;GESTÃO DE SISTEMAS DE INFORMAÇÃO;Cariacica;2014
322;100320;3302403;cadastro_cursos;2;2011;2014;4;UNIVERSIDADE PAULISTA;GESTÃO DE SISTEMAS DE INFORMAÇÃO;Macaé;2014
322;100320;3500105;cadastro_cursos;2;2012;2014;3;UNIVERSIDADE PAULISTA;GESTÃO DE SISTEMAS DE INFORMAÇÃO;Adamantina;2014
322;100320;3500501;cadastro_cursos;2;2011;2013;3;UNIVERSIDADE PAULISTA;GESTÃO DE SISTEMAS DE INFORMAÇÃO;Águas de Lindóia;2013
322;100320;3501608;cadastro_cursos;2;2012;2014;3;UNIVERSIDADE PAULISTA;GESTÃO DE SISTEMAS DE INFORMAÇÃO;Americana;2014
322;100320;3502101;cadastro_cursos;2;2012;2014;3;UNIVERSIDADE PAULISTA;GESTÃO DE SISTEMAS DE INFORMAÇÃO;Andradina;2014
322;100320;3503208;cadastro_cursos;2;2012;2014;3;UNIVERSIDADE PAULISTA;GESTÃO DE SISTEMAS DE INFORMAÇÃO;Araraquara;2014
322;100320;3503307;cadastro_cursos;2;2012;2014;3;UNIVERSIDADE PAULISTA;GESTÃO DE SISTEMAS DE INFORMAÇÃO;Araras;2014
322;100320;3503901;cadastro_cursos;2;2012;2014;3;UNIVERSIDADE PAULISTA;GESTÃO DE SISTEMAS DE INFORMAÇÃO;Arujá;2014
322;100320;3504008;cadastro_cursos;2;2012;2014;3;UNIVERSIDADE PAULISTA;GESTÃO DE SISTEMAS DE INFORMAÇÃO;Assis;2014
322;100320;3504107;cadastro_cursos;2;2012;2014;3;UNIVERSIDADE PAULISTA;GESTÃO DE SISTEMAS DE INFORMAÇÃO;Atibaia;2014
322;100320;3505500;cadastro_cursos;2;2012;2014;3;UNIVERSIDADE PAULISTA;GESTÃO DE SISTEMAS DE INFORMAÇÃO;Barretos;2014
322;100320;3506003;cadastro_cursos;2;2012;2014;3;UNIVERSIDADE PAULISTA;GESTÃO DE SISTEMAS DE INFORMAÇÃO;Bauru;2014
322;100320;3506508;cadastro_cursos;2;2012;2014;3;UNIVERSIDADE PAULISTA;GESTÃO DE SISTEMAS DE INFORMAÇÃO;Birigui;2014
322;100320;3507001;cadastro_cursos;2;2012;2014;3;UNIVERSIDADE PAULISTA;GESTÃO DE SISTEMAS DE INFORMAÇÃO;Boituva;2014
322;100320;3507605;cadastro_cursos;2;2012;2014;3;UNIVERSIDADE PAULISTA;GESTÃO DE SISTEMAS DE INFORMAÇÃO;Bragança Paulista;2014
322;100320;3508504;cadastro_cursos;2;2012;2014;3;UNIVERSIDADE PAULISTA;GESTÃO DE SISTEMAS DE INFORMAÇÃO;Caçapava;2014
322;100320;3509502;cadastro_cursos;2;2012;2014;3;UNIVERSIDADE PAULISTA;GESTÃO DE SISTEMAS DE INFORMAÇÃO;Campinas;2014
322;100320;3510005;cadastro_cursos;2;2012;2014;3;UNIVERSIDADE PAULISTA;GESTÃO DE SISTEMAS DE INFORMAÇÃO;Cândido Mota;2014
322;100320;3510609;cadastro_cursos;2;2012;2014;3;UNIVERSIDADE PAULISTA;GESTÃO DE SISTEMAS DE INFORMAÇÃO;Carapicuíba;2014
322;100320;3511508;cadastro_cursos;2;2012;2014;3;UNIVERSIDADE PAULISTA;GESTÃO DE SISTEMAS DE INFORMAÇÃO;Cerquilho;2014
322;100320;3513405;cadastro_cursos;2;2012;2014;3;UNIVERSIDADE PAULISTA;GESTÃO DE SISTEMAS DE INFORMAÇÃO;Cruzeiro;2014
322;100320;3513801;cadastro_cursos;2;2012;2014;3;UNIVERSIDADE PAULISTA;GESTÃO DE SISTEMAS DE INFORMAÇÃO;Diadema;2014
322;100320;3515152;cadastro_cursos;2;2012;2014;3;UNIVERSIDADE PAULISTA;GESTÃO DE SISTEMAS DE INFORMAÇÃO;Engenheiro Coelho;2014
322;100320;3515509;cadastro_cursos;2;2012;2014;3;UNIVERSIDADE PAULISTA;GESTÃO DE SISTEMAS DE INFORMAÇÃO;Fernandópolis;2014
322;100320;3516903;cadastro_cursos;2;2010;2012;3;UNIVERSIDADE PAULISTA;GESTÃO DE SISTEMAS DE INFORMAÇÃO;General Salgado;2012
322;100320;3518800;cadastro_cursos;2;2012;2014;3;UNIVERSIDADE PAULISTA;GESTÃO DE SISTEMAS DE INFORMAÇÃO;Guarulhos;2014
322;100320;3520301;cadastro_cursos;2;2011;2014;4;UNIVERSIDADE PAULISTA;GESTÃO DE SISTEMAS DE INFORMAÇÃO;Iguape;2014
322;100320;3522109;cadastro_cursos;2;2012;2014;3;UNIVERSIDADE PAULISTA;GESTÃO DE SISTEMAS DE INFORMAÇÃO;Itanhaém;2014
322;100320;3522406;cadastro_cursos;2;2012;2014;3;UNIVERSIDADE PAULISTA;GESTÃO DE SISTEMAS DE INFORMAÇÃO;Itapeva;2014
322;100320;3522604;cadastro_cursos;2;2012;2014;3;UNIVERSIDADE PAULISTA;GESTÃO DE SISTEMAS DE INFORMAÇÃO;Itapira;2014
322;100320;3523107;cadastro_cursos;2;2012;2014;3;UNIVERSIDADE PAULISTA;GESTÃO DE SISTEMAS DE INFORMAÇÃO;Itaquaquecetuba;2014
322;100320;3523404;cadastro_cursos;2;2012;2014;3;UNIVERSIDADE PAULISTA;GESTÃO DE SISTEMAS DE INFORMAÇÃO;Itatiba;2014
322;100320;3524402;cadastro_cursos;2;2012;2014;3;UNIVERSIDADE PAULISTA;GESTÃO DE SISTEMAS DE INFORMAÇÃO;Jacareí;2014
322;100320;3525300;cadastro_cursos;2;2012;2014;3;UNIVERSIDADE PAULISTA;GESTÃO DE SISTEMAS DE INFORMAÇÃO;Jaú;2014
322;100320;3525904;cadastro_cursos;2;2012;2014;3;UNIVERSIDADE PAULISTA;GESTÃO DE SISTEMAS DE INFORMAÇÃO;Jundiaí;2014
322;100320;3526803;cadastro_cursos;2;2011;2014;4;UNIVERSIDADE PAULISTA;GESTÃO DE SISTEMAS DE INFORMAÇÃO;Lençóis Paulista;2014
322;100320;3526902;cadastro_cursos;2;2012;2014;3;UNIVERSIDADE PAULISTA;GESTÃO DE SISTEMAS DE INFORMAÇÃO;Limeira;2014
322;100320;3527108;cadastro_cursos;2;2011;2014;4;UNIVERSIDADE PAULISTA;GESTÃO DE SISTEMAS DE INFORMAÇÃO;Lins;2014
322;100320;3528502;cadastro_cursos;2;2012;2014;3;UNIVERSIDADE PAULISTA;GESTÃO DE SISTEMAS DE INFORMAÇÃO;Mairiporã;2014
322;100320;3529401;cadastro_cursos;2;2012;2014;3;UNIVERSIDADE PAULISTA;GESTÃO DE SISTEMAS DE INFORMAÇÃO;Mauá;2014
322;100320;3530300;cadastro_cursos;2;2009;2011;3;UNIVERSIDADE PAULISTA;GESTÃO DE SISTEMAS DE INFORMAÇÃO;Mirassol;2011
322;100320;3530607;cadastro_cursos;2;2012;2014;3;UNIVERSIDADE PAULISTA;GESTÃO DE SISTEMAS DE INFORMAÇÃO;Mogi das Cruzes;2014
322;100320;3530706;cadastro_cursos;2;2012;2014;3;UNIVERSIDADE PAULISTA;GESTÃO DE SISTEMAS DE INFORMAÇÃO;Mogi Guaçu;2014
322;100320;3530805;cadastro_cursos;2;2012;2014;3;UNIVERSIDADE PAULISTA;GESTÃO DE SISTEMAS DE INFORMAÇÃO;Mogi Mirim;2014
322;100320;3531308;cadastro_cursos;2;2012;2014;3;UNIVERSIDADE PAULISTA;GESTÃO DE SISTEMAS DE INFORMAÇÃO;Monte Alto;2014
322;100320;3534401;cadastro_cursos;2;2012;2014;3;UNIVERSIDADE PAULISTA;GESTÃO DE SISTEMAS DE INFORMAÇÃO;Osasco;2014
322;100320;3535804;cadastro_cursos;2;2011;2013;3;UNIVERSIDADE PAULISTA;GESTÃO DE SISTEMAS DE INFORMAÇÃO;Paranapanema;2013
322;100320;3538709;cadastro_cursos;2;2012;2014;3;UNIVERSIDADE PAULISTA;GESTÃO DE SISTEMAS DE INFORMAÇÃO;Piracicaba;2014
322;100320;3538907;cadastro_cursos;2;2012;2014;3;UNIVERSIDADE PAULISTA;GESTÃO DE SISTEMAS DE INFORMAÇÃO;Pirajuí;2014
322;100320;3541000;cadastro_cursos;2;2012;2014;3;UNIVERSIDADE PAULISTA;GESTÃO DE SISTEMAS DE INFORMAÇÃO;Praia Grande;2014
322;100320;3542206;cadastro_cursos;2;2012;2014;3;UNIVERSIDADE PAULISTA;GESTÃO DE SISTEMAS DE INFORMAÇÃO;Rancharia;2014
322;100320;3542404;cadastro_cursos;2;2011;2013;3;UNIVERSIDADE PAULISTA;GESTÃO DE SISTEMAS DE INFORMAÇÃO;Regente Feijó;2013
322;100320;3543303;cadastro_cursos;2;2012;2014;3;UNIVERSIDADE PAULISTA;GESTÃO DE SISTEMAS DE INFORMAÇÃO;Ribeirão Pires;2014
322;100320;3543402;cadastro_cursos;2;2012;2014;3;UNIVERSIDADE PAULISTA;GESTÃO DE SISTEMAS DE INFORMAÇÃO;Ribeirão Preto;2014
322;100320;3547304;cadastro_cursos;2;2012;2014;3;UNIVERSIDADE PAULISTA;GESTÃO DE SISTEMAS DE INFORMAÇÃO;Santana de Parnaíba;2014
322;100320;3547809;cadastro_cursos;2;2012;2014;3;UNIVERSIDADE PAULISTA;GESTÃO DE SISTEMAS DE INFORMAÇÃO;Santo André;2014
322;100320;3548500;cadastro_cursos;2;2012;2014;3;UNIVERSIDADE PAULISTA;GESTÃO DE SISTEMAS DE INFORMAÇÃO;Santos;2014
322;100320;3548708;cadastro_cursos;2;2012;2014;3;UNIVERSIDADE PAULISTA;GESTÃO DE SISTEMAS DE INFORMAÇÃO;São Bernardo do Campo;2014
322;100320;3548807;cadastro_cursos;2;2012;2014;3;UNIVERSIDADE PAULISTA;GESTÃO DE SISTEMAS DE INFORMAÇÃO;São Caetano do Sul;2014
322;100320;3548906;cadastro_cursos;2;2012;2014;3;UNIVERSIDADE PAULISTA;GESTÃO DE SISTEMAS DE INFORMAÇÃO;São Carlos;2014
322;100320;3549102;cadastro_cursos;2;2012;2014;3;UNIVERSIDADE PAULISTA;GESTÃO DE SISTEMAS DE INFORMAÇÃO;São João da Boa Vista;2014
322;100320;3549805;cadastro_cursos;2;2012;2014;3;UNIVERSIDADE PAULISTA;GESTÃO DE SISTEMAS DE INFORMAÇÃO;São José do Rio Preto;2014
322;100320;3549904;cadastro_cursos;2;2012;2014;3;UNIVERSIDADE PAULISTA;GESTÃO DE SISTEMAS DE INFORMAÇÃO;São José dos Campos;2014
322;100320;3550308;cadastro_cursos;2;2012;2014;3;UNIVERSIDADE PAULISTA;GESTÃO DE SISTEMAS DE INFORMAÇÃO;São Paulo;2014
322;100320;3551009;cadastro_cursos;2;2012;2014;3;UNIVERSIDADE PAULISTA;GESTÃO DE SISTEMAS DE INFORMAÇÃO;São Vicente;2014
322;100320;3552403;cadastro_cursos;2;2012;2014;3;UNIVERSIDADE PAULISTA;GESTÃO DE SISTEMAS DE INFORMAÇÃO;Sumaré;2014
322;100320;3552502;cadastro_cursos;2;2012;2014;3;UNIVERSIDADE PAULISTA;GESTÃO DE SISTEMAS DE INFORMAÇÃO;Suzano;2014
322;100320;3553302;cadastro_cursos;2;2010;2013;4;UNIVERSIDADE PAULISTA;GESTÃO DE SISTEMAS DE INFORMAÇÃO;Tambaú;2013
322;100320;3554003;cadastro_cursos;2;2012;2014;3;UNIVERSIDADE PAULISTA;GESTÃO DE SISTEMAS DE INFORMAÇÃO;Tatuí;2014
322;100320;3554102;cadastro_cursos;2;2012;2014;3;UNIVERSIDADE PAULISTA;GESTÃO DE SISTEMAS DE INFORMAÇÃO;Taubaté;2014
322;100320;3556206;cadastro_cursos;2;2012;2014;3;UNIVERSIDADE PAULISTA;GESTÃO DE SISTEMAS DE INFORMAÇÃO;Valinhos;2014
322;100320;3556503;cadastro_cursos;2;2012;2014;3;UNIVERSIDADE PAULISTA;GESTÃO DE SISTEMAS DE INFORMAÇÃO;Várzea Paulista;2014
322;100320;3556701;cadastro_cursos;2;2012;2014;3;UNIVERSIDADE PAULISTA;GESTÃO DE SISTEMAS DE INFORMAÇÃO;Vinhedo;2014
322;100320;4104303;cadastro_cursos;2;2012;2014;3;UNIVERSIDADE PAULISTA;GESTÃO DE SISTEMAS DE INFORMAÇÃO;Campo Mourão;2014
322;100320;4106902;cadastro_cursos;2;2012;2014;3;UNIVERSIDADE PAULISTA;GESTÃO DE SISTEMAS DE INFORMAÇÃO;Curitiba;2014
322;100320;4108601;cadastro_cursos;2;2012;2014;3;UNIVERSIDADE PAULISTA;GESTÃO DE SISTEMAS DE INFORMAÇÃO;Goioerê;2014
322;100320;4109401;cadastro_cursos;2;2011;2014;4;UNIVERSIDADE PAULISTA;GESTÃO DE SISTEMAS DE INFORMAÇÃO;Guarapuava;2014
322;100320;4113700;cadastro_cursos;2;2012;2014;3;UNIVERSIDADE PAULISTA;GESTÃO DE SISTEMAS DE INFORMAÇÃO;Londrina;2014
322;100320;4114609;cadastro_cursos;2;2012;2014;3;UNIVERSIDADE PAULISTA;GESTÃO DE SISTEMAS DE INFORMAÇÃO;Marechal Cândido Rondon;2014
322;100320;4115200;cadastro_cursos;2;2012;2014;3;UNIVERSIDADE PAULISTA;GESTÃO DE SISTEMAS DE INFORMAÇÃO;Maringá;2014
322;100320;4115804;cadastro_cursos;2;2012;2014;3;UNIVERSIDADE PAULISTA;GESTÃO DE SISTEMAS DE INFORMAÇÃO;Medianeira;2014
322;100320;4202404;cadastro_cursos;2;2011;2014;4;UNIVERSIDADE PAULISTA;GESTÃO DE SISTEMAS DE INFORMAÇÃO;Blumenau;2014
322;100320;4204202;cadastro_cursos;2;2012;2014;3;UNIVERSIDADE PAULISTA;GESTÃO DE SISTEMAS DE INFORMAÇÃO;Chapecó;2014
322;100320;4204608;cadastro_cursos;2;2012;2014;3;UNIVERSIDADE PAULISTA;GESTÃO DE SISTEMAS DE INFORMAÇÃO;Criciúma;2014
322;100320;4205407;cadastro_cursos;2;2012;2014;3;UNIVERSIDADE PAULISTA;GESTÃO DE SISTEMAS DE INFORMAÇÃO;Florianópolis;2014
322;100320;4217204;cadastro_cursos;2;2012;2014;3;UNIVERSIDADE PAULISTA;GESTÃO DE SISTEMAS DE INFORMAÇÃO;São Miguel do Oeste;2014
322;100320;4300604;cadastro_cursos;2;2012;2014;3;UNIVERSIDADE PAULISTA;GESTÃO DE SISTEMAS DE INFORMAÇÃO;Alvorada;2014
322;100320;4313409;cadastro_cursos;2;2012;2014;3;UNIVERSIDADE PAULISTA;GESTÃO DE SISTEMAS DE INFORMAÇÃO;Novo Hamburgo;2014
322;100320;4314902;cadastro_cursos;2;2012;2014;3;UNIVERSIDADE PAULISTA;GESTÃO DE SISTEMAS DE INFORMAÇÃO;Porto Alegre;2014
322;100320;4315602;cadastro_cursos;2;2012;2014;3;UNIVERSIDADE PAULISTA;GESTÃO DE SISTEMAS DE INFORMAÇÃO;Rio Grande;2014
322;100320;4321907;cadastro_cursos;2;2011;2014;4;UNIVERSIDADE PAULISTA;GESTÃO DE SISTEMAS DE INFORMAÇÃO;Três Passos;2014
322;100320;4322400;cadastro_cursos;2;2012;2014;3;UNIVERSIDADE PAULISTA;GESTÃO DE SISTEMAS DE INFORMAÇÃO;Uruguaiana;2014
322;100320;5002704;cadastro_cursos;2;2012;2014;3;UNIVERSIDADE PAULISTA;GESTÃO DE SISTEMAS DE INFORMAÇÃO;Campo Grande;2014
322;100320;5003702;cadastro_cursos;2;2012;2014;3;UNIVERSIDADE PAULISTA;GESTÃO DE SISTEMAS DE INFORMAÇÃO;Dourados;2014
322;100320;5005400;cadastro_cursos;2;2012;2014;3;UNIVERSIDADE PAULISTA;GESTÃO DE SISTEMAS DE INFORMAÇÃO;Maracaju;2014
322;100320;5102504;cadastro_cursos;2;2012;2014;3;UNIVERSIDADE PAULISTA;GESTÃO DE SISTEMAS DE INFORMAÇÃO;Cáceres;2014
322;100320;5103403;cadastro_cursos;2;2012;2014;3;UNIVERSIDADE PAULISTA;GESTÃO DE SISTEMAS DE INFORMAÇÃO;Cuiabá;2014
322;100320;5105150;cadastro_cursos;2;2012;2014;3;UNIVERSIDADE PAULISTA;GESTÃO DE SISTEMAS DE INFORMAÇÃO;Juína;2014
322;100320;5106224;cadastro_cursos;2;2012;2014;3;UNIVERSIDADE PAULISTA;GESTÃO DE SISTEMAS DE INFORMAÇÃO;Nova Mutum;2014
322;100320;5106257;cadastro_cursos;2;2010;2012;3;UNIVERSIDADE PAULISTA;GESTÃO DE SISTEMAS DE INFORMAÇÃO;Nova Xavantina;2012
322;100320;5107040;cadastro_cursos;2;2012;2014;3;UNIVERSIDADE PAULISTA;GESTÃO DE SISTEMAS DE INFORMAÇÃO;Primavera do Leste;2014
322;100320;5107925;cadastro_cursos;2;2012;2014;3;UNIVERSIDADE PAULISTA;GESTÃO DE SISTEMAS DE INFORMAÇÃO;Sorriso;2014
322;100320;5107958;cadastro_cursos;2;2012;2014;3;UNIVERSIDADE PAULISTA;GESTÃO DE SISTEMAS DE INFORMAÇÃO;Tangará da Serra;2014
322;100320;5201108;cadastro_cursos;2;2012;2014;3;UNIVERSIDADE PAULISTA;GESTÃO DE SISTEMAS DE INFORMAÇÃO;Anápolis;2014
322;100320;5201405;cadastro_cursos;2;2012;2014;3;UNIVERSIDADE PAULISTA;GESTÃO DE SISTEMAS DE INFORMAÇÃO;Aparecida de Goiânia;2014
322;100320;5204508;cadastro_cursos;2;2012;2014;3;UNIVERSIDADE PAULISTA;GESTÃO DE SISTEMAS DE INFORMAÇÃO;Caldas Novas;2014
322;100320;5208608;cadastro_cursos;2;2012;2014;3;UNIVERSIDADE PAULISTA;GESTÃO DE SISTEMAS DE INFORMAÇÃO;Goianésia;2014
322;100320;5208707;cadastro_cursos;2;2012;2014;3;UNIVERSIDADE PAULISTA;GESTÃO DE SISTEMAS DE INFORMAÇÃO;Goiânia;2014
322;100320;5218805;cadastro_cursos;2;2012;2014;3;UNIVERSIDADE PAULISTA;GESTÃO DE SISTEMAS DE INFORMAÇÃO;Rio Verde;2014
322;100320;5221403;cadastro_cursos;2;2012;2014;3;UNIVERSIDADE PAULISTA;GESTÃO DE SISTEMAS DE INFORMAÇÃO;Trindade;2014
322;100320;5221601;cadastro_cursos;2;2012;2014;3;UNIVERSIDADE PAULISTA;GESTÃO DE SISTEMAS DE INFORMAÇÃO;Uruaçu;2014
322;100320;5300108;cadastro_cursos;2;2012;2014;3;UNIVERSIDADE PAULISTA;GESTÃO DE SISTEMAS DE INFORMAÇÃO;Brasília;2014
322;1131979;1100106;cadastro_cursos;2;2013;2015;3;UNIVERSIDADE PAULISTA;GESTÃO DA TECNOLOGIA DA INFORMAÇÃO;Guajará-Mirim;2015
322;1131979;1400472;cadastro_cursos;2;2020;2023;4;UNIVERSIDADE PAULISTA;Gestão Da Tecnologia Da Informação;Rorainópolis;2023
322;1131979;1500503;cadastro_cursos;2;2020;2022;3;UNIVERSIDADE PAULISTA;Gestão Da Tecnologia Da Informação;Almeirim;2022
322;1131979;1501303;cadastro_cursos;2;2012;2014;3;UNIVERSIDADE PAULISTA;GESTÃO DA TECNOLOGIA DA INFORMAÇÃO;Barcarena;2014
322;1131979;1506138;cadastro_cursos;2;2021;2024;4;UNIVERSIDADE PAULISTA;Gestão Da Tecnologia Da Informação;Redenção;2024
322;1131979;1508407;cadastro_cursos;2;2020;2022;3;UNIVERSIDADE PAULISTA;Gestão Da Tecnologia Da Informação;Xinguara;2022
322;1131979;1702554;cadastro_cursos;2;2022;2024;3;UNIVERSIDADE PAULISTA;Gestão Da Tecnologia Da Informação;Augustinópolis;2024
322;1131979;1705508;cadastro_cursos;2;2013;2015;3;UNIVERSIDADE PAULISTA;GESTÃO DA TECNOLOGIA DA INFORMAÇÃO;Colinas do Tocantins;2015
322;1131979;2101400;cadastro_cursos;2;2020;2022;3;UNIVERSIDADE PAULISTA;Gestão Da Tecnologia Da Informação;Balsas;2022
322;1131979;2401008;cadastro_cursos;2;2020;2024;5;UNIVERSIDADE PAULISTA;Gestão Da Tecnologia Da Informação;Apodi;2024
322;1131979;2602902;cadastro_cursos;2;2012;2015;4;UNIVERSIDADE PAULISTA;GESTÃO DA TECNOLOGIA DA INFORMAÇÃO;Cabo de Santo Agostinho;2015
322;1131979;2610707;cadastro_cursos;2;2013;2016;4;UNIVERSIDADE PAULISTA;GESTÃO DA TECNOLOGIA DA INFORMAÇÃO;Paulista;2016
322;1131979;2702405;cadastro_cursos;2;2021;2023;3;UNIVERSIDADE PAULISTA;Gestão Da Tecnologia Da Informação;Delmiro Gouveia;2023
322;1131979;2706307;cadastro_cursos;2;2022;2024;3;UNIVERSIDADE PAULISTA;Gestão Da Tecnologia Da Informação;Palmeira dos Índios;2024
322;1131979;2708600;cadastro_cursos;2;2014;2016;3;UNIVERSIDADE PAULISTA;GESTÃO DA TECNOLOGIA DA INFORMAÇÃO;São Miguel dos Campos;2016
322;1131979;2805703;cadastro_cursos;2;2021;2024;4;UNIVERSIDADE PAULISTA;Gestão Da Tecnologia Da Informação;Propriá;2024
322;1131979;2910057;cadastro_cursos;2;2021;2023;3;UNIVERSIDADE PAULISTA;Gestão Da Tecnologia Da Informação;Dias d'Ávila;2023
322;1131979;2925303;cadastro_cursos;2;2022;2024;3;UNIVERSIDADE PAULISTA;Gestão Da Tecnologia Da Informação;Porto Seguro;2024
322;1131979;2933604;cadastro_cursos;2;2020;2022;3;UNIVERSIDADE PAULISTA;Gestão Da Tecnologia Da Informação;Xique-Xique;2022
322;1131979;3100906;cadastro_cursos;2;2020;2022;3;UNIVERSIDADE PAULISTA;Gestão Da Tecnologia Da Informação;Águas Formosas;2022
322;1131979;3103504;cadastro_cursos;2;2020;2022;3;UNIVERSIDADE PAULISTA;Gestão Da Tecnologia Da Informação;Araguari;2022
322;1131979;3104007;cadastro_cursos;2;2013;2015;3;UNIVERSIDADE PAULISTA;GESTÃO DA TECNOLOGIA DA INFORMAÇÃO;Araxá;2015
322;1131979;3104205;cadastro_cursos;2;2020;2022;3;UNIVERSIDADE PAULISTA;Gestão Da Tecnologia Da Informação;Arcos;2022
322;1131979;3104304;cadastro_cursos;2;2022;2024;3;UNIVERSIDADE PAULISTA;Gestão Da Tecnologia Da Informação;Areado;2024
322;1131979;3118601;cadastro_cursos;2;2021;2023;3;UNIVERSIDADE PAULISTA;Gestão Da Tecnologia Da Informação;Contagem;2023
322;1131979;3135100;cadastro_cursos;2;2014;2016;3;UNIVERSIDADE PAULISTA;GESTÃO DA TECNOLOGIA DA INFORMAÇÃO;Janaúba;2016
322;1131979;3151206;cadastro_cursos;2;2021;2023;3;UNIVERSIDADE PAULISTA;Gestão Da Tecnologia Da Informação;Pirapora;2023
322;1131979;3151602;cadastro_cursos;2;2021;2023;3;UNIVERSIDADE PAULISTA;Gestão Da Tecnologia Da Informação;Planura;2023
322;1131979;3152501;cadastro_cursos;2;2022;2024;3;UNIVERSIDADE PAULISTA;Gestão Da Tecnologia Da Informação;Pouso Alegre;2024
322;1131979;3162005;cadastro_cursos;2;2022;2024;3;UNIVERSIDADE PAULISTA;Gestão Da Tecnologia Da Informação;São Gonçalo do Sapucaí;2024
322;1131979;3169901;cadastro_cursos;2;2013;2015;3;UNIVERSIDADE PAULISTA;GESTÃO DA TECNOLOGIA DA INFORMAÇÃO;Ubá;2015
322;1131979;3170701;cadastro_cursos;2;2020;2022;3;UNIVERSIDADE PAULISTA;Gestão Da Tecnologia Da Informação;Varginha;2022
322;1131979;3170800;cadastro_cursos;2;2013;2015;3;UNIVERSIDADE PAULISTA;GESTÃO DA TECNOLOGIA DA INFORMAÇÃO;Várzea da Palma;2015
322;1131979;3201506;cadastro_cursos;2;2022;2024;3;UNIVERSIDADE PAULISTA;Gestão Da Tecnologia Da Informação;Colatina;2024
322;1131979;3203205;cadastro_cursos;2;2020;2022;3;UNIVERSIDADE PAULISTA;Gestão Da Tecnologia Da Informação;Linhares;2022
322;1131979;3205101;cadastro_cursos;2;2021;2023;3;UNIVERSIDADE PAULISTA;Gestão Da Tecnologia Da Informação;Viana;2023
322;1131979;3503307;cadastro_cursos;2;2021;2023;3;UNIVERSIDADE PAULISTA;Gestão Da Tecnologia Da Informação;Araras;2023
322;1131979;3505500;cadastro_cursos;2;2013;2015;3;UNIVERSIDADE PAULISTA;GESTÃO DA TECNOLOGIA DA INFORMAÇÃO;Barretos;2015
322;1131979;3508405;cadastro_cursos;2;2020;2023;4;UNIVERSIDADE PAULISTA;Gestão Da Tecnologia Da Informação;Cabreúva;2023
322;1131979;3508603;cadastro_cursos;2;2021;2023;3;UNIVERSIDADE PAULISTA;Gestão Da Tecnologia Da Informação;Cachoeira Paulista;2023
322;1131979;3510807;cadastro_cursos;2;2022;2024;3;UNIVERSIDADE PAULISTA;Gestão Da Tecnologia Da Informação;Casa Branca;2024
322;1131979;3519303;cadastro_cursos;2;2014;2016;3;UNIVERSIDADE PAULISTA;GESTÃO DA TECNOLOGIA DA INFORMAÇÃO;Ibaté;2016
322;1131979;3526803;cadastro_cursos;2;2013;2015;3;UNIVERSIDADE PAULISTA;GESTÃO DA TECNOLOGIA DA INFORMAÇÃO;Lençóis Paulista;2015
322;1131979;3532603;cadastro_cursos;2;2022;2024;3;UNIVERSIDADE PAULISTA;Gestão Da Tecnologia Da Informação;Nhandeara;2024
322;1131979;3535408;cadastro_cursos;2;2021;2023;3;UNIVERSIDADE PAULISTA;Gestão Da Tecnologia Da Informação;Panorama;2023
322;1131979;3542206;cadastro_cursos;2;2022;2024;3;UNIVERSIDADE PAULISTA;Gestão Da Tecnologia Da Informação;Rancharia;2024
322;1131979;3542602;cadastro_cursos;2;2014;2016;3;UNIVERSIDADE PAULISTA;GESTÃO DA TECNOLOGIA DA INFORMAÇÃO;Registro;2016
322;1131979;3542909;cadastro_cursos;2;2022;2024;3;UNIVERSIDADE PAULISTA;Gestão Da Tecnologia Da Informação;Ribeirão Bonito;2024
322;1131979;3543907;cadastro_cursos;2;2021;2023;3;UNIVERSIDADE PAULISTA;Gestão Da Tecnologia Da Informação;Rio Claro;2023
322;1131979;3546306;cadastro_cursos;2;2022;2024;3;UNIVERSIDADE PAULISTA;Gestão Da Tecnologia Da Informação;Santa Cruz das Palmeiras;2024
322;1131979;3546603;cadastro_cursos;2;2012;2015;4;UNIVERSIDADE PAULISTA;GESTÃO DA TECNOLOGIA DA INFORMAÇÃO;Santa Fé do Sul;2015
322;1131979;3547502;cadastro_cursos;2;2013;2015;3;UNIVERSIDADE PAULISTA;GESTÃO DA TECNOLOGIA DA INFORMAÇÃO;Santa Rita do Passa Quatro;2015
322;1131979;3550100;cadastro_cursos;2;2014;2016;3;UNIVERSIDADE PAULISTA;GESTÃO DA TECNOLOGIA DA INFORMAÇÃO;São Manuel;2016
322;1131979;3553401;cadastro_cursos;2;2022;2024;3;UNIVERSIDADE PAULISTA;Gestão Da Tecnologia Da Informação;Tanabi;2024
322;1131979;3556404;cadastro_cursos;2;2020;2022;3;UNIVERSIDADE PAULISTA;Gestão Da Tecnologia Da Informação;Vargem Grande do Sul;2022
322;1131979;4104808;cadastro_cursos;2;2013;2015;3;UNIVERSIDADE PAULISTA;GESTÃO DA TECNOLOGIA DA INFORMAÇÃO;Cascavel;2015
322;1131979;4119152;cadastro_cursos;2;2014;2016;3;UNIVERSIDADE PAULISTA;GESTÃO DA TECNOLOGIA DA INFORMAÇÃO;Pinhais;2016
322;1131979;4119400;cadastro_cursos;2;2020;2022;3;UNIVERSIDADE PAULISTA;Gestão Da Tecnologia Da Informação;Piraí do Sul;2022
322;1131979;4202404;cadastro_cursos;2;2021;2023;3;UNIVERSIDADE PAULISTA;Gestão Da Tecnologia Da Informação;Blumenau;2023
322;1131979;4208906;cadastro_cursos;2;2014;2016;3;UNIVERSIDADE PAULISTA;GESTÃO DA TECNOLOGIA DA INFORMAÇÃO;Jaraguá do Sul;2016
322;1131979;4217204;cadastro_cursos;2;2021;2024;4;UNIVERSIDADE PAULISTA;Gestão Da Tecnologia Da Informação;São Miguel do Oeste;2024
322;1131979;5000609;cadastro_cursos;2;2012;2014;3;UNIVERSIDADE PAULISTA;GESTÃO DA TECNOLOGIA DA INFORMAÇÃO;Amambai;2014
322;1131979;5006309;cadastro_cursos;2;2020;2022;3;UNIVERSIDADE PAULISTA;Gestão Da Tecnologia Da Informação;Paranaíba;2022
322;1131979;5006606;cadastro_cursos;2;2022;2024;3;UNIVERSIDADE PAULISTA;Gestão Da Tecnologia Da Informação;Ponta Porã;2024
322;1131979;5102637;cadastro_cursos;2;2013;2015;3;UNIVERSIDADE PAULISTA;GESTÃO DA TECNOLOGIA DA INFORMAÇÃO;Campo Novo do Parecis;2015
322;1131979;5103205;cadastro_cursos;2;2022;2024;3;UNIVERSIDADE PAULISTA;Gestão Da Tecnologia Da Informação;Colíder;2024
322;1131979;5106257;cadastro_cursos;2;2022;2024;3;UNIVERSIDADE PAULISTA;Gestão Da Tecnologia Da Informação;Nova Xavantina;2024
322;1131979;5107958;cadastro_cursos;2;2020;2023;4;UNIVERSIDADE PAULISTA;Gestão Da Tecnologia Da Informação;Tangará da Serra;2023
322;1131979;5210901;cadastro_cursos;2;2020;2022;3;UNIVERSIDADE PAULISTA;Gestão Da Tecnologia Da Informação;Itapaci;2022
322;1131979;5217401;cadastro_cursos;2;2022;2024;3;UNIVERSIDADE PAULISTA;Gestão Da Tecnologia Da Informação;Pires do Rio;2024
322;1131979;5220108;cadastro_cursos;2;2022;2024;3;UNIVERSIDADE PAULISTA;Gestão Da Tecnologia Da Informação;São Luís de Montes Belos;2024
322;1156011;3550308;cadastro_cursos;1;2021;2023;3;UNIVERSIDADE PAULISTA;Sistema De Informação;São Paulo;2023
322;1180757;3550308;cadastro_cursos;1;2020;2023;4;UNIVERSIDADE PAULISTA;Redes De Computadores;São Paulo;2023
322;123545;3549904;cadastro_cursos;1;2014;2016;3;UNIVERSIDADE PAULISTA;ANÁLISE E DESENVOLVIMENTO DE SISTEMAS;São José dos Campos;2016
322;1258828;3550308;cadastro_cursos;1;2021;2024;4;UNIVERSIDADE PAULISTA;Gestão Da Tecnologia Da Informação;São Paulo;2024
322;1258853;3550308;cadastro_cursos;1;2020;2023;4;UNIVERSIDADE PAULISTA;Sistemas De Informação;São Paulo;2023
322;1286800;1100288;cadastro_cursos;2;2020;2022;3;UNIVERSIDADE PAULISTA;Análise E Desenvolvimento De Sistemas;Rolim de Moura;2022
322;1286800;1300300;cadastro_cursos;2;2020;2022;3;UNIVERSIDADE PAULISTA;Análise E Desenvolvimento De Sistemas;Autazes;2022
322;1286800;1507904;cadastro_cursos;2;2020;2022;3;UNIVERSIDADE PAULISTA;Análise E Desenvolvimento De Sistemas;Soure;2022
322;1286800;2100055;cadastro_cursos;2;2020;2022;3;UNIVERSIDADE PAULISTA;Análise E Desenvolvimento De Sistemas;Açailândia;2022
322;1286800;2103208;cadastro_cursos;2;2021;2023;3;UNIVERSIDADE PAULISTA;Análise E Desenvolvimento De Sistemas;Chapadinha;2023
322;1286800;2613909;cadastro_cursos;2;2021;2023;3;UNIVERSIDADE PAULISTA;Análise E Desenvolvimento De Sistemas;Serra Talhada;2023
322;1286800;2802908;cadastro_cursos;2;2020;2022;3;UNIVERSIDADE PAULISTA;Análise E Desenvolvimento De Sistemas;Itabaiana;2022
322;1286800;2905503;cadastro_cursos;2;2020;2022;3;UNIVERSIDADE PAULISTA;Análise E Desenvolvimento De Sistemas;Caldeirão Grande;2022
322;1286800;2909208;cadastro_cursos;2;2022;2024;3;UNIVERSIDADE PAULISTA;Análise E Desenvolvimento De Sistemas;Coronel João Sá;2024
322;1286800;3101706;cadastro_cursos;2;2014;2016;3;UNIVERSIDADE PAULISTA;ANÁLISE E DESENVOLVIMENTO DE SISTEMAS;Almenara;2016
322;1286800;3125101;cadastro_cursos;2;2014;2016;3;UNIVERSIDADE PAULISTA;ANÁLISE E DESENVOLVIMENTO DE SISTEMAS;Extrema;2016
322;1286800;3128709;cadastro_cursos;2;2014;2016;3;UNIVERSIDADE PAULISTA;ANÁLISE E DESENVOLVIMENTO DE SISTEMAS;Guaxupé;2016
322;1286800;3138401;cadastro_cursos;2;2022;2024;3;UNIVERSIDADE PAULISTA;Análise E Desenvolvimento De Sistemas;Leopoldina;2024
322;1286800;3151602;cadastro_cursos;2;2022;2024;3;UNIVERSIDADE PAULISTA;Análise E Desenvolvimento De Sistemas;Planura;2024
322;1286800;3170701;cadastro_cursos;2;2021;2023;3;UNIVERSIDADE PAULISTA;Análise E Desenvolvimento De Sistemas;Varginha;2023
322;1286800;3203205;cadastro_cursos;2;2021;2023;3;UNIVERSIDADE PAULISTA;Análise E Desenvolvimento De Sistemas;Linhares;2023
322;1286800;3300308;cadastro_cursos;2;2014;2016;3;UNIVERSIDADE PAULISTA;ANÁLISE E DESENVOLVIMENTO DE SISTEMAS;Barra do Piraí;2016
322;1286800;3300407;cadastro_cursos;2;2020;2023;4;UNIVERSIDADE PAULISTA;Análise E Desenvolvimento De Sistemas;Barra Mansa;2023
322;1286800;3304201;cadastro_cursos;2;2020;2023;4;UNIVERSIDADE PAULISTA;Análise E Desenvolvimento De Sistemas;Resende;2023
322;1286800;3506607;cadastro_cursos;2;2014;2016;3;UNIVERSIDADE PAULISTA;ANÁLISE E DESENVOLVIMENTO DE SISTEMAS;Biritiba Mirim;2016
322;1286800;3524006;cadastro_cursos;2;2022;2024;3;UNIVERSIDADE PAULISTA;Análise E Desenvolvimento De Sistemas;Itupeva;2024
322;1286800;3527207;cadastro_cursos;2;2014;2016;3;UNIVERSIDADE PAULISTA;ANÁLISE E DESENVOLVIMENTO DE SISTEMAS;Lorena;2016
322;1286800;3537107;cadastro_cursos;2;2014;2016;3;UNIVERSIDADE PAULISTA;ANÁLISE E DESENVOLVIMENTO DE SISTEMAS;Pedreira;2016
322;1286800;3556206;cadastro_cursos;2;2020;2022;3;UNIVERSIDADE PAULISTA;Análise E Desenvolvimento De Sistemas;Valinhos;2022
322;1286800;4202404;cadastro_cursos;2;2022;2024;3;UNIVERSIDADE PAULISTA;Análise E Desenvolvimento De Sistemas;Blumenau;2024
322;1286800;4303103;cadastro_cursos;2;2021;2023;3;UNIVERSIDADE PAULISTA;Análise E Desenvolvimento De Sistemas;Cachoeirinha;2023
322;1286800;4309308;cadastro_cursos;2;2014;2016;3;UNIVERSIDADE PAULISTA;ANÁLISE E DESENVOLVIMENTO DE SISTEMAS;Guaíba;2016
322;1286800;4319901;cadastro_cursos;2;2021;2023;3;UNIVERSIDADE PAULISTA;Análise E Desenvolvimento De Sistemas;Sapiranga;2023
322;1286800;5005400;cadastro_cursos;2;2022;2024;3;UNIVERSIDADE PAULISTA;Análise E Desenvolvimento De Sistemas;Maracaju;2024
322;1286800;5100250;cadastro_cursos;2;2020;2022;3;UNIVERSIDADE PAULISTA;Análise E Desenvolvimento De Sistemas;Alta Floresta;2022
322;1286800;5104104;cadastro_cursos;2;2022;2024;3;UNIVERSIDADE PAULISTA;Análise E Desenvolvimento De Sistemas;Guarantã do Norte;2024
322;1286800;5107909;cadastro_cursos;2;2014;2016;3;UNIVERSIDADE PAULISTA;ANÁLISE E DESENVOLVIMENTO DE SISTEMAS;Sinop;2016
322;1286800;5210901;cadastro_cursos;2;2020;2022;3;UNIVERSIDADE PAULISTA;Análise E Desenvolvimento De Sistemas;Itapaci;2022
322;1286800;5211800;cadastro_cursos;2;2022;2024;3;UNIVERSIDADE PAULISTA;Análise E Desenvolvimento De Sistemas;Jaraguá;2024
322;1382607;1300300;cadastro_cursos;2;2021;2023;3;UNIVERSIDADE PAULISTA;Redes De Computadores;Autazes;2023
322;1382607;1506005;cadastro_cursos;2;2021;2023;3;UNIVERSIDADE PAULISTA;Redes De Computadores;Prainha;2023
322;1382607;1702554;cadastro_cursos;2;2022;2024;3;UNIVERSIDADE PAULISTA;Redes De Computadores;Augustinópolis;2024
322;1382607;1709500;cadastro_cursos;2;2020;2022;3;UNIVERSIDADE PAULISTA;Redes De Computadores;Gurupi;2022
322;1382607;2310258;cadastro_cursos;2;2020;2024;5;UNIVERSIDADE PAULISTA;Redes De Computadores;Paraipaba;2024
322;1382607;2510808;cadastro_cursos;2;2022;2024;3;UNIVERSIDADE PAULISTA;Redes De Computadores;Patos;2024
322;1382607;2601201;cadastro_cursos;2;2020;2023;4;UNIVERSIDADE PAULISTA;Redes De Computadores;Arcoverde;2023
322;1382607;2702405;cadastro_cursos;2;2021;2023;3;UNIVERSIDADE PAULISTA;Redes De Computadores;Delmiro Gouveia;2023
322;1382607;2911709;cadastro_cursos;2;2020;2022;3;UNIVERSIDADE PAULISTA;Redes De Computadores;Guanambi;2022
322;1382607;3102605;cadastro_cursos;2;2020;2023;4;UNIVERSIDADE PAULISTA;Redes De Computadores;Andradas;2023
322;1382607;3106705;cadastro_cursos;2;2020;2022;3;UNIVERSIDADE PAULISTA;Redes De Computadores;Betim;2022
322;1382607;3111101;cadastro_cursos;2;2021;2023;3;UNIVERSIDADE PAULISTA;Redes De Computadores;Campina Verde;2023
322;1382607;3125101;cadastro_cursos;2;2020;2022;3;UNIVERSIDADE PAULISTA;Redes De Computadores;Extrema;2022
322;1382607;3131703;cadastro_cursos;2;2020;2022;3;UNIVERSIDADE PAULISTA;Redes De Computadores;Itabira;2022
322;1382607;3137700;cadastro_cursos;2;2020;2022;3;UNIVERSIDADE PAULISTA;Redes De Computadores;Lajinha;2022
322;1382607;3146008;cadastro_cursos;2;2022;2024;3;UNIVERSIDADE PAULISTA;Redes De Computadores;Ouro Fino;2024
322;1382607;3167202;cadastro_cursos;2;2021;2023;3;UNIVERSIDADE PAULISTA;Redes De Computadores;Sete Lagoas;2023
322;1382607;3203205;cadastro_cursos;2;2021;2023;3;UNIVERSIDADE PAULISTA;Redes De Computadores;Linhares;2023
322;1382607;3204302;cadastro_cursos;2;2022;2024;3;UNIVERSIDADE PAULISTA;Redes De Computadores;Presidente Kennedy;2024
322;1382607;3300308;cadastro_cursos;2;2021;2023;3;UNIVERSIDADE PAULISTA;Redes De Computadores;Barra do Piraí;2023
322;1382607;3301702;cadastro_cursos;2;2021;2023;3;UNIVERSIDADE PAULISTA;Redes De Computadores;Duque de Caxias;2023
322;1382607;3500501;cadastro_cursos;2;2021;2024;4;UNIVERSIDADE PAULISTA;Redes De Computadores;Águas de Lindóia;2024
322;1382607;3506359;cadastro_cursos;2;2021;2023;3;UNIVERSIDADE PAULISTA;Redes De Computadores;Bertioga;2023
322;1382607;3507001;cadastro_cursos;2;2022;2024;3;UNIVERSIDADE PAULISTA;Redes De Computadores;Boituva;2024
322;1382607;3507506;cadastro_cursos;2;2020;2022;3;UNIVERSIDADE PAULISTA;Redes De Computadores;Botucatu;2022
322;1382607;3511409;cadastro_cursos;2;2021;2023;3;UNIVERSIDADE PAULISTA;Redes De Computadores;Cerqueira César;2023
322;1382607;3529203;cadastro_cursos;2;2021;2023;3;UNIVERSIDADE PAULISTA;Redes De Computadores;Martinópolis;2023
322;1382607;3537107;cadastro_cursos;2;2020;2023;4;UNIVERSIDADE PAULISTA;Redes De Computadores;Pedreira;2023
322;1382607;3537602;cadastro_cursos;2;2021;2024;4;UNIVERSIDADE PAULISTA;Redes De Computadores;Peruíbe;2024
322;1382607;3546603;cadastro_cursos;2;2022;2024;3;UNIVERSIDADE PAULISTA;Redes De Computadores;Santa Fé do Sul;2024
322;1382607;3556503;cadastro_cursos;2;2021;2024;4;UNIVERSIDADE PAULISTA;Redes De Computadores;Várzea Paulista;2024
322;1382607;4108403;cadastro_cursos;2;2022;2024;3;UNIVERSIDADE PAULISTA;Redes De Computadores;Francisco Beltrão;2024
322;1382607;4119905;cadastro_cursos;2;2021;2023;3;UNIVERSIDADE PAULISTA;Redes De Computadores;Ponta Grossa;2023
322;1382607;4204202;cadastro_cursos;2;2020;2023;4;UNIVERSIDADE PAULISTA;Redes De Computadores;Chapecó;2023
322;1382607;4208203;cadastro_cursos;2;2021;2023;3;UNIVERSIDADE PAULISTA;Redes De Computadores;Itajaí;2023
322;1382607;4208906;cadastro_cursos;2;2022;2024;3;UNIVERSIDADE PAULISTA;Redes De Computadores;Jaraguá do Sul;2024
322;1382607;4218707;cadastro_cursos;2;2022;2024;3;UNIVERSIDADE PAULISTA;Redes De Computadores;Tubarão;2024
322;1382607;4309308;cadastro_cursos;2;2021;2023;3;UNIVERSIDADE PAULISTA;Redes De Computadores;Guaíba;2023
322;1382607;5006309;cadastro_cursos;2;2021;2023;3;UNIVERSIDADE PAULISTA;Redes De Computadores;Paranaíba;2023
322;1382607;5103205;cadastro_cursos;2;2020;2022;3;UNIVERSIDADE PAULISTA;Redes De Computadores;Colíder;2022
322;1382607;5104807;cadastro_cursos;2;2021;2023;3;UNIVERSIDADE PAULISTA;Redes De Computadores;Jaciara;2023
322;1382607;5205406;cadastro_cursos;2;2022;2024;3;UNIVERSIDADE PAULISTA;Redes De Computadores;Ceres;2024
322;1382607;5210406;cadastro_cursos;2;2020;2022;3;UNIVERSIDADE PAULISTA;Redes De Computadores;Itaberaí;2022
322;1443416;3550308;cadastro_cursos;1;2020;2023;4;UNIVERSIDADE PAULISTA;Sistemas De Informação;São Paulo;2023
322;1484730;1301209;cadastro_cursos;2;2020;2022;3;UNIVERSIDADE PAULISTA;Segurança Da Informação;Coari;2022
322;1484730;1702109;cadastro_cursos;2;2020;2022;3;UNIVERSIDADE PAULISTA;Segurança Da Informação;Araguaína;2022
322;1484730;2111300;cadastro_cursos;2;2021;2024;4;UNIVERSIDADE PAULISTA;Segurança Da Informação;São Luís;2024
322;1484730;2302800;cadastro_cursos;2;2021;2023;3;UNIVERSIDADE PAULISTA;Segurança Da Informação;Canindé;2023
322;1484730;2303501;cadastro_cursos;2;2020;2022;3;UNIVERSIDADE PAULISTA;Segurança Da Informação;Cascavel;2022
322;1484730;2511301;cadastro_cursos;2;2020;2022;3;UNIVERSIDADE PAULISTA;Segurança Da Informação;Piancó;2022
322;1484730;2903201;cadastro_cursos;2;2020;2023;4;UNIVERSIDADE PAULISTA;Segurança Da Informação;Barreiras;2023
322;1484730;2918407;cadastro_cursos;2;2020;2022;3;UNIVERSIDADE PAULISTA;Segurança Da Informação;Juazeiro;2022
322;1484730;2919801;cadastro_cursos;2;2022;2024;3;UNIVERSIDADE PAULISTA;Segurança Da Informação;Macaúbas;2024
322;1484730;2921708;cadastro_cursos;2;2021;2024;4;UNIVERSIDADE PAULISTA;Segurança Da Informação;Morro do Chapéu;2024
322;1484730;3109105;cadastro_cursos;2;2021;2023;3;UNIVERSIDADE PAULISTA;Segurança Da Informação;Bueno Brandão;2023
322;1484730;3118809;cadastro_cursos;2;2021;2023;3;UNIVERSIDADE PAULISTA;Segurança Da Informação;Coração de Jesus;2023
322;1484730;3134400;cadastro_cursos;2;2022;2024;3;UNIVERSIDADE PAULISTA;Segurança Da Informação;Iturama;2024
322;1484730;3143104;cadastro_cursos;2;2021;2023;3;UNIVERSIDADE PAULISTA;Segurança Da Informação;Monte Carmelo;2023
322;1484730;3152501;cadastro_cursos;2;2021;2024;4;UNIVERSIDADE PAULISTA;Segurança Da Informação;Pouso Alegre;2024
322;1484730;3162500;cadastro_cursos;2;2022;2024;3;UNIVERSIDADE PAULISTA;Segurança Da Informação;São João del Rei;2024
322;1484730;3171204;cadastro_cursos;2;2021;2023;3;UNIVERSIDADE PAULISTA;Segurança Da Informação;Vespasiano;2023
322;1484730;3201506;cadastro_cursos;2;2020;2022;3;UNIVERSIDADE PAULISTA;Segurança Da Informação;Colatina;2022
322;1484730;3500501;cadastro_cursos;2;2020;2022;3;UNIVERSIDADE PAULISTA;Segurança Da Informação;Águas de Lindóia;2022
322;1484730;3506607;cadastro_cursos;2;2022;2024;3;UNIVERSIDADE PAULISTA;Segurança Da Informação;Biritiba Mirim;2024
322;1484730;3509700;cadastro_cursos;2;2021;2024;4;UNIVERSIDADE PAULISTA;Segurança Da Informação;Campos do Jordão;2024
322;1484730;3513405;cadastro_cursos;2;2022;2024;3;UNIVERSIDADE PAULISTA;Segurança Da Informação;Cruzeiro;2024
322;1484730;3520301;cadastro_cursos;2;2020;2022;3;UNIVERSIDADE PAULISTA;Segurança Da Informação;Iguape;2022
322;1484730;3522109;cadastro_cursos;2;2021;2024;4;UNIVERSIDADE PAULISTA;Segurança Da Informação;Itanhaém;2024
322;1484730;3524006;cadastro_cursos;2;2021;2023;3;UNIVERSIDADE PAULISTA;Segurança Da Informação;Itupeva;2023
322;1484730;3538808;cadastro_cursos;2;2022;2024;3;UNIVERSIDADE PAULISTA;Segurança Da Informação;Piraju;2024
322;1484730;3551603;cadastro_cursos;2;2021;2023;3;UNIVERSIDADE PAULISTA;Segurança Da Informação;Serra Negra;2023
322;1484730;3552106;cadastro_cursos;2;2020;2023;4;UNIVERSIDADE PAULISTA;Segurança Da Informação;Socorro;2023
322;1484730;3554508;cadastro_cursos;2;2020;2022;3;UNIVERSIDADE PAULISTA;Segurança Da Informação;Tietê;2022
322;1484730;4104303;cadastro_cursos;2;2020;2022;3;UNIVERSIDADE PAULISTA;Segurança Da Informação;Campo Mourão;2022
322;1484730;4104808;cadastro_cursos;2;2022;2024;3;UNIVERSIDADE PAULISTA;Segurança Da Informação;Cascavel;2024
322;1484730;4109401;cadastro_cursos;2;2021;2023;3;UNIVERSIDADE PAULISTA;Segurança Da Informação;Guarapuava;2023
322;1484730;4202008;cadastro_cursos;2;2022;2024;3;UNIVERSIDADE PAULISTA;Segurança Da Informação;Balneário Camboriú;2024
322;1484730;4208203;cadastro_cursos;2;2022;2024;3;UNIVERSIDADE PAULISTA;Segurança Da Informação;Itajaí;2024
322;1484730;4314100;cadastro_cursos;2;2020;2022;3;UNIVERSIDADE PAULISTA;Segurança Da Informação;Passo Fundo;2022
322;1484730;5205497;cadastro_cursos;2;2022;2024;3;UNIVERSIDADE PAULISTA;Segurança Da Informação;Cidade Ocidental;2024
322;1484730;5206206;cadastro_cursos;2;2021;2023;3;UNIVERSIDADE PAULISTA;Segurança Da Informação;Cristalina;2023
322;1484730;5210208;cadastro_cursos;2;2021;2023;3;UNIVERSIDADE PAULISTA;Segurança Da Informação;Iporá;2023
322;1484730;5211800;cadastro_cursos;2;2020;2022;3;UNIVERSIDADE PAULISTA;Segurança Da Informação;Jaraguá;2022
322;1551097;1100205;cadastro_cursos;2;2022;2024;3;UNIVERSIDADE PAULISTA;Ciência Da Computação;Porto Velho;2024
322;1551097;1100304;cadastro_cursos;2;2022;2024;3;UNIVERSIDADE PAULISTA;Ciência Da Computação;Vilhena;2024
322;1551097;2103000;cadastro_cursos;2;2021;2023;3;UNIVERSIDADE PAULISTA;Ciências Da Computação;Caxias;2023
322;1551097;2403103;cadastro_cursos;2;2021;2023;3;UNIVERSIDADE PAULISTA;Ciências Da Computação;Currais Novos;2023
322;1551097;2613602;cadastro_cursos;2;2021;2024;4;UNIVERSIDADE PAULISTA;Ciência Da Computação;São José do Egito;2024
322;1551097;3200300;cadastro_cursos;2;2021;2024;4;UNIVERSIDADE PAULISTA;Ciência Da Computação;Alfredo Chaves;2024
322;1551097;3303302;cadastro_cursos;2;2022;2024;3;UNIVERSIDADE PAULISTA;Ciência Da Computação;Niterói;2024
322;1551097;3304201;cadastro_cursos;2;2021;2023;3;UNIVERSIDADE PAULISTA;Ciências Da Computação;Resende;2023
322;1551097;3511409;cadastro_cursos;2;2021;2023;3;UNIVERSIDADE PAULISTA;Ciências Da Computação;Cerqueira César;2023
322;1551097;3524006;cadastro_cursos;2;2022;2024;3;UNIVERSIDADE PAULISTA;Ciência Da Computação;Itupeva;2024
322;1551097;3524105;cadastro_cursos;2;2022;2024;3;UNIVERSIDADE PAULISTA;Ciência Da Computação;Ituverava;2024
322;1551097;3552106;cadastro_cursos;2;2022;2024;3;UNIVERSIDADE PAULISTA;Ciência Da Computação;Socorro;2024
322;1551097;3553401;cadastro_cursos;2;2022;2024;3;UNIVERSIDADE PAULISTA;Ciência Da Computação;Tanabi;2024
322;1551097;4216305;cadastro_cursos;2;2021;2024;4;UNIVERSIDADE PAULISTA;Ciência Da Computação;São João Batista;2024
322;1551097;5200308;cadastro_cursos;2;2022;2024;3;UNIVERSIDADE PAULISTA;Ciência Da Computação;Alexânia;2024
322;1551097;5205109;cadastro_cursos;2;2021;2024;4;UNIVERSIDADE PAULISTA;Ciência Da Computação;Catalão;2024
322;1551097;5210406;cadastro_cursos;2;2022;2024;3;UNIVERSIDADE PAULISTA;Ciência Da Computação;Itaberaí;2024
322;1551097;5211503;cadastro_cursos;2;2022;2024;3;UNIVERSIDADE PAULISTA;Ciência Da Computação;Itumbiara;2024
322;1551097;5220405;cadastro_cursos;2;2022;2024;3;UNIVERSIDADE PAULISTA;Ciência Da Computação;São Simão;2024
322;19556;3550308;cadastro_cursos;1;2020;2023;4;UNIVERSIDADE PAULISTA;Sistemas De Informação;São Paulo;2023
322;65641;1302603;cadastro_cursos;1;2020;2022;3;UNIVERSIDADE PAULISTA;Gestão Da Tecnologia Da Informação;Manaus;2022
322;65665;3526902;cadastro_cursos;1;2013;2015;3;UNIVERSIDADE PAULISTA;REDES DE COMPUTADORES;Limeira;2015
322;65733;3550308;cadastro_cursos;1;2021;2023;3;UNIVERSIDADE PAULISTA;Gestão Da Tecnologia Da Informação;São Paulo;2023
322;67345;3550308;cadastro_cursos;1;2020;2023;4;UNIVERSIDADE PAULISTA;Redes De Computadores;São Paulo;2023
322;75284;3550308;cadastro_cursos;1;2021;2024;4;UNIVERSIDADE PAULISTA;Redes De Computadores;São Paulo;2024
322;99124;3547304;cadastro_cursos;1;2020;2024;5;UNIVERSIDADE PAULISTA;Redes De Computadores;Santana de Parnaíba;2024
322;99128;3550308;cadastro_cursos;1;2021;2023;3;UNIVERSIDADE PAULISTA;Redes De Computadores;São Paulo;2023
3333;1261609;4301602;cadastro_cursos;2;2020;2022;3;CENTRO UNIVERSITÁRIO UNIFTEC;Análise E Desenvolvimento De Sistemas;Bagé;2022
3368;100684;2111300;cadastro_cursos;2;2021;2023;3;CENTRO UNIVERSITÁRIO DO SUL DE MINAS;Sistemas De Informação;São Luís;2023
3368;100684;3109709;cadastro_cursos;2;2022;2024;3;CENTRO UNIVERSITÁRIO DO SUL DE MINAS;Sistemas De Informação;Cachoeira de Minas;2024
3368;100684;3118601;cadastro_cursos;2;2022;2024;3;CENTRO UNIVERSITÁRIO DO SUL DE MINAS;Sistemas De Informação;Contagem;2024
3368;100684;3128105;cadastro_cursos;2;2022;2024;3;CENTRO UNIVERSITÁRIO DO SUL DE MINAS;Sistemas De Informação;Guapé;2024
3368;100684;4314902;cadastro_cursos;2;2021;2024;4;CENTRO UNIVERSITÁRIO DO SUL DE MINAS;Sistemas De Informação;Porto Alegre;2024
3368;1367175;3147303;cadastro_cursos;2;2021;2023;3;CENTRO UNIVERSITÁRIO DO SUL DE MINAS;Análise E Desenvolvimento De Sistemas;Paraisópolis;2023
3368;1367175;3166907;cadastro_cursos;2;2022;2024;3;CENTRO UNIVERSITÁRIO DO SUL DE MINAS;Análise E Desenvolvimento De Sistemas;Serrania;2024
3368;1367175;3518800;cadastro_cursos;2;2021;2023;3;CENTRO UNIVERSITÁRIO DO SUL DE MINAS;Análise E Desenvolvimento De Sistemas;Guarulhos;2023
3368;1367175;3534401;cadastro_cursos;2;2022;2024;3;CENTRO UNIVERSITÁRIO DO SUL DE MINAS;Análise E Desenvolvimento De Sistemas;Osasco;2024
3368;1455381;3130507;cadastro_cursos;2;2021;2023;3;CENTRO UNIVERSITÁRIO DO SUL DE MINAS;Jogos Digitais;Ilicínea;2023
3368;1455381;3137809;cadastro_cursos;2;2021;2023;3;CENTRO UNIVERSITÁRIO DO SUL DE MINAS;Jogos Digitais;Lambari;2023
3368;1455381;4314902;cadastro_cursos;2;2021;2023;3;CENTRO UNIVERSITÁRIO DO SUL DE MINAS;Jogos Digitais;Porto Alegre;2023
3588;1388299;2918001;cadastro_cursos;2;2020;2022;3;CENTRO UNIVERSITÁRIO DOM PEDRO II;Análise E Desenvolvimento De Sistemas;Jequié;2022
3602;1547897;4318705;cadastro_cursos;2;2021;2024;4;CENTRO UNIVERSITÁRIO AUTÔNOMO DO BRASIL;Análise E Desenvolvimento De Sistemas;São Leopoldo;2024
3613;101378;5208004;cadastro_cursos;1;2022;2024;3;FACULDADES INTEGRADAS IESGO;Redes De Computadores;Formosa;2024
3649;1323837;2301109;cadastro_cursos;2;2022;2024;3;CENTRO UNIVERSITÁRIO CIDADE VERDE;Análise E Desenvolvimento De Sistemas;Aracati;2024
3649;1323837;2303709;cadastro_cursos;2;2021;2023;3;CENTRO UNIVERSITÁRIO CIDADE VERDE;Análise E Desenvolvimento De Sistemas;Caucaia;2023
3649;1465703;3136207;cadastro_cursos;2;2022;2024;3;CENTRO UNIVERSITÁRIO CIDADE VERDE;Gestão Da Tecnologia Da Informação;João Monlevade;2024
3649;1465703;3147907;cadastro_cursos;2;2022;2024;3;CENTRO UNIVERSITÁRIO CIDADE VERDE;Gestão Da Tecnologia Da Informação;Passos;2024
3649;1465703;3204906;cadastro_cursos;2;2022;2024;3;CENTRO UNIVERSITÁRIO CIDADE VERDE;Gestão Da Tecnologia Da Informação;São Mateus;2024
3649;1465703;3549805;cadastro_cursos;2;2020;2023;4;CENTRO UNIVERSITÁRIO CIDADE VERDE;Gestão Da Tecnologia Da Informação;São José do Rio Preto;2023
3649;1465703;4103008;cadastro_cursos;2;2021;2023;3;CENTRO UNIVERSITÁRIO CIDADE VERDE;Gestão Da Tecnologia Da Informação;Boa Esperança;2023
3649;1465703;4105607;cadastro_cursos;2;2022;2024;3;CENTRO UNIVERSITÁRIO CIDADE VERDE;Gestão Da Tecnologia Da Informação;Cidade Gaúcha;2024
3649;1465703;4107207;cadastro_cursos;2;2021;2023;3;CENTRO UNIVERSITÁRIO CIDADE VERDE;Gestão Da Tecnologia Da Informação;Dois Vizinhos;2023
3649;1465703;5102504;cadastro_cursos;2;2021;2023;3;CENTRO UNIVERSITÁRIO CIDADE VERDE;Gestão Da Tecnologia Da Informação;Cáceres;2023
3649;1517033;4314902;cadastro_cursos;2;2020;2023;4;CENTRO UNIVERSITÁRIO CIDADE VERDE;Sistemas Para Internet;Porto Alegre;2023
3649;1517033;4316808;cadastro_cursos;2;2021;2024;4;CENTRO UNIVERSITÁRIO CIDADE VERDE;Sistemas Para Internet;Santa Cruz do Sul;2024
3649;1517161;3300100;cadastro_cursos;2;2021;2023;3;CENTRO UNIVERSITÁRIO CIDADE VERDE;Jogos Digitais;Angra dos Reis;2023
3649;1517161;3301801;cadastro_cursos;2;2021;2023;3;CENTRO UNIVERSITÁRIO CIDADE VERDE;Jogos Digitais;Engenheiro Paulo de Frontin;2023
3649;1517161;3510500;cadastro_cursos;2;2022;2024;3;CENTRO UNIVERSITÁRIO CIDADE VERDE;Jogos Digitais;Caraguatatuba;2024
3649;1517161;3543402;cadastro_cursos;2;2021;2023;3;CENTRO UNIVERSITÁRIO CIDADE VERDE;Jogos Digitais;Ribeirão Preto;2023
3649;1517161;4211900;cadastro_cursos;2;2022;2024;3;CENTRO UNIVERSITÁRIO CIDADE VERDE;Jogos Digitais;Palhoça;2024
3649;1517161;4323002;cadastro_cursos;2;2022;2024;3;CENTRO UNIVERSITÁRIO CIDADE VERDE;Jogos Digitais;Viamão;2024
3649;1517161;5004007;cadastro_cursos;2;2022;2024;3;CENTRO UNIVERSITÁRIO CIDADE VERDE;Jogos Digitais;Glória de Dourados;2024
3649;1517161;5300108;cadastro_cursos;2;2022;2024;3;CENTRO UNIVERSITÁRIO CIDADE VERDE;Jogos Digitais;Brasília;2024
3649;1517687;4113700;cadastro_cursos;2;2020;2022;3;CENTRO UNIVERSITÁRIO CIDADE VERDE;Big Data E Inteligência Analítica;Londrina;2022
3649;1517687;4219705;cadastro_cursos;2;2021;2023;3;CENTRO UNIVERSITÁRIO CIDADE VERDE;Big Data E Inteligência Analítica;Xaxim;2023
3649;1517688;5106653;cadastro_cursos;2;2020;2023;4;CENTRO UNIVERSITÁRIO CIDADE VERDE;Internet Das Coisas;Pontal do Araguaia;2023
3649;1536335;3205002;cadastro_cursos;2;2022;2024;3;CENTRO UNIVERSITÁRIO CIDADE VERDE;Redes De Computadores;Serra;2024
3649;1536335;3301801;cadastro_cursos;2;2021;2023;3;CENTRO UNIVERSITÁRIO CIDADE VERDE;Redes De Computadores;Engenheiro Paulo de Frontin;2023
3649;1536335;3302700;cadastro_cursos;2;2022;2024;3;CENTRO UNIVERSITÁRIO CIDADE VERDE;Redes De Computadores;Maricá;2024
3649;1536335;3304524;cadastro_cursos;2;2021;2023;3;CENTRO UNIVERSITÁRIO CIDADE VERDE;Redes De Computadores;Rio das Ostras;2023
3649;1536335;4108809;cadastro_cursos;2;2022;2024;3;CENTRO UNIVERSITÁRIO CIDADE VERDE;Redes De Computadores;Guaíra;2024
3649;1536335;4116703;cadastro_cursos;2;2021;2024;4;CENTRO UNIVERSITÁRIO CIDADE VERDE;Redes De Computadores;Nova Aurora;2024
3649;1541954;2927408;cadastro_cursos;2;2022;2024;3;CENTRO UNIVERSITÁRIO CIDADE VERDE;Engenharia De Sistemas;Salvador;2024
3649;1541956;2918001;cadastro_cursos;2;2022;2024;3;CENTRO UNIVERSITÁRIO CIDADE VERDE;Engenharia De Software;Jequié;2024
3649;1541956;3303906;cadastro_cursos;2;2022;2024;3;CENTRO UNIVERSITÁRIO CIDADE VERDE;Engenharia De Software;Petrópolis;2024
3649;1541956;4108304;cadastro_cursos;2;2022;2024;3;CENTRO UNIVERSITÁRIO CIDADE VERDE;Engenharia De Software;Foz do Iguaçu;2024
3649;1541958;3547809;cadastro_cursos;2;2022;2024;3;CENTRO UNIVERSITÁRIO CIDADE VERDE;Segurança Da Informação;Santo André;2024
374;1185751;3550308;antigo;1;2017;2019;3;CENTRO UNIVERSITÁRIO DAS FACULDADES METROPOLITANAS UNIDAS;BANCO DE DADOS;;2019
374;1431913;1300300;cadastro_cursos;2;2020;2022;3;CENTRO UNIVERSITÁRIO DAS FACULDADES METROPOLITANAS UNIDAS;Gestão Da Tecnologia Da Informação;Autazes;2022
374;1431913;1501402;cadastro_cursos;2;2020;2022;3;CENTRO UNIVERSITÁRIO DAS FACULDADES METROPOLITANAS UNIDAS;Gestão Da Tecnologia Da Informação;Belém;2022
374;1431913;2304400;cadastro_cursos;2;2020;2022;3;CENTRO UNIVERSITÁRIO DAS FACULDADES METROPOLITANAS UNIDAS;Gestão Da Tecnologia Da Informação;Fortaleza;2022
374;1431913;3101607;cadastro_cursos;2;2020;2022;3;CENTRO UNIVERSITÁRIO DAS FACULDADES METROPOLITANAS UNIDAS;Gestão Da Tecnologia Da Informação;Alfenas;2022
374;1431913;3106705;cadastro_cursos;2;2020;2022;3;CENTRO UNIVERSITÁRIO DAS FACULDADES METROPOLITANAS UNIDAS;Gestão Da Tecnologia Da Informação;Betim;2022
374;1431913;3127701;cadastro_cursos;2;2020;2022;3;CENTRO UNIVERSITÁRIO DAS FACULDADES METROPOLITANAS UNIDAS;Gestão Da Tecnologia Da Informação;Governador Valadares;2022
374;1431913;3205309;cadastro_cursos;2;2020;2022;3;CENTRO UNIVERSITÁRIO DAS FACULDADES METROPOLITANAS UNIDAS;Gestão Da Tecnologia Da Informação;Vitória;2022
374;1431913;3301702;cadastro_cursos;2;2020;2022;3;CENTRO UNIVERSITÁRIO DAS FACULDADES METROPOLITANAS UNIDAS;Gestão Da Tecnologia Da Informação;Duque de Caxias;2022
374;1431913;3303203;cadastro_cursos;2;2020;2022;3;CENTRO UNIVERSITÁRIO DAS FACULDADES METROPOLITANAS UNIDAS;Gestão Da Tecnologia Da Informação;Nilópolis;2022
374;1431913;3304300;cadastro_cursos;2;2020;2022;3;CENTRO UNIVERSITÁRIO DAS FACULDADES METROPOLITANAS UNIDAS;Gestão Da Tecnologia Da Informação;Rio Bonito;2022
374;1431913;3502101;cadastro_cursos;2;2020;2022;3;CENTRO UNIVERSITÁRIO DAS FACULDADES METROPOLITANAS UNIDAS;Gestão Da Tecnologia Da Informação;Andradina;2022
374;1431913;3526902;cadastro_cursos;2;2020;2022;3;CENTRO UNIVERSITÁRIO DAS FACULDADES METROPOLITANAS UNIDAS;Gestão Da Tecnologia Da Informação;Limeira;2022
374;1431913;3550407;cadastro_cursos;2;2020;2022;3;CENTRO UNIVERSITÁRIO DAS FACULDADES METROPOLITANAS UNIDAS;Gestão Da Tecnologia Da Informação;São Pedro;2022
374;1431913;3552403;cadastro_cursos;2;2020;2022;3;CENTRO UNIVERSITÁRIO DAS FACULDADES METROPOLITANAS UNIDAS;Gestão Da Tecnologia Da Informação;Sumaré;2022
374;1431913;4118204;cadastro_cursos;2;2020;2022;3;CENTRO UNIVERSITÁRIO DAS FACULDADES METROPOLITANAS UNIDAS;Gestão Da Tecnologia Da Informação;Paranaguá;2022
374;1431913;5005707;cadastro_cursos;2;2020;2022;3;CENTRO UNIVERSITÁRIO DAS FACULDADES METROPOLITANAS UNIDAS;Gestão Da Tecnologia Da Informação;Naviraí;2022
374;1431913;5103304;cadastro_cursos;2;2020;2022;3;CENTRO UNIVERSITÁRIO DAS FACULDADES METROPOLITANAS UNIDAS;Gestão Da Tecnologia Da Informação;Comodoro;2022
374;1431913;5205471;cadastro_cursos;2;2020;2022;3;CENTRO UNIVERSITÁRIO DAS FACULDADES METROPOLITANAS UNIDAS;Gestão Da Tecnologia Da Informação;Chapadão do Céu;2022
374;1431913;5208608;cadastro_cursos;2;2020;2022;3;CENTRO UNIVERSITÁRIO DAS FACULDADES METROPOLITANAS UNIDAS;Gestão Da Tecnologia Da Informação;Goianésia;2022
374;1431918;3106705;cadastro_cursos;2;2020;2022;3;CENTRO UNIVERSITÁRIO DAS FACULDADES METROPOLITANAS UNIDAS;Análise E Desenvolvimento De Sistemas;Betim;2022
374;1431918;3132404;cadastro_cursos;2;2020;2022;3;CENTRO UNIVERSITÁRIO DAS FACULDADES METROPOLITANAS UNIDAS;Análise E Desenvolvimento De Sistemas;Itajubá;2022
374;1431918;3205309;cadastro_cursos;2;2020;2023;4;CENTRO UNIVERSITÁRIO DAS FACULDADES METROPOLITANAS UNIDAS;Análise E Desenvolvimento De Sistemas;Vitória;2023
374;1431918;3301702;cadastro_cursos;2;2020;2022;3;CENTRO UNIVERSITÁRIO DAS FACULDADES METROPOLITANAS UNIDAS;Análise E Desenvolvimento De Sistemas;Duque de Caxias;2022
374;1431918;3552205;cadastro_cursos;2;2020;2022;3;CENTRO UNIVERSITÁRIO DAS FACULDADES METROPOLITANAS UNIDAS;Análise E Desenvolvimento De Sistemas;Sorocaba;2022
374;1431918;4113304;cadastro_cursos;2;2020;2022;3;CENTRO UNIVERSITÁRIO DAS FACULDADES METROPOLITANAS UNIDAS;Análise E Desenvolvimento De Sistemas;Laranjeiras do Sul;2022
374;1431918;4118204;cadastro_cursos;2;2020;2022;3;CENTRO UNIVERSITÁRIO DAS FACULDADES METROPOLITANAS UNIDAS;Análise E Desenvolvimento De Sistemas;Paranaguá;2022
374;1431918;4128203;cadastro_cursos;2;2020;2022;3;CENTRO UNIVERSITÁRIO DAS FACULDADES METROPOLITANAS UNIDAS;Análise E Desenvolvimento De Sistemas;União da Vitória;2022
374;1431918;4203006;cadastro_cursos;2;2020;2022;3;CENTRO UNIVERSITÁRIO DAS FACULDADES METROPOLITANAS UNIDAS;Análise E Desenvolvimento De Sistemas;Caçador;2022
374;1431918;5107909;cadastro_cursos;2;2020;2022;3;CENTRO UNIVERSITÁRIO DAS FACULDADES METROPOLITANAS UNIDAS;Análise E Desenvolvimento De Sistemas;Sinop;2022
374;1483586;1505536;cadastro_cursos;2;2020;2022;3;CENTRO UNIVERSITÁRIO DAS FACULDADES METROPOLITANAS UNIDAS;Sistemas De Informação;Parauapebas;2022
374;1483586;3526902;cadastro_cursos;2;2021;2023;3;CENTRO UNIVERSITÁRIO DAS FACULDADES METROPOLITANAS UNIDAS;Sistemas De Informação;Limeira;2023
374;1483586;4113304;cadastro_cursos;2;2020;2022;3;CENTRO UNIVERSITÁRIO DAS FACULDADES METROPOLITANAS UNIDAS;Sistemas De Informação;Laranjeiras do Sul;2022
374;1483586;4118204;cadastro_cursos;2;2020;2022;3;CENTRO UNIVERSITÁRIO DAS FACULDADES METROPOLITANAS UNIDAS;Sistemas De Informação;Paranaguá;2022
374;1483593;3106705;cadastro_cursos;2;2020;2022;3;CENTRO UNIVERSITÁRIO DAS FACULDADES METROPOLITANAS UNIDAS;Ciência Da Computação;Betim;2022
374;1483593;4128203;cadastro_cursos;2;2020;2022;3;CENTRO UNIVERSITÁRIO DAS FACULDADES METROPOLITANAS UNIDAS;Ciência Da Computação;União da Vitória;2022
374;1483593;5209200;cadastro_cursos;2;2020;2022;3;CENTRO UNIVERSITÁRIO DAS FACULDADES METROPOLITANAS UNIDAS;Ciência Da Computação;Guapó;2022
374;1483595;1501402;cadastro_cursos;2;2020;2022;3;CENTRO UNIVERSITÁRIO DAS FACULDADES METROPOLITANAS UNIDAS;Redes De Computadores;Belém;2022
374;1483595;3105608;cadastro_cursos;2;2020;2022;3;CENTRO UNIVERSITÁRIO DAS FACULDADES METROPOLITANAS UNIDAS;Redes De Computadores;Barbacena;2022
374;1483595;3136702;cadastro_cursos;2;2020;2022;3;CENTRO UNIVERSITÁRIO DAS FACULDADES METROPOLITANAS UNIDAS;Redes De Computadores;Juiz de Fora;2022
374;1483595;3164704;cadastro_cursos;2;2020;2022;3;CENTRO UNIVERSITÁRIO DAS FACULDADES METROPOLITANAS UNIDAS;Redes De Computadores;São Sebastião do Paraíso;2022
374;1483595;3167202;cadastro_cursos;2;2020;2022;3;CENTRO UNIVERSITÁRIO DAS FACULDADES METROPOLITANAS UNIDAS;Redes De Computadores;Sete Lagoas;2022
374;1483595;3300456;cadastro_cursos;2;2020;2022;3;CENTRO UNIVERSITÁRIO DAS FACULDADES METROPOLITANAS UNIDAS;Redes De Computadores;Belford Roxo;2022
374;1483595;3303203;cadastro_cursos;2;2020;2022;3;CENTRO UNIVERSITÁRIO DAS FACULDADES METROPOLITANAS UNIDAS;Redes De Computadores;Nilópolis;2022
374;1483595;3303500;cadastro_cursos;2;2020;2022;3;CENTRO UNIVERSITÁRIO DAS FACULDADES METROPOLITANAS UNIDAS;Redes De Computadores;Nova Iguaçu;2022
374;1483595;3306305;cadastro_cursos;2;2020;2022;3;CENTRO UNIVERSITÁRIO DAS FACULDADES METROPOLITANAS UNIDAS;Redes De Computadores;Volta Redonda;2022
374;1483595;3554102;cadastro_cursos;2;2020;2022;3;CENTRO UNIVERSITÁRIO DAS FACULDADES METROPOLITANAS UNIDAS;Redes De Computadores;Taubaté;2022
374;1483595;4203006;cadastro_cursos;2;2020;2022;3;CENTRO UNIVERSITÁRIO DAS FACULDADES METROPOLITANAS UNIDAS;Redes De Computadores;Caçador;2022
374;1483595;5003207;cadastro_cursos;2;2020;2022;3;CENTRO UNIVERSITÁRIO DAS FACULDADES METROPOLITANAS UNIDAS;Redes De Computadores;Corumbá;2022
374;1483595;5101258;cadastro_cursos;2;2020;2022;3;CENTRO UNIVERSITÁRIO DAS FACULDADES METROPOLITANAS UNIDAS;Redes De Computadores;Araputanga;2022
374;1483595;5208707;cadastro_cursos;2;2020;2022;3;CENTRO UNIVERSITÁRIO DAS FACULDADES METROPOLITANAS UNIDAS;Redes De Computadores;Goiânia;2022
374;1483597;1502400;cadastro_cursos;2;2020;2022;3;CENTRO UNIVERSITÁRIO DAS FACULDADES METROPOLITANAS UNIDAS;Jogos Digitais;Castanhal;2022
374;1483597;1505536;cadastro_cursos;2;2020;2022;3;CENTRO UNIVERSITÁRIO DAS FACULDADES METROPOLITANAS UNIDAS;Jogos Digitais;Parauapebas;2022
374;1483597;2304400;cadastro_cursos;2;2020;2023;4;CENTRO UNIVERSITÁRIO DAS FACULDADES METROPOLITANAS UNIDAS;Jogos Digitais;Fortaleza;2023
374;1483597;3127701;cadastro_cursos;2;2020;2022;3;CENTRO UNIVERSITÁRIO DAS FACULDADES METROPOLITANAS UNIDAS;Jogos Digitais;Governador Valadares;2022
374;1483597;3136702;cadastro_cursos;2;2020;2022;3;CENTRO UNIVERSITÁRIO DAS FACULDADES METROPOLITANAS UNIDAS;Jogos Digitais;Juiz de Fora;2022
374;1483597;3203205;cadastro_cursos;2;2020;2022;3;CENTRO UNIVERSITÁRIO DAS FACULDADES METROPOLITANAS UNIDAS;Jogos Digitais;Linhares;2022
374;1483597;3302403;cadastro_cursos;2;2020;2022;3;CENTRO UNIVERSITÁRIO DAS FACULDADES METROPOLITANAS UNIDAS;Jogos Digitais;Macaé;2022
374;1483597;3526407;cadastro_cursos;2;2020;2022;3;CENTRO UNIVERSITÁRIO DAS FACULDADES METROPOLITANAS UNIDAS;Jogos Digitais;Laranjal Paulista;2022
374;1483597;4115200;cadastro_cursos;2;2020;2022;3;CENTRO UNIVERSITÁRIO DAS FACULDADES METROPOLITANAS UNIDAS;Jogos Digitais;Maringá;2022
374;1483597;4209102;cadastro_cursos;2;2020;2022;3;CENTRO UNIVERSITÁRIO DAS FACULDADES METROPOLITANAS UNIDAS;Jogos Digitais;Joinville;2022
374;1483597;5209200;cadastro_cursos;2;2020;2022;3;CENTRO UNIVERSITÁRIO DAS FACULDADES METROPOLITANAS UNIDAS;Jogos Digitais;Guapó;2022
374;1483650;1302603;cadastro_cursos;2;2020;2022;3;CENTRO UNIVERSITÁRIO DAS FACULDADES METROPOLITANAS UNIDAS;Sistemas Para Internet;Manaus;2022
374;1483650;5103403;cadastro_cursos;2;2020;2022;3;CENTRO UNIVERSITÁRIO DAS FACULDADES METROPOLITANAS UNIDAS;Sistemas Para Internet;Cuiabá;2022
374;1483650;5300108;cadastro_cursos;2;2020;2022;3;CENTRO UNIVERSITÁRIO DAS FACULDADES METROPOLITANAS UNIDAS;Sistemas Para Internet;Brasília;2022
374;1519523;2304400;cadastro_cursos;2;2020;2023;4;CENTRO UNIVERSITÁRIO DAS FACULDADES METROPOLITANAS UNIDAS;Segurança Da Informação;Fortaleza;2023
374;1519523;3146107;cadastro_cursos;2;2020;2022;3;CENTRO UNIVERSITÁRIO DAS FACULDADES METROPOLITANAS UNIDAS;Segurança Da Informação;Ouro Preto;2022
374;1519523;3302403;cadastro_cursos;2;2020;2022;3;CENTRO UNIVERSITÁRIO DAS FACULDADES METROPOLITANAS UNIDAS;Segurança Da Informação;Macaé;2022
374;1519523;3529302;cadastro_cursos;2;2020;2022;3;CENTRO UNIVERSITÁRIO DAS FACULDADES METROPOLITANAS UNIDAS;Segurança Da Informação;Matão;2022
374;1519523;3554102;cadastro_cursos;2;2020;2022;3;CENTRO UNIVERSITÁRIO DAS FACULDADES METROPOLITANAS UNIDAS;Segurança Da Informação;Taubaté;2022
374;1519523;4103602;cadastro_cursos;2;2020;2022;3;CENTRO UNIVERSITÁRIO DAS FACULDADES METROPOLITANAS UNIDAS;Segurança Da Informação;Cambará;2022
374;1519523;4106902;cadastro_cursos;2;2020;2022;3;CENTRO UNIVERSITÁRIO DAS FACULDADES METROPOLITANAS UNIDAS;Segurança Da Informação;Curitiba;2022
374;1519523;4127700;cadastro_cursos;2;2020;2022;3;CENTRO UNIVERSITÁRIO DAS FACULDADES METROPOLITANAS UNIDAS;Segurança Da Informação;Toledo;2022
374;1519523;5103403;cadastro_cursos;2;2020;2022;3;CENTRO UNIVERSITÁRIO DAS FACULDADES METROPOLITANAS UNIDAS;Segurança Da Informação;Cuiabá;2022
374;1519848;3509205;cadastro_cursos;2;2022;2024;3;CENTRO UNIVERSITÁRIO DAS FACULDADES METROPOLITANAS UNIDAS;Big Data E Inteligência Analítica;Cajamar;2024
374;1519848;4205407;cadastro_cursos;2;2020;2022;3;CENTRO UNIVERSITÁRIO DAS FACULDADES METROPOLITANAS UNIDAS;Big Data E Inteligência Analítica;Florianópolis;2022
375;106387;3515004;cadastro_cursos;2;2012;2014;3;UNIVERSIDADE DE SANTO AMARO;SISTEMAS DE INFORMAÇÃO;Embu das Artes;2014
375;106387;3515509;cadastro_cursos;2;2010;2013;4;UNIVERSIDADE DE SANTO AMARO;SISTEMAS DE INFORMAÇÃO;Fernandópolis;2013
375;1524192;3547809;cadastro_cursos;2;2022;2024;3;UNIVERSIDADE SANTO AMARO;Engenharia De Computação;Santo André;2024
375;1524193;3518800;cadastro_cursos;2;2020;2022;3;UNIVERSIDADE SANTO AMARO;Engenharia De Software;Guarulhos;2022
3768;100109;4314902;cadastro_cursos;1;2020;2022;3;Faculdade IBGEN;Sistema De Informação;Porto Alegre;2022
3768;107574;4314902;cadastro_cursos;1;2020;2022;3;Faculdade IBGEN;Redes De Computadores;Porto Alegre;2022
3768;107576;4314902;cadastro_cursos;1;2020;2022;3;Faculdade IBGEN;Sistemas Para Internet;Porto Alegre;2022
3768;110186;4314902;cadastro_cursos;1;2020;2022;3;Faculdade IBGEN;Gestão Da Tecnologia Da Informação;Porto Alegre;2022
3779;1042842;3547809;cadastro_cursos;1;2020;2023;4;FACULDADE ESTÁCIO DE SANTO ANDRÉ;Redes De Computadores;Santo André;2023
383;1486073;1502400;cadastro_cursos;2;2022;2024;3;UNIVERSIDADE DA AMAZÔNIA;Game Design;Castanhal;2024
383;1550803;1507003;cadastro_cursos;2;2021;2023;3;UNIVERSIDADE DA AMAZÔNIA;Inteligência Artificial;Santo Antônio do Tauá;2023
3837;70034;3550308;cadastro_cursos;1;2021;2024;4;FACULDADE EVOLUÇÃO;Banco De Dados;São Paulo;2024
384;73318;5201108;cadastro_cursos;1;2020;2022;3;Universidade Evangélica de Goiás;Sistemas De Informação;Anápolis;2022
3840;1375316;1100155;cadastro_cursos;2;2022;2024;3;CENTRO UNIVERSITÁRIO FACVEST;Ciência Da Computação;Ouro Preto do Oeste;2024
3840;1375316;1100205;cadastro_cursos;2;2022;2024;3;CENTRO UNIVERSITÁRIO FACVEST;Ciência Da Computação;Porto Velho;2024
3840;1375316;1303304;cadastro_cursos;2;2021;2024;4;CENTRO UNIVERSITÁRIO FACVEST;Ciência Da Computação;Novo Aripuanã;2024
3840;1375316;1501402;cadastro_cursos;2;2021;2024;4;CENTRO UNIVERSITÁRIO FACVEST;Ciência Da Computação;Belém;2024
3840;1375316;2106631;cadastro_cursos;2;2022;2024;3;CENTRO UNIVERSITÁRIO FACVEST;Ciência Da Computação;Matões do Norte;2024
3840;1375316;2111300;cadastro_cursos;2;2022;2024;3;CENTRO UNIVERSITÁRIO FACVEST;Ciência Da Computação;São Luís;2024
3840;1375316;2112704;cadastro_cursos;2;2022;2024;3;CENTRO UNIVERSITÁRIO FACVEST;Ciência Da Computação;Vargem Grande;2024
3840;1375316;2211001;cadastro_cursos;2;2022;2024;3;CENTRO UNIVERSITÁRIO FACVEST;Ciência Da Computação;Teresina;2024
3840;1375316;2302503;cadastro_cursos;2;2022;2024;3;CENTRO UNIVERSITÁRIO FACVEST;Ciência Da Computação;Brejo Santo;2024
3840;1375316;2504009;cadastro_cursos;2;2022;2024;3;CENTRO UNIVERSITÁRIO FACVEST;Ciência Da Computação;Campina Grande;2024
3840;1375316;2606002;cadastro_cursos;2;2020;2024;5;CENTRO UNIVERSITÁRIO FACVEST;Ciência Da Computação;Garanhuns;2024
3840;1375316;2613909;cadastro_cursos;2;2021;2024;4;CENTRO UNIVERSITÁRIO FACVEST;Ciência Da Computação;Serra Talhada;2024
3840;1375316;2901007;cadastro_cursos;2;2022;2024;3;CENTRO UNIVERSITÁRIO FACVEST;Ciência Da Computação;Amargosa;2024
3840;1375316;2905602;cadastro_cursos;2;2022;2024;3;CENTRO UNIVERSITÁRIO FACVEST;Ciência Da Computação;Camacan;2024
3840;1375316;2910727;cadastro_cursos;2;2020;2024;5;CENTRO UNIVERSITÁRIO FACVEST;Ciência Da Computação;Eunápolis;2024
3840;1375316;2914406;cadastro_cursos;2;2020;2024;5;CENTRO UNIVERSITÁRIO FACVEST;Ciência Da Computação;Iraquara;2024
3840;1375316;3124005;cadastro_cursos;2;2022;2024;3;CENTRO UNIVERSITÁRIO FACVEST;Ciência Da Computação;Ervália;2024
3840;1375316;3145208;cadastro_cursos;2;2022;2024;3;CENTRO UNIVERSITÁRIO FACVEST;Ciência Da Computação;Nova Serrana;2024
3840;1375316;3164704;cadastro_cursos;2;2020;2022;3;CENTRO UNIVERSITÁRIO FACVEST;Ciência Da Computação;São Sebastião do Paraíso;2022
3840;1375316;3202108;cadastro_cursos;2;2022;2024;3;CENTRO UNIVERSITÁRIO FACVEST;Ciência Da Computação;Ecoporanga;2024
3840;1375316;3300209;cadastro_cursos;2;2022;2024;3;CENTRO UNIVERSITÁRIO FACVEST;Ciência Da Computação;Araruama;2024
3840;1375316;3302106;cadastro_cursos;2;2022;2024;3;CENTRO UNIVERSITÁRIO FACVEST;Ciência Da Computação;Itaocara;2024
3840;1375316;3305554;cadastro_cursos;2;2022;2024;3;CENTRO UNIVERSITÁRIO FACVEST;Ciência Da Computação;Seropédica;2024
3840;1375316;3523107;cadastro_cursos;2;2020;2024;5;CENTRO UNIVERSITÁRIO FACVEST;Ciência Da Computação;Itaquaquecetuba;2024
3840;1375316;3530805;cadastro_cursos;2;2021;2024;4;CENTRO UNIVERSITÁRIO FACVEST;Ciência Da Computação;Mogi Mirim;2024
3840;1375316;3534302;cadastro_cursos;2;2021;2023;3;CENTRO UNIVERSITÁRIO FACVEST;Ciência Da Computação;Orlândia;2023
3840;1375316;3538709;cadastro_cursos;2;2022;2024;3;CENTRO UNIVERSITÁRIO FACVEST;Ciência Da Computação;Piracicaba;2024
3840;1375316;3548807;cadastro_cursos;2;2022;2024;3;CENTRO UNIVERSITÁRIO FACVEST;Ciência Da Computação;São Caetano do Sul;2024
3840;1375316;4100806;cadastro_cursos;2;2022;2024;3;CENTRO UNIVERSITÁRIO FACVEST;Ciência Da Computação;Alvorada do Sul;2024
3840;1375316;4102604;cadastro_cursos;2;2020;2022;3;CENTRO UNIVERSITÁRIO FACVEST;Ciência Da Computação;Barracão;2022
3840;1375316;4105409;cadastro_cursos;2;2020;2022;3;CENTRO UNIVERSITÁRIO FACVEST;Ciência Da Computação;Chopinzinho;2022
3840;1375316;4108403;cadastro_cursos;2;2022;2024;3;CENTRO UNIVERSITÁRIO FACVEST;Ciência Da Computação;Francisco Beltrão;2024
3840;1375316;4117602;cadastro_cursos;2;2020;2023;4;CENTRO UNIVERSITÁRIO FACVEST;Ciência Da Computação;Palmas;2023
3840;1375316;4117800;cadastro_cursos;2;2022;2024;3;CENTRO UNIVERSITÁRIO FACVEST;Ciência Da Computação;Palmital;2024
3840;1375316;4119608;cadastro_cursos;2;2020;2022;3;CENTRO UNIVERSITÁRIO FACVEST;Ciência Da Computação;Pitanga;2022
3840;1375316;4125605;cadastro_cursos;2;2020;2022;3;CENTRO UNIVERSITÁRIO FACVEST;Ciência Da Computação;São Mateus do Sul;2022
3840;1375316;4128104;cadastro_cursos;2;2021;2024;4;CENTRO UNIVERSITÁRIO FACVEST;Ciência Da Computação;Umuarama;2024
3840;1375316;4204707;cadastro_cursos;2;2022;2024;3;CENTRO UNIVERSITÁRIO FACVEST;Ciência Da Computação;Cunha Porã;2024
3840;1375316;4207650;cadastro_cursos;2;2020;2022;3;CENTRO UNIVERSITÁRIO FACVEST;Ciência Da Computação;Iporã do Oeste;2022
3840;1375316;4208450;cadastro_cursos;2;2022;2024;3;CENTRO UNIVERSITÁRIO FACVEST;Ciência Da Computação;Itapoá;2024
3840;1375316;4213401;cadastro_cursos;2;2020;2022;3;CENTRO UNIVERSITÁRIO FACVEST;Ciência Da Computação;Ponte Serrada;2022
3840;1375316;4216305;cadastro_cursos;2;2020;2024;5;CENTRO UNIVERSITÁRIO FACVEST;Ciência Da Computação;São João Batista;2024
3840;1375316;4216602;cadastro_cursos;2;2020;2023;4;CENTRO UNIVERSITÁRIO FACVEST;Ciência Da Computação;São José;2023
3840;1375316;4218707;cadastro_cursos;2;2020;2024;5;CENTRO UNIVERSITÁRIO FACVEST;Ciência Da Computação;Tubarão;2024
3840;1375316;4219309;cadastro_cursos;2;2022;2024;3;CENTRO UNIVERSITÁRIO FACVEST;Ciência Da Computação;Videira;2024
3840;1375316;4300109;cadastro_cursos;2;2021;2024;4;CENTRO UNIVERSITÁRIO FACVEST;Ciência Da Computação;Agudo;2024
3840;1375316;4306767;cadastro_cursos;2;2021;2024;4;CENTRO UNIVERSITÁRIO FACVEST;Ciência Da Computação;Eldorado do Sul;2024
3840;1375316;4307005;cadastro_cursos;2;2021;2024;4;CENTRO UNIVERSITÁRIO FACVEST;Ciência Da Computação;Erechim;2024
3840;1375316;4309001;cadastro_cursos;2;2022;2024;3;CENTRO UNIVERSITÁRIO FACVEST;Ciência Da Computação;Giruá;2024
3840;1375316;4313060;cadastro_cursos;2;2021;2024;4;CENTRO UNIVERSITÁRIO FACVEST;Ciência Da Computação;Nova Hartz;2024
3840;1375316;4318804;cadastro_cursos;2;2022;2024;3;CENTRO UNIVERSITÁRIO FACVEST;Ciência Da Computação;São Lourenço do Sul;2024
3840;1375316;4322608;cadastro_cursos;2;2022;2024;3;CENTRO UNIVERSITÁRIO FACVEST;Ciência Da Computação;Venâncio Aires;2024
3840;1375316;4323804;cadastro_cursos;2;2021;2024;4;CENTRO UNIVERSITÁRIO FACVEST;Ciência Da Computação;Xangri-lá;2024
3840;1375316;5008305;cadastro_cursos;2;2022;2024;3;CENTRO UNIVERSITÁRIO FACVEST;Ciência Da Computação;Três Lagoas;2024
3840;1375316;5103403;cadastro_cursos;2;2022;2024;3;CENTRO UNIVERSITÁRIO FACVEST;Ciência Da Computação;Cuiabá;2024
3840;1375316;5106752;cadastro_cursos;2;2021;2024;4;CENTRO UNIVERSITÁRIO FACVEST;Ciência Da Computação;Pontes e Lacerda;2024
3840;1375316;5107602;cadastro_cursos;2;2020;2024;5;CENTRO UNIVERSITÁRIO FACVEST;Ciência Da Computação;Rondonópolis;2024
3840;1375316;5201306;cadastro_cursos;2;2022;2024;3;CENTRO UNIVERSITÁRIO FACVEST;Ciência Da Computação;Anicuns;2024
3840;1375316;5215231;cadastro_cursos;2;2020;2024;5;CENTRO UNIVERSITÁRIO FACVEST;Ciência Da Computação;Novo Gama;2024
3840;1375316;5221858;cadastro_cursos;2;2022;2024;3;CENTRO UNIVERSITÁRIO FACVEST;Ciência Da Computação;Valparaíso de Goiás;2024
3840;1524558;1722081;cadastro_cursos;2;2022;2024;3;CENTRO UNIVERSITÁRIO FACVEST;Gestão Da Tecnologia Da Informação;Wanderlândia;2024
3840;1524558;2601904;cadastro_cursos;2;2022;2024;3;CENTRO UNIVERSITÁRIO FACVEST;Gestão Da Tecnologia Da Informação;Bezerros;2024
3840;1524558;2904704;cadastro_cursos;2;2022;2024;3;CENTRO UNIVERSITÁRIO FACVEST;Gestão Da Tecnologia Da Informação;Buerarema;2024
3840;1524558;2919801;cadastro_cursos;2;2022;2024;3;CENTRO UNIVERSITÁRIO FACVEST;Gestão Da Tecnologia Da Informação;Macaúbas;2024
3840;1524558;3202108;cadastro_cursos;2;2022;2024;3;CENTRO UNIVERSITÁRIO FACVEST;Gestão Da Tecnologia Da Informação;Ecoporanga;2024
3840;1524558;3303807;cadastro_cursos;2;2022;2024;3;CENTRO UNIVERSITÁRIO FACVEST;Gestão Da Tecnologia Da Informação;Paraty;2024
3840;1524558;3305109;cadastro_cursos;2;2022;2024;3;CENTRO UNIVERSITÁRIO FACVEST;Gestão Da Tecnologia Da Informação;São João de Meriti;2024
3840;1524558;3503901;cadastro_cursos;2;2022;2024;3;CENTRO UNIVERSITÁRIO FACVEST;Gestão Da Tecnologia Da Informação;Arujá;2024
3840;1524558;3510401;cadastro_cursos;2;2022;2024;3;CENTRO UNIVERSITÁRIO FACVEST;Gestão Da Tecnologia Da Informação;Capivari;2024
3840;1524558;4104808;cadastro_cursos;2;2022;2024;3;CENTRO UNIVERSITÁRIO FACVEST;Gestão Da Tecnologia Da Informação;Cascavel;2024
3840;1524558;4105409;cadastro_cursos;2;2022;2024;3;CENTRO UNIVERSITÁRIO FACVEST;Gestão Da Tecnologia Da Informação;Chopinzinho;2024
3840;1524558;4105805;cadastro_cursos;2;2022;2024;3;CENTRO UNIVERSITÁRIO FACVEST;Gestão Da Tecnologia Da Informação;Colombo;2024
3840;1524558;4110078;cadastro_cursos;2;2022;2024;3;CENTRO UNIVERSITÁRIO FACVEST;Gestão Da Tecnologia Da Informação;Imbaú;2024
3840;1524558;4114807;cadastro_cursos;2;2022;2024;3;CENTRO UNIVERSITÁRIO FACVEST;Gestão Da Tecnologia Da Informação;Marialva;2024
3840;1524558;4119806;cadastro_cursos;2;2022;2024;3;CENTRO UNIVERSITÁRIO FACVEST;Gestão Da Tecnologia Da Informação;Planalto;2024
3840;1524558;4125605;cadastro_cursos;2;2022;2024;3;CENTRO UNIVERSITÁRIO FACVEST;Gestão Da Tecnologia Da Informação;São Mateus do Sul;2024
3840;1524558;4216503;cadastro_cursos;2;2022;2024;3;CENTRO UNIVERSITÁRIO FACVEST;Gestão Da Tecnologia Da Informação;São Joaquim;2024
3840;1524558;5006309;cadastro_cursos;2;2021;2024;4;CENTRO UNIVERSITÁRIO FACVEST;Gestão Da Tecnologia Da Informação;Paranaíba;2024
3840;1599708;2304400;cadastro_cursos;2;2022;2024;3;CENTRO UNIVERSITÁRIO FACVEST;Análise E Desenvolvimento De Sistemas;Fortaleza;2024
3840;1599708;3525904;cadastro_cursos;2;2022;2024;3;CENTRO UNIVERSITÁRIO FACVEST;Análise E Desenvolvimento De Sistemas;Jundiaí;2024
3840;1599708;4127700;cadastro_cursos;2;2022;2024;3;CENTRO UNIVERSITÁRIO FACVEST;Análise E Desenvolvimento De Sistemas;Toledo;2024
3840;1599708;4207700;cadastro_cursos;2;2022;2024;3;CENTRO UNIVERSITÁRIO FACVEST;Análise E Desenvolvimento De Sistemas;Ipumirim;2024
3840;1599711;2106631;cadastro_cursos;2;2022;2024;3;CENTRO UNIVERSITÁRIO FACVEST;Defesa Cibernética;Matões do Norte;2024
3840;1599711;3505906;cadastro_cursos;2;2022;2024;3;CENTRO UNIVERSITÁRIO FACVEST;Defesa Cibernética;Batatais;2024
3840;1599711;3513405;cadastro_cursos;2;2022;2024;3;CENTRO UNIVERSITÁRIO FACVEST;Defesa Cibernética;Cruzeiro;2024
3840;1599711;3547809;cadastro_cursos;2;2022;2024;3;CENTRO UNIVERSITÁRIO FACVEST;Defesa Cibernética;Santo André;2024
3840;1599711;4218004;cadastro_cursos;2;2022;2024;3;CENTRO UNIVERSITÁRIO FACVEST;Defesa Cibernética;Tijucas;2024
3840;1599711;4219507;cadastro_cursos;2;2022;2024;3;CENTRO UNIVERSITÁRIO FACVEST;Defesa Cibernética;Xanxerê;2024
3840;1599711;4316402;cadastro_cursos;2;2022;2024;3;CENTRO UNIVERSITÁRIO FACVEST;Defesa Cibernética;Rosário do Sul;2024
3840;1599713;3105608;cadastro_cursos;2;2022;2024;3;CENTRO UNIVERSITÁRIO FACVEST;Sistemas Para Internet;Barbacena;2024
3840;1599713;3302502;cadastro_cursos;2;2022;2024;3;CENTRO UNIVERSITÁRIO FACVEST;Sistemas Para Internet;Magé;2024
3840;1599713;3505500;cadastro_cursos;2;2022;2024;3;CENTRO UNIVERSITÁRIO FACVEST;Sistemas Para Internet;Barretos;2024
3840;1599713;3547502;cadastro_cursos;2;2022;2024;3;CENTRO UNIVERSITÁRIO FACVEST;Sistemas Para Internet;Santa Rita do Passa Quatro;2024
3840;1599713;4126256;cadastro_cursos;2;2022;2024;3;CENTRO UNIVERSITÁRIO FACVEST;Sistemas Para Internet;Sarandi;2024
3840;1599713;4301602;cadastro_cursos;2;2022;2024;3;CENTRO UNIVERSITÁRIO FACVEST;Sistemas Para Internet;Bagé;2024
3840;1599713;4302907;cadastro_cursos;2;2022;2024;3;CENTRO UNIVERSITÁRIO FACVEST;Sistemas Para Internet;Cacequi;2024
3840;1599713;4304630;cadastro_cursos;2;2022;2024;3;CENTRO UNIVERSITÁRIO FACVEST;Sistemas Para Internet;Capão da Canoa;2024
3840;1599713;4314407;cadastro_cursos;2;2022;2024;3;CENTRO UNIVERSITÁRIO FACVEST;Sistemas Para Internet;Pelotas;2024
3840;1599713;5002704;cadastro_cursos;2;2022;2024;3;CENTRO UNIVERSITÁRIO FACVEST;Sistemas Para Internet;Campo Grande;2024
3840;1599713;5100102;cadastro_cursos;2;2022;2024;3;CENTRO UNIVERSITÁRIO FACVEST;Sistemas Para Internet;Acorizal;2024
385;104868;1200401;cadastro_cursos;2;2021;2023;3;UNIVERSIDADE SALVADOR;Sistemas De Informação;Rio Branco;2023
385;104868;2314102;cadastro_cursos;2;2020;2022;3;UNIVERSIDADE SALVADOR;Sistemas De Informação;Viçosa do Ceará;2022
385;104868;2609600;cadastro_cursos;2;2020;2022;3;UNIVERSIDADE SALVADOR;Sistemas De Informação;Olinda;2022
385;104868;2611804;cadastro_cursos;2;2020;2022;3;UNIVERSIDADE SALVADOR;Sistemas De Informação;Ribeirão;2022
385;1429880;1200401;cadastro_cursos;2;2020;2023;4;UNIVERSIDADE SALVADOR;Análise E Desenvolvimento De Sistemas;Rio Branco;2023
385;1429880;1502152;cadastro_cursos;2;2020;2022;3;UNIVERSIDADE SALVADOR;Análise E Desenvolvimento De Sistemas;Canaã dos Carajás;2022
385;1429880;1506138;cadastro_cursos;2;2020;2022;3;UNIVERSIDADE SALVADOR;Análise E Desenvolvimento De Sistemas;Redenção;2022
385;1429880;2311603;cadastro_cursos;2;2020;2022;3;UNIVERSIDADE SALVADOR;Análise E Desenvolvimento De Sistemas;Redenção;2022
385;1429880;2313559;cadastro_cursos;2;2020;2022;3;UNIVERSIDADE SALVADOR;Análise E Desenvolvimento De Sistemas;Tururu;2022
385;1429880;2504009;cadastro_cursos;2;2020;2023;4;UNIVERSIDADE SALVADOR;Análise E Desenvolvimento De Sistemas;Campina Grande;2023
385;1429880;2609600;cadastro_cursos;2;2020;2023;4;UNIVERSIDADE SALVADOR;Análise E Desenvolvimento De Sistemas;Olinda;2023
385;1429880;2611804;cadastro_cursos;2;2021;2023;3;UNIVERSIDADE SALVADOR;Análise E Desenvolvimento De Sistemas;Ribeirão;2023
385;1429882;1101492;cadastro_cursos;2;2020;2022;3;UNIVERSIDADE SALVADOR;Gestão Da Tecnologia Da Informação;São Francisco do Guaporé;2022
385;1429882;1400100;cadastro_cursos;2;2020;2023;4;UNIVERSIDADE SALVADOR;Gestão Da Tecnologia Da Informação;Boa Vista;2023
385;1429882;1507953;cadastro_cursos;2;2020;2022;3;UNIVERSIDADE SALVADOR;Gestão Da Tecnologia Da Informação;Tailândia;2022
385;1429882;2100055;cadastro_cursos;2;2020;2023;4;UNIVERSIDADE SALVADOR;Gestão Da Tecnologia Da Informação;Açailândia;2023
385;1429882;2304400;cadastro_cursos;2;2021;2023;3;UNIVERSIDADE SALVADOR;Gestão Da Tecnologia Da Informação;Fortaleza;2023
385;1429882;2929909;cadastro_cursos;2;2020;2022;3;UNIVERSIDADE SALVADOR;Gestão Da Tecnologia Da Informação;Seabra;2022
385;1429882;3550308;cadastro_cursos;2;2020;2022;3;UNIVERSIDADE SALVADOR;Gestão Da Tecnologia Da Informação;São Paulo;2022
385;1483661;1200401;cadastro_cursos;2;2021;2023;3;UNIVERSIDADE SALVADOR;Redes De Computadores;Rio Branco;2023
385;1483661;1400100;cadastro_cursos;2;2020;2022;3;UNIVERSIDADE SALVADOR;Redes De Computadores;Boa Vista;2022
385;1483661;1506138;cadastro_cursos;2;2020;2022;3;UNIVERSIDADE SALVADOR;Redes De Computadores;Redenção;2022
385;1483661;2302503;cadastro_cursos;2;2020;2022;3;UNIVERSIDADE SALVADOR;Redes De Computadores;Brejo Santo;2022
385;1483661;2919801;cadastro_cursos;2;2020;2022;3;UNIVERSIDADE SALVADOR;Redes De Computadores;Macaúbas;2022
385;1483661;3550308;cadastro_cursos;2;2020;2022;3;UNIVERSIDADE SALVADOR;Redes De Computadores;São Paulo;2022
385;1483664;1507953;cadastro_cursos;2;2020;2022;3;UNIVERSIDADE SALVADOR;Ciência Da Computação;Tailândia;2022
385;1483664;2100055;cadastro_cursos;2;2021;2023;3;UNIVERSIDADE SALVADOR;Ciência Da Computação;Açailândia;2023
385;1483664;2302503;cadastro_cursos;2;2020;2022;3;UNIVERSIDADE SALVADOR;Ciência Da Computação;Brejo Santo;2022
385;1483664;2915601;cadastro_cursos;2;2021;2023;3;UNIVERSIDADE SALVADOR;Ciência Da Computação;Itamaraju;2023
385;1483664;3550308;cadastro_cursos;2;2020;2023;4;UNIVERSIDADE SALVADOR;Ciência Da Computação;São Paulo;2023
385;1484765;1400100;cadastro_cursos;2;2020;2022;3;UNIVERSIDADE SALVADOR;Jogos Digitais;Boa Vista;2022
385;1484765;1506138;cadastro_cursos;2;2020;2022;3;UNIVERSIDADE SALVADOR;Jogos Digitais;Redenção;2022
385;1484765;2917508;cadastro_cursos;2;2020;2022;3;UNIVERSIDADE SALVADOR;Jogos Digitais;Jacobina;2022
385;1484785;1200401;cadastro_cursos;2;2020;2023;4;UNIVERSIDADE SALVADOR;Sistemas Para Internet;Rio Branco;2023
385;1484785;1400100;cadastro_cursos;2;2020;2022;3;UNIVERSIDADE SALVADOR;Sistemas Para Internet;Boa Vista;2022
385;1484785;1502152;cadastro_cursos;2;2020;2022;3;UNIVERSIDADE SALVADOR;Sistemas Para Internet;Canaã dos Carajás;2022
385;1485004;2910800;cadastro_cursos;2;2020;2023;4;UNIVERSIDADE SALVADOR;Big Data E Inteligência Analítica;Feira de Santana;2023
385;1485004;2928604;cadastro_cursos;2;2020;2022;3;UNIVERSIDADE SALVADOR;Big Data E Inteligência Analítica;Santo Amaro;2022
385;1485013;1502152;cadastro_cursos;2;2021;2023;3;UNIVERSIDADE SALVADOR;Engenharia De Computação;Canaã dos Carajás;2023
385;1485013;2928604;cadastro_cursos;2;2020;2022;3;UNIVERSIDADE SALVADOR;Engenharia De Computação;Santo Amaro;2022
385;1496030;1400100;cadastro_cursos;2;2020;2023;4;UNIVERSIDADE SALVADOR;Segurança Da Informação;Boa Vista;2023
385;1496030;2208007;cadastro_cursos;2;2020;2022;3;UNIVERSIDADE SALVADOR;Segurança Da Informação;Picos;2022
385;1496030;2311603;cadastro_cursos;2;2020;2022;3;UNIVERSIDADE SALVADOR;Segurança Da Informação;Redenção;2022
385;1496030;2905701;cadastro_cursos;2;2021;2023;3;UNIVERSIDADE SALVADOR;Segurança Da Informação;Camaçari;2023
386;1491649;5221601;cadastro_cursos;2;2021;2023;3;CENTRO UNIVERSITÁRIO DE GOIÁS;Análise E Desenvolvimento De Sistemas;Uruaçu;2023
387;1550198;3550308;cadastro_cursos;2;2022;2024;3;UNIVERSIDADE CATÓLICA DOM BOSCO;Análise E Desenvolvimento De Sistemas;São Paulo;2024
387;1550632;2304400;cadastro_cursos;2;2021;2023;3;UNIVERSIDADE CATÓLICA DOM BOSCO;Big Data E Inteligência Analítica;Fortaleza;2023
3877;1206120;5200258;cadastro_cursos;1;2021;2023;3;FACULDADE MAUÁ DE GOIÁS;Análise E Desenvolvimento De Sistemas;Águas Lindas de Goiás;2023
3877;5000958;5200258;cadastro_cursos;1;2020;2023;4;FACULDADE MAUÁ DE GOIÁS;Sistema De Informação;Águas Lindas de Goiás;2023
396;1405580;2927408;cadastro_cursos;1;2021;2023;3;Centro Universitário Ruy Barbosa Wyden;Ciência Da Computação;Salvador;2023
398;98470;2802106;cadastro_cursos;2;2012;2015;4;UNIVERSIDADE TIRADENTES;GESTÃO DA TECNOLOGIA DA INFORMAÇÃO;Estância;2015
398;98470;2805703;cadastro_cursos;2;2014;2016;3;UNIVERSIDADE TIRADENTES;GESTÃO DA TECNOLOGIA DA INFORMAÇÃO;Propriá;2016
3985;1285818;1400100;cadastro_cursos;2;2020;2022;3;CENTRO UNIVERSITÁRIO SENAC;Gestão Da Tecnologia Da Informação;Boa Vista;2022
3985;1285818;2606002;cadastro_cursos;2;2020;2022;3;CENTRO UNIVERSITÁRIO SENAC;Gestão Da Tecnologia Da Informação;Garanhuns;2022
3985;1285818;3201506;cadastro_cursos;2;2022;2024;3;CENTRO UNIVERSITÁRIO SENAC;Gestão Da Tecnologia Da Informação;Colatina;2024
3985;1285818;3526902;cadastro_cursos;2;2021;2024;4;CENTRO UNIVERSITÁRIO SENAC;Gestão Da Tecnologia Da Informação;Limeira;2024
3985;1524051;3306008;cadastro_cursos;2;2022;2024;3;CENTRO UNIVERSITÁRIO SENAC;Análise E Desenvolvimento De Sistemas;Três Rios;2024
3985;1524051;4203006;cadastro_cursos;2;2021;2023;3;CENTRO UNIVERSITÁRIO SENAC;Análise E Desenvolvimento De Sistemas;Caçador;2023
3985;1524051;5006606;cadastro_cursos;2;2020;2022;3;CENTRO UNIVERSITÁRIO SENAC;Análise E Desenvolvimento De Sistemas;Ponta Porã;2022
3985;1524052;3170701;cadastro_cursos;2;2022;2024;3;CENTRO UNIVERSITÁRIO SENAC;Banco De Dados;Varginha;2024
3985;1524052;3516200;cadastro_cursos;2;2021;2024;4;CENTRO UNIVERSITÁRIO SENAC;Banco De Dados;Franca;2024
3985;1524052;3529005;cadastro_cursos;2;2021;2023;3;CENTRO UNIVERSITÁRIO SENAC;Banco De Dados;Marília;2023
3985;1524052;4113700;cadastro_cursos;2;2022;2024;3;CENTRO UNIVERSITÁRIO SENAC;Banco De Dados;Londrina;2024
3985;1524052;4204608;cadastro_cursos;2;2021;2024;4;CENTRO UNIVERSITÁRIO SENAC;Banco De Dados;Criciúma;2024
3985;1524054;1504208;cadastro_cursos;2;2022;2024;3;CENTRO UNIVERSITÁRIO SENAC;Segurança Cibernética;Marabá;2024
3985;1524054;2111300;cadastro_cursos;2;2022;2024;3;CENTRO UNIVERSITÁRIO SENAC;Segurança Cibernética;São Luís;2024
3985;1524054;2207702;cadastro_cursos;2;2022;2024;3;CENTRO UNIVERSITÁRIO SENAC;Segurança Cibernética;Parnaíba;2024
3985;1524054;2211001;cadastro_cursos;2;2020;2022;3;CENTRO UNIVERSITÁRIO SENAC;Defesa Cibernética;Teresina;2022
3985;1524054;4115705;cadastro_cursos;2;2021;2023;3;CENTRO UNIVERSITÁRIO SENAC;Defesa Cibernética;Matinhos;2023
3985;1524054;4315602;cadastro_cursos;2;2022;2024;3;CENTRO UNIVERSITÁRIO SENAC;Segurança Cibernética;Rio Grande;2024
3985;1524054;4316808;cadastro_cursos;2;2021;2023;3;CENTRO UNIVERSITÁRIO SENAC;Defesa Cibernética;Santa Cruz do Sul;2023
3985;1524054;4317509;cadastro_cursos;2;2022;2024;3;CENTRO UNIVERSITÁRIO SENAC;Segurança Cibernética;Santo Ângelo;2024
3985;1524055;2910800;cadastro_cursos;2;2021;2023;3;CENTRO UNIVERSITÁRIO SENAC;Segurança Da Informação;Feira de Santana;2023
3985;1524055;3170206;cadastro_cursos;2;2021;2023;3;CENTRO UNIVERSITÁRIO SENAC;Segurança Da Informação;Uberlândia;2023
3985;1524055;3522604;cadastro_cursos;2;2021;2023;3;CENTRO UNIVERSITÁRIO SENAC;Segurança Da Informação;Itapira;2023
3985;1524055;3542602;cadastro_cursos;2;2020;2023;4;CENTRO UNIVERSITÁRIO SENAC;Segurança Da Informação;Registro;2023
3985;1524055;4104808;cadastro_cursos;2;2021;2023;3;CENTRO UNIVERSITÁRIO SENAC;Segurança Da Informação;Cascavel;2023
3985;1524055;4203006;cadastro_cursos;2;2022;2024;3;CENTRO UNIVERSITÁRIO SENAC;Segurança Da Informação;Caçador;2024
3985;1524055;4209300;cadastro_cursos;2;2021;2023;3;CENTRO UNIVERSITÁRIO SENAC;Segurança Da Informação;Lages;2023
3985;1524057;3170206;cadastro_cursos;2;2022;2024;3;CENTRO UNIVERSITÁRIO SENAC;Sistemas Para Internet;Uberlândia;2024
3985;1524057;4313409;cadastro_cursos;2;2021;2023;3;CENTRO UNIVERSITÁRIO SENAC;Sistemas Para Internet;Novo Hamburgo;2023
4010;115700;4314902;antigo;1;2017;2019;3;CENTRO UNIVERSITÁRIO METODISTA;ANÁLISE E DESENVOLVIMENTO DE SISTEMAS;;2019
4010;115700;4314902;cadastro_cursos;1;2014;2016;3;CENTRO UNIVERSITÁRIO METODISTA;ANÁLISE E DESENVOLVIMENTO DE SISTEMAS;Porto Alegre;2016
403;106248;1302603;cadastro_cursos;2;2009;2011;3;UNIVERSIDADE CATÓLICA DE BRASÍLIA;GESTÃO DA TECNOLOGIA DA INFORMAÇÃO;Manaus;2011
403;106248;3304557;cadastro_cursos;2;2020;2022;3;UNIVERSIDADE CATÓLICA DE BRASÍLIA;Gestão Da Tecnologia Da Informação;Rio de Janeiro;2022
403;106248;3549904;cadastro_cursos;2;2012;2014;3;UNIVERSIDADE CATÓLICA DE BRASÍLIA;GESTÃO DA TECNOLOGIA DA INFORMAÇÃO;São José dos Campos;2014
403;1121456;2927408;cadastro_cursos;2;2010;2014;5;UNIVERSIDADE CATÓLICA DE BRASÍLIA;ANÁLISE E DESENVOLVIMENTO DE SISTEMAS;Salvador;2014
403;1445848;1702109;cadastro_cursos;2;2020;2022;3;UNIVERSIDADE CATÓLICA DE BRASÍLIA;Redes De Computadores;Araguaína;2022
403;1445848;2300754;cadastro_cursos;2;2020;2022;3;UNIVERSIDADE CATÓLICA DE BRASÍLIA;Redes De Computadores;Amontada;2022
403;1445848;5002704;cadastro_cursos;2;2021;2024;4;UNIVERSIDADE CATÓLICA DE BRASÍLIA;Redes De Computadores;Campo Grande;2024
403;1445848;5200258;cadastro_cursos;2;2020;2022;3;UNIVERSIDADE CATÓLICA DE BRASÍLIA;Redes De Computadores;Águas Lindas de Goiás;2022
4153;107409;2611606;cadastro_cursos;1;2021;2023;3;CENTRO UNIVERSITÁRIO MAURÍCIO DE NASSAU DERBY;Sistemas De Informação;Recife;2023
4153;1128808;2611606;cadastro_cursos;1;2021;2023;3;CENTRO UNIVERSITÁRIO MAURÍCIO DE NASSAU DERBY;Redes De Computadores;Recife;2023
4153;1137927;2611606;cadastro_cursos;1;2020;2023;4;CENTRO UNIVERSITÁRIO MAURÍCIO DE NASSAU DERBY;Análise E Desenvolvimento De Sistemas;Recife;2023
4153;1536206;5201108;cadastro_cursos;2;2021;2023;3;CENTRO UNIVERSITÁRIO MAURÍCIO DE NASSAU DERBY;Digital Security;Anápolis;2023
417;1214121;3545308;cadastro_cursos;2;2014;2016;3;UNIVERSIDADE CIDADE DE SÃO PAULO;GESTÃO DA TECNOLOGIA DA INFORMAÇÃO;Salto de Pirapora;2016
417;1214121;3545803;cadastro_cursos;2;2013;2015;3;UNIVERSIDADE CIDADE DE SÃO PAULO;GESTÃO DA TECNOLOGIA DA INFORMAÇÃO;Santa Bárbara d'Oeste;2015
417;1363745;3504107;cadastro_cursos;2;2021;2024;4;UNIVERSIDADE CIDADE DE SÃO PAULO;Engenharia De Computação;Atibaia;2024
417;1382693;3507001;cadastro_cursos;2;2020;2022;3;UNIVERSIDADE CIDADE DE SÃO PAULO;Banco De Dados;Boituva;2022
417;1427624;1501808;cadastro_cursos;2;2020;2022;3;UNIVERSIDADE CIDADE DE SÃO PAULO;Redes De Computadores;Breves;2022
417;1445598;1600303;cadastro_cursos;2;2021;2024;4;UNIVERSIDADE CIDADE DE SÃO PAULO;Internet Das Coisas;Macapá;2024
417;1468028;3501608;cadastro_cursos;2;2020;2022;3;UNIVERSIDADE CIDADE DE SÃO PAULO;Ciência Da Computação;Americana;2022
417;1468028;3518305;cadastro_cursos;2;2020;2023;4;UNIVERSIDADE CIDADE DE SÃO PAULO;Ciência Da Computação;Guararema;2023
417;1468067;3518404;cadastro_cursos;2;2021;2024;4;UNIVERSIDADE CIDADE DE SÃO PAULO;Engenharia De Software;Guaratinguetá;2024
420;1484081;5100805;cadastro_cursos;2;2020;2022;3;UNIVERSIDADE DE MARÍLIA;Análise E Desenvolvimento De Sistemas;Apiacás;2022
420;1484093;3527405;cadastro_cursos;2;2022;2024;3;UNIVERSIDADE DE MARÍLIA;Engenharia De Computação;Lucélia;2024
430;1546056;3106200;cadastro_cursos;2;2021;2023;3;CENTRO UNIVERSITÁRIO FILADÉLFIA;Análise E Desenvolvimento De Sistemas;Belo Horizonte;2023
430;1546056;4117008;cadastro_cursos;2;2022;2024;3;CENTRO UNIVERSITÁRIO FILADÉLFIA;Análise E Desenvolvimento De Sistemas;Nova Fátima;2024
441;21016;4210100;cadastro_cursos;1;2021;2023;3;UNIVERSIDADE DO CONTESTADO;Sistemas De Informação;Mafra;2023
441;21018;4204301;cadastro_cursos;1;2021;2023;3;UNIVERSIDADE DO CONTESTADO;Sistemas De Informação;Concórdia;2023
448;1443339;1302603;cadastro_cursos;2;2021;2023;3;CENTRO UNIVERSITÁRIO RITTER DOS REIS;Análise E Desenvolvimento De Sistemas;Manaus;2023
448;1443339;4209102;cadastro_cursos;2;2021;2023;3;CENTRO UNIVERSITÁRIO RITTER DOS REIS;Análise E Desenvolvimento De Sistemas;Joinville;2023
448;1457682;4205407;cadastro_cursos;2;2021;2023;3;CENTRO UNIVERSITÁRIO RITTER DOS REIS;Big Data E Inteligência Analítica;Florianópolis;2023
448;1457691;1302603;cadastro_cursos;2;2021;2023;3;CENTRO UNIVERSITÁRIO RITTER DOS REIS;Gestão Da Tecnologia Da Informação;Manaus;2023
448;1457691;3106200;cadastro_cursos;2;2021;2023;3;CENTRO UNIVERSITÁRIO RITTER DOS REIS;Gestão Da Tecnologia Da Informação;Belo Horizonte;2023
448;1457691;3304557;cadastro_cursos;2;2021;2023;3;CENTRO UNIVERSITÁRIO RITTER DOS REIS;Gestão Da Tecnologia Da Informação;Rio de Janeiro;2023
448;1457691;4106902;cadastro_cursos;2;2021;2023;3;CENTRO UNIVERSITÁRIO RITTER DOS REIS;Gestão Da Tecnologia Da Informação;Curitiba;2023
448;1457691;4205407;cadastro_cursos;2;2021;2023;3;CENTRO UNIVERSITÁRIO RITTER DOS REIS;Gestão Da Tecnologia Da Informação;Florianópolis;2023
448;1533190;1302603;cadastro_cursos;2;2021;2023;3;CENTRO UNIVERSITÁRIO RITTER DOS REIS;Ciência Da Computação;Manaus;2023
448;1533190;2704302;cadastro_cursos;2;2021;2023;3;CENTRO UNIVERSITÁRIO RITTER DOS REIS;Ciência Da Computação;Maceió;2023
448;1546718;2704302;cadastro_cursos;2;2021;2023;3;CENTRO UNIVERSITÁRIO RITTER DOS REIS;Engenharia De Computação;Maceió;2023
448;1546718;4323804;cadastro_cursos;2;2021;2023;3;CENTRO UNIVERSITÁRIO RITTER DOS REIS;Engenharia De Computação;Xangri-lá;2023
448;1546718;5208707;cadastro_cursos;2;2021;2023;3;CENTRO UNIVERSITÁRIO RITTER DOS REIS;Engenharia De Computação;Goiânia;2023
448;1546919;2704302;cadastro_cursos;2;2021;2023;3;CENTRO UNIVERSITÁRIO RITTER DOS REIS;Redes De Computadores;Maceió;2023
448;1546925;2704302;cadastro_cursos;2;2021;2023;3;CENTRO UNIVERSITÁRIO RITTER DOS REIS;Sistemas De Informação;Maceió;2023
448;1546925;4320008;cadastro_cursos;2;2021;2023;3;CENTRO UNIVERSITÁRIO RITTER DOS REIS;Sistemas De Informação;Sapucaia do Sul;2023
448;1546926;4205407;cadastro_cursos;2;2021;2023;3;CENTRO UNIVERSITÁRIO RITTER DOS REIS;Sistemas Para Internet;Florianópolis;2023
449;1205028;1506807;cadastro_cursos;2;2020;2022;3;UNIVERSIDADE LUTERANA DO BRASIL;Sistemas Para Internet;Santarém;2022
449;1205028;3304557;cadastro_cursos;2;2020;2022;3;UNIVERSIDADE LUTERANA DO BRASIL;Sistemas Para Internet;Rio de Janeiro;2022
449;1205028;4319505;cadastro_cursos;2;2022;2024;3;UNIVERSIDADE LUTERANA DO BRASIL;Sistemas Para Internet;São Sebastião do Caí;2024
449;1479803;4318705;cadastro_cursos;2;2021;2023;3;UNIVERSIDADE LUTERANA DO BRASIL;Gestão Da Tecnologia Da Informação;São Leopoldo;2023
4566;102064;2408102;cadastro_cursos;1;2013;2015;3;ESTÁCIO FATERN - FACULDADE ESTÁCIO DO RIO GRANDE DO NORTE;SISTEMAS PARA INTERNET;Natal;2015
457;1112772;3550308;cadastro_cursos;1;2011;2016;6;UNIVERSIDADE ANHANGUERA DE SÃO PAULO - UNIAN-SP;GESTÃO DA TECNOLOGIA DA INFORMAÇÃO;São Paulo;2016
457;1146721;3550308;cadastro_cursos;1;2014;2016;3;UNIVERSIDADE ANHANGUERA DE SÃO PAULO - UNIAN-SP;ANÁLISE E DESENVOLVIMENTO DE SISTEMAS;São Paulo;2016
457;1151204;3550308;cadastro_cursos;1;2014;2016;3;UNIVERSIDADE ANHANGUERA DE SÃO PAULO - UNIAN-SP;ANÁLISE E DESENVOLVIMENTO DE SISTEMAS;São Paulo;2016
4632;108390;4305108;cadastro_cursos;1;2012;2014;3;FACULDADE ANGLO-AMERICANO DE CAXIAS DO SUL;REDES DE COMPUTADORES;Caxias do Sul;2014
4632;108392;4305108;antigo;1;2017;2019;3;FACULDADE IDEAU DE CAXIAS DO SUL;SISTEMAS PARA INTERNET;;2019
4632;108392;4305108;cadastro_cursos;1;2012;2014;3;FACULDADE ANGLO-AMERICANO DE CAXIAS DO SUL;SISTEMAS PARA INTERNET;Caxias do Sul;2014
466;1151691;1504208;cadastro_cursos;2;2020;2022;3;UNIVERSIDADE ANHEMBI MORUMBI;Gestão Da Tecnologia Da Informação;Marabá;2022
466;1151691;3201209;cadastro_cursos;2;2020;2022;3;UNIVERSIDADE ANHEMBI MORUMBI;Gestão Da Tecnologia Da Informação;Cachoeiro de Itapemirim;2022
466;1151692;1504208;cadastro_cursos;2;2020;2022;3;UNIVERSIDADE ANHEMBI MORUMBI;Análise E Desenvolvimento De Sistemas;Marabá;2022
466;1151692;1506807;cadastro_cursos;2;2020;2022;3;UNIVERSIDADE ANHEMBI MORUMBI;Análise E Desenvolvimento De Sistemas;Santarém;2022
466;1151692;4116703;cadastro_cursos;2;2020;2022;3;UNIVERSIDADE ANHEMBI MORUMBI;Análise E Desenvolvimento De Sistemas;Nova Aurora;2022
466;1151692;4204202;cadastro_cursos;2;2020;2022;3;UNIVERSIDADE ANHEMBI MORUMBI;Análise E Desenvolvimento De Sistemas;Chapecó;2022
466;1151692;5003702;cadastro_cursos;2;2020;2022;3;UNIVERSIDADE ANHEMBI MORUMBI;Análise E Desenvolvimento De Sistemas;Dourados;2022
466;1151692;5107925;cadastro_cursos;2;2020;2022;3;UNIVERSIDADE ANHEMBI MORUMBI;Análise E Desenvolvimento De Sistemas;Sorriso;2022
466;1496067;3167202;cadastro_cursos;2;2020;2022;3;UNIVERSIDADE ANHEMBI MORUMBI;Big Data E Inteligência Analítica;Sete Lagoas;2022
466;1496067;5107925;cadastro_cursos;2;2020;2022;3;UNIVERSIDADE ANHEMBI MORUMBI;Big Data E Inteligência Analítica;Sorriso;2022
466;1496067;5211503;cadastro_cursos;2;2020;2022;3;UNIVERSIDADE ANHEMBI MORUMBI;Big Data E Inteligência Analítica;Itumbiara;2022
466;1496078;3531100;cadastro_cursos;2;2022;2024;3;UNIVERSIDADE ANHEMBI MORUMBI;Engenharia De Computação;Mongaguá;2024
466;1496083;4108304;cadastro_cursos;2;2020;2022;3;UNIVERSIDADE ANHEMBI MORUMBI;Sistemas De Informação;Foz do Iguaçu;2022
466;1496083;4216602;cadastro_cursos;2;2020;2022;3;UNIVERSIDADE ANHEMBI MORUMBI;Sistemas De Informação;São José;2022
466;1496084;3201209;cadastro_cursos;2;2020;2022;3;UNIVERSIDADE ANHEMBI MORUMBI;Sistemas Para Internet;Cachoeiro de Itapemirim;2022
466;1498172;5107925;cadastro_cursos;2;2020;2022;3;UNIVERSIDADE ANHEMBI MORUMBI;Segurança Da Informação;Sorriso;2022
466;1518041;1504208;cadastro_cursos;2;2020;2022;3;UNIVERSIDADE ANHEMBI MORUMBI;Jogos Digitais;Marabá;2022
466;1518041;3106200;cadastro_cursos;2;2020;2022;3;UNIVERSIDADE ANHEMBI MORUMBI;Jogos Digitais;Belo Horizonte;2022
466;1518041;3515707;cadastro_cursos;2;2020;2022;3;UNIVERSIDADE ANHEMBI MORUMBI;Jogos Digitais;Ferraz de Vasconcelos;2022
466;1518041;3549805;cadastro_cursos;2;2020;2023;4;UNIVERSIDADE ANHEMBI MORUMBI;Jogos Digitais;São José do Rio Preto;2023
466;1521537;1504208;cadastro_cursos;2;2020;2022;3;UNIVERSIDADE ANHEMBI MORUMBI;Ciência Da Computação;Marabá;2022
466;1521537;3302007;cadastro_cursos;2;2020;2022;3;UNIVERSIDADE ANHEMBI MORUMBI;Ciência Da Computação;Itaguaí;2022
466;1521537;5003702;cadastro_cursos;2;2020;2022;3;UNIVERSIDADE ANHEMBI MORUMBI;Ciência Da Computação;Dourados;2022
466;1521537;5006606;cadastro_cursos;2;2020;2022;3;UNIVERSIDADE ANHEMBI MORUMBI;Ciência Da Computação;Ponta Porã;2022
466;1524390;3201209;cadastro_cursos;2;2020;2022;3;UNIVERSIDADE ANHEMBI MORUMBI;Redes De Computadores;Cachoeiro de Itapemirim;2022
466;1524390;5006606;cadastro_cursos;2;2020;2022;3;UNIVERSIDADE ANHEMBI MORUMBI;Redes De Computadores;Ponta Porã;2022
466;1524390;5204508;cadastro_cursos;2;2020;2022;3;UNIVERSIDADE ANHEMBI MORUMBI;Redes De Computadores;Caldas Novas;2022
466;1524390;5211503;cadastro_cursos;2;2020;2022;3;UNIVERSIDADE ANHEMBI MORUMBI;Redes De Computadores;Itumbiara;2022
466;1568041;3205309;cadastro_cursos;2;2021;2023;3;UNIVERSIDADE ANHEMBI MORUMBI;Internet Das Coisas E Computação Em Nuvem;Vitória;2023
466;1568041;3518800;cadastro_cursos;2;2021;2023;3;UNIVERSIDADE ANHEMBI MORUMBI;Internet Das Coisas E Computação Em Nuvem;Guarulhos;2023
466;1568041;3523107;cadastro_cursos;2;2020;2022;3;UNIVERSIDADE ANHEMBI MORUMBI;Internet Das Coisas E Computação Em Nuvem;Itaquaquecetuba;2022
4751;1556654;3529401;cadastro_cursos;2;2022;2024;3;CENTRO UNIVERSITÁRIO UNIFATECIE;Engenharia De Computação;Mauá;2024
4751;1575758;5107008;cadastro_cursos;2;2022;2024;3;CENTRO UNIVERSITÁRIO UNIFATECIE;Engenharia De Software;Poxoréu;2024
494;1164730;2408102;cadastro_cursos;2;2012;2014;3;UNIVERSIDADE DO SUL DE SANTA CATARINA;SISTEMAS PARA INTERNET;Natal;2014
494;1164730;4201406;cadastro_cursos;2;2021;2023;3;UNIVERSIDADE DO SUL DE SANTA CATARINA;Sistemas Para Internet;Araranguá;2023
494;1164730;4202800;cadastro_cursos;2;2021;2024;4;UNIVERSIDADE DO SUL DE SANTA CATARINA;Sistemas Para Internet;Braço do Norte;2024
494;94385;1302603;cadastro_cursos;2;2013;2015;3;UNIVERSIDADE DO SUL DE SANTA CATARINA;WEB DESIGN E PROGRAMAÇÃO;Manaus;2015
494;94387;1300409;cadastro_cursos;2;2011;2014;4;UNIVERSIDADE DO SUL DE SANTA CATARINA;GESTÃO DA TECNOLOGIA DA INFORMAÇÃO;Barcelos;2014
494;94387;3205309;cadastro_cursos;2;2021;2023;3;UNIVERSIDADE DO SUL DE SANTA CATARINA;Gestão Da Tecnologia Da Informação;Vitória;2023
494;94387;3541000;cadastro_cursos;2;2021;2024;4;UNIVERSIDADE DO SUL DE SANTA CATARINA;Gestão Da Tecnologia Da Informação;Praia Grande;2024
494;94387;4204202;cadastro_cursos;2;2022;2024;3;UNIVERSIDADE DO SUL DE SANTA CATARINA;Gestão Da Tecnologia Da Informação;Chapecó;2024
496;1132278;3148103;cadastro_cursos;2;2020;2023;4;UNIVERSIDADE DE FRANCA;Gestão Da Tecnologia Da Informação;Patrocínio;2023
496;1132278;3502507;cadastro_cursos;2;2021;2024;4;UNIVERSIDADE DE FRANCA;Gestão Da Tecnologia Da Informação;Aparecida;2024
496;1350245;3160702;cadastro_cursos;2;2021;2024;4;UNIVERSIDADE DE FRANCA;Engenharia De Computação;Santos Dumont;2024
496;1350245;3162500;cadastro_cursos;2;2022;2024;3;UNIVERSIDADE DE FRANCA;Engenharia De Computação;São João del Rei;2024
496;1350245;3534302;cadastro_cursos;2;2022;2024;3;UNIVERSIDADE DE FRANCA;Engenharia De Computação;Orlândia;2024
496;1427627;3165537;cadastro_cursos;2;2021;2023;3;UNIVERSIDADE DE FRANCA;Jogos Digitais;Sarzedo;2023
496;1427627;3304524;cadastro_cursos;2;2022;2024;3;UNIVERSIDADE DE FRANCA;Jogos Digitais;Rio das Ostras;2024
496;1427632;3120805;cadastro_cursos;2;2022;2024;3;UNIVERSIDADE DE FRANCA;Redes De Computadores;Cruzília;2024
496;1445540;4314902;cadastro_cursos;2;2021;2023;3;UNIVERSIDADE DE FRANCA;Internet Das Coisas;Porto Alegre;2023
496;1458626;3131208;cadastro_cursos;2;2020;2022;3;UNIVERSIDADE DE FRANCA;Ciência Da Computação;Ipanema;2022
496;1458638;3115102;cadastro_cursos;2;2022;2024;3;UNIVERSIDADE DE FRANCA;Sistemas De Informação;Cássia;2024
496;1458638;3159605;cadastro_cursos;2;2021;2023;3;UNIVERSIDADE DE FRANCA;Sistemas De Informação;Santa Rita do Sapucaí;2023
496;1481978;3549805;cadastro_cursos;2;2020;2024;5;UNIVERSIDADE DE FRANCA;Ciência De Dados;São José do Rio Preto;2024
496;1481978;3555406;cadastro_cursos;2;2020;2022;3;UNIVERSIDADE DE FRANCA;Ciência De Dados;Ubatuba;2022
5;108660;2200277;cadastro_cursos;2;2020;2024;5;UNIVERSIDADE FEDERAL DO PIAUÍ;Sistemas De Informação;Alegrete do Piauí;2024
5;108660;2202075;cadastro_cursos;2;2022;2024;3;UNIVERSIDADE FEDERAL DO PIAUÍ;Sistemas De Informação;Cajazeiras do Piauí;2024
5;108660;2210003;cadastro_cursos;2;2014;2016;3;UNIVERSIDADE FEDERAL DO PIAUÍ;SISTEMAS DE INFORMAÇÃO;São João do Piauí;2016
5025;1537181;1100023;cadastro_cursos;2;2022;2024;3;Faculdade Unina;Gestão Da Tecnologia Da Informação;Ariquemes;2024
5025;1537181;4112504;cadastro_cursos;2;2022;2024;3;Faculdade Unina;Gestão Da Tecnologia Da Informação;Jardim Alegre;2024
5025;1537181;4215208;cadastro_cursos;2;2022;2024;3;Faculdade Unina;Gestão Da Tecnologia Da Informação;Romelândia;2024
5025;1537181;4319158;cadastro_cursos;2;2022;2024;3;Faculdade Unina;Gestão Da Tecnologia Da Informação;São Miguel das Missões;2024
515;1563016;1703909;cadastro_cursos;2;2022;2024;3;Centro Universitário Anhanguera Pitágoras Unopar de Niterói;Análise E Desenvolvimento De Sistemas;Caseara;2024
515;1563016;1716604;cadastro_cursos;2;2022;2024;3;Centro Universitário Anhanguera Pitágoras Unopar de Niterói;Análise E Desenvolvimento De Sistemas;Peixe;2024
515;1563016;2100808;cadastro_cursos;2;2022;2024;3;Centro Universitário Anhanguera Pitágoras Unopar de Niterói;Análise E Desenvolvimento De Sistemas;Anapurus;2024
515;1563016;2601409;cadastro_cursos;2;2022;2024;3;Centro Universitário Anhanguera Pitágoras Unopar de Niterói;Análise E Desenvolvimento De Sistemas;Barreiros;2024
515;1563016;2612000;cadastro_cursos;2;2022;2024;3;Centro Universitário Anhanguera Pitágoras Unopar de Niterói;Análise E Desenvolvimento De Sistemas;Sairé;2024
515;1563016;2908200;cadastro_cursos;2;2021;2023;3;Centro Universitário Anhanguera Pitágoras Unopar de Niterói;Análise E Desenvolvimento De Sistemas;Conceição da Feira;2023
515;1563016;2916500;cadastro_cursos;2;2022;2024;3;Centro Universitário Anhanguera Pitágoras Unopar de Niterói;Análise E Desenvolvimento De Sistemas;Itapicuru;2024
515;1563016;2918605;cadastro_cursos;2;2021;2024;4;Centro Universitário Anhanguera Pitágoras Unopar de Niterói;Análise E Desenvolvimento De Sistemas;Jussiape;2024
515;1563016;2920205;cadastro_cursos;2;2022;2024;3;Centro Universitário Anhanguera Pitágoras Unopar de Niterói;Análise E Desenvolvimento De Sistemas;Malhada;2024
515;1563016;4201950;cadastro_cursos;2;2022;2024;3;Centro Universitário Anhanguera Pitágoras Unopar de Niterói;Análise E Desenvolvimento De Sistemas;Balneário Arroio do Silva;2024
515;1563016;4321469;cadastro_cursos;2;2022;2024;3;Centro Universitário Anhanguera Pitágoras Unopar de Niterói;Análise E Desenvolvimento De Sistemas;Tio Hugo;2024
515;1576272;2806008;cadastro_cursos;2;2022;2024;3;Centro Universitário Anhanguera Pitágoras Unopar de Niterói;Engenharia De Software;Ribeirópolis;2024
515;1576272;4117107;cadastro_cursos;2;2022;2024;3;Centro Universitário Anhanguera Pitágoras Unopar de Niterói;Engenharia De Software;Nova Londrina;2024
515;1576272;4207809;cadastro_cursos;2;2022;2024;3;Centro Universitário Anhanguera Pitágoras Unopar de Niterói;Engenharia De Software;Irani;2024
515;1576272;4305108;cadastro_cursos;2;2022;2024;3;Centro Universitário Anhanguera Pitágoras Unopar de Niterói;Engenharia De Software;Caxias do Sul;2024
515;1576287;1506302;cadastro_cursos;2;2022;2024;3;Centro Universitário Anhanguera Pitágoras Unopar de Niterói;Jogos Digitais;Salvaterra;2024
515;1576287;4204608;cadastro_cursos;2;2022;2024;3;Centro Universitário Anhanguera Pitágoras Unopar de Niterói;Jogos Digitais;Criciúma;2024
515;1576316;2927408;cadastro_cursos;2;2022;2024;3;Centro Universitário Anhanguera Pitágoras Unopar de Niterói;Sistemas Para Internet;Salvador;2024
515;1576414;3132206;cadastro_cursos;2;2022;2024;3;Centro Universitário Anhanguera Pitágoras Unopar de Niterói;Cibersegurança;Itaguara;2024
515;1576414;4305900;cadastro_cursos;2;2022;2024;3;Centro Universitário Anhanguera Pitágoras Unopar de Niterói;Cibersegurança;Coronel Bicaco;2024
515;1576415;2406502;cadastro_cursos;2;2022;2024;3;Centro Universitário Anhanguera Pitágoras Unopar de Niterói;Ciência De Dados;Lagoa Nova;2024
515;1576422;2904704;cadastro_cursos;2;2022;2024;3;Centro Universitário Anhanguera Pitágoras Unopar de Niterói;Inteligência De Mercado E Análise De Dados;Buerarema;2024
522;1466628;2611606;cadastro_cursos;2;2022;2024;3;CENTRO UNIVERSITÁRIO CELSO LISBOA;Análise E Desenvolvimento De Sistemas;Recife;2024
522;1576307;3304904;cadastro_cursos;2;2021;2023;3;CENTRO UNIVERSITÁRIO CELSO LISBOA;Engenharia De Computação;São Gonçalo;2023
526;1525774;4101804;cadastro_cursos;2;2021;2023;3;CENTRO UNIVERSITÁRIO BRAZ CUBAS;Gestão Da Tecnologia Da Informação;Araucária;2023
526;1526171;3507605;cadastro_cursos;2;2020;2023;4;CENTRO UNIVERSITÁRIO BRAZ CUBAS;Ciência De Dados;Bragança Paulista;2023
5370;1551901;3138401;cadastro_cursos;2;2021;2023;3;Centro Universitário Doctum de Teófilo Otoni;Redes De Computadores;Leopoldina;2023
5370;1575203;3131307;cadastro_cursos;2;2021;2023;3;Centro Universitário Doctum de Teófilo Otoni;Gestão Da Tecnologia Da Informação;Ipatinga;2023
5370;1575203;3139409;cadastro_cursos;2;2022;2024;3;Centro Universitário Doctum de Teófilo Otoni;Gestão Da Tecnologia Da Informação;Manhuaçu;2024
5370;1575203;3168606;cadastro_cursos;2;2021;2023;3;Centro Universitário Doctum de Teófilo Otoni;Gestão Da Tecnologia Da Informação;Teófilo Otoni;2023
5370;1575203;3203007;cadastro_cursos;2;2021;2024;4;Centro Universitário Doctum de Teófilo Otoni;Gestão Da Tecnologia Da Informação;Iúna;2024
55;1327394;3550308;cadastro_cursos;1;2021;2024;4;UNIVERSIDADE DE SÃO PAULO;Engenharia De Computação - Ênfase Sistemas Corporativos;São Paulo;2024
583;69190;2304400;cadastro_cursos;1;2022;2024;3;UNIVERSIDADE FEDERAL DO CEARÁ;Engenharia De Teleinformática;Fortaleza;2024
626;1420092;2307809;cadastro_cursos;2;2020;2023;4;CENTRO UNIVERSITÁRIO CENECISTA DE OSÓRIO;Sistemas De Informação;Marco;2023
626;1420092;3201308;cadastro_cursos;2;2020;2023;4;CENTRO UNIVERSITÁRIO CENECISTA DE OSÓRIO;Sistemas De Informação;Cariacica;2023
626;1420092;4302709;cadastro_cursos;2;2020;2023;4;CENTRO UNIVERSITÁRIO CENECISTA DE OSÓRIO;Sistemas De Informação;Butiá;2023
626;1420095;2308500;cadastro_cursos;2;2020;2023;4;CENTRO UNIVERSITÁRIO CENECISTA DE OSÓRIO;Análise E Desenvolvimento De Sistemas;Mombaça;2023
626;1420095;2708006;cadastro_cursos;2;2020;2024;5;CENTRO UNIVERSITÁRIO CENECISTA DE OSÓRIO;Análise E Desenvolvimento De Sistemas;Santana do Ipanema;2024
626;1420095;3170701;cadastro_cursos;2;2020;2022;3;CENTRO UNIVERSITÁRIO CENECISTA DE OSÓRIO;Análise E Desenvolvimento De Sistemas;Varginha;2022
626;1420095;3201308;cadastro_cursos;2;2020;2023;4;CENTRO UNIVERSITÁRIO CENECISTA DE OSÓRIO;Análise E Desenvolvimento De Sistemas;Cariacica;2023
626;1420095;3304557;cadastro_cursos;2;2020;2022;3;CENTRO UNIVERSITÁRIO CENECISTA DE OSÓRIO;Análise E Desenvolvimento De Sistemas;Rio de Janeiro;2022
641;1457226;4322400;cadastro_cursos;2;2021;2023;3;UNIVERSIDADE LA SALLE;Análise E Desenvolvimento De Sistemas;Uruguaiana;2023
641;1599261;4314407;cadastro_cursos;2;2022;2024;3;UNIVERSIDADE LA SALLE;Ciência De Dados;Pelotas;2024
663;1602292;2611606;cadastro_cursos;2;2022;2024;3;UNIVERSIDADE SALGADO DE OLIVEIRA;Sistemas De Informação;Recife;2024
671;1194058;2302602;cadastro_cursos;2;2022;2024;3;UNIVERSIDADE ANHANGUERA;Análise E Desenvolvimento De Sistemas;Camocim;2024
671;1194058;2408102;cadastro_cursos;2;2021;2024;4;UNIVERSIDADE ANHANGUERA;Análise E Desenvolvimento De Sistemas;Natal;2024
671;1194058;3110004;cadastro_cursos;2;2022;2024;3;UNIVERSIDADE ANHANGUERA;Análise E Desenvolvimento De Sistemas;Caeté;2024
671;1194058;3170800;cadastro_cursos;2;2022;2024;3;UNIVERSIDADE ANHANGUERA;Análise E Desenvolvimento De Sistemas;Várzea da Palma;2024
671;1194058;3301702;cadastro_cursos;2;2022;2024;3;UNIVERSIDADE ANHANGUERA;Análise E Desenvolvimento De Sistemas;Duque de Caxias;2024
671;1194058;3302403;cadastro_cursos;2;2022;2024;3;UNIVERSIDADE ANHANGUERA;Análise E Desenvolvimento De Sistemas;Macaé;2024
671;1194058;3507100;cadastro_cursos;2;2022;2024;3;UNIVERSIDADE ANHANGUERA;Análise E Desenvolvimento De Sistemas;Bom Jesus dos Perdões;2024
671;1194058;3511508;cadastro_cursos;2;2022;2024;3;UNIVERSIDADE ANHANGUERA;Análise E Desenvolvimento De Sistemas;Cerquilho;2024
671;1194058;3527108;cadastro_cursos;2;2022;2024;3;UNIVERSIDADE ANHANGUERA;Análise E Desenvolvimento De Sistemas;Lins;2024
671;1194058;3527405;cadastro_cursos;2;2021;2024;4;UNIVERSIDADE ANHANGUERA;Análise E Desenvolvimento De Sistemas;Lucélia;2024
671;1194058;3534609;cadastro_cursos;2;2022;2024;3;UNIVERSIDADE ANHANGUERA;Análise E Desenvolvimento De Sistemas;Osvaldo Cruz;2024
671;1194058;3540705;cadastro_cursos;2;2022;2024;3;UNIVERSIDADE ANHANGUERA;Análise E Desenvolvimento De Sistemas;Porto Ferreira;2024
671;1194058;3541505;cadastro_cursos;2;2022;2024;3;UNIVERSIDADE ANHANGUERA;Análise E Desenvolvimento De Sistemas;Presidente Venceslau;2024
671;1194058;3546801;cadastro_cursos;2;2022;2024;3;UNIVERSIDADE ANHANGUERA;Análise E Desenvolvimento De Sistemas;Santa Isabel;2024
671;1194058;4202453;cadastro_cursos;2;2022;2024;3;UNIVERSIDADE ANHANGUERA;Análise E Desenvolvimento De Sistemas;Bombinhas;2024
671;1194058;4303103;cadastro_cursos;2;2022;2024;3;UNIVERSIDADE ANHANGUERA;Análise E Desenvolvimento De Sistemas;Cachoeirinha;2024
671;1194058;4304630;cadastro_cursos;2;2022;2024;3;UNIVERSIDADE ANHANGUERA;Análise E Desenvolvimento De Sistemas;Capão da Canoa;2024
671;1194058;4318002;cadastro_cursos;2;2022;2024;3;UNIVERSIDADE ANHANGUERA;Análise E Desenvolvimento De Sistemas;São Borja;2024
671;1194058;5002902;cadastro_cursos;2;2020;2022;3;UNIVERSIDADE ANHANGUERA;Análise E Desenvolvimento De Sistemas;Cassilândia;2022
671;1194058;5003751;cadastro_cursos;2;2020;2022;3;UNIVERSIDADE ANHANGUERA;Análise E Desenvolvimento De Sistemas;Eldorado;2022
671;1194058;5105101;cadastro_cursos;2;2022;2024;3;UNIVERSIDADE ANHANGUERA;Análise E Desenvolvimento De Sistemas;Juara;2024
671;1194058;5200258;cadastro_cursos;2;2022;2024;3;UNIVERSIDADE ANHANGUERA;Análise E Desenvolvimento De Sistemas;Águas Lindas de Goiás;2024
671;1318199;2918407;cadastro_cursos;2;2020;2022;3;UNIVERSIDADE ANHANGUERA;Engenharia De Computação;Juazeiro;2022
671;1537675;3300100;cadastro_cursos;2;2022;2024;3;UNIVERSIDADE ANHANGUERA;Desenvolvimento Mobile;Angra dos Reis;2024
671;1537675;3522307;cadastro_cursos;2;2021;2024;4;UNIVERSIDADE ANHANGUERA;Desenvolvimento Mobile;Itapetininga;2024
671;1537675;3550308;cadastro_cursos;2;2022;2024;3;UNIVERSIDADE ANHANGUERA;Desenvolvimento Mobile;São Paulo;2024
671;1537675;3550605;cadastro_cursos;2;2021;2023;3;UNIVERSIDADE ANHANGUERA;Desenvolvimento Mobile;São Roque;2023
671;1537675;4216602;cadastro_cursos;2;2022;2024;3;UNIVERSIDADE ANHANGUERA;Desenvolvimento Mobile;São José;2024
671;1537675;4314407;cadastro_cursos;2;2022;2024;3;UNIVERSIDADE ANHANGUERA;Desenvolvimento Mobile;Pelotas;2024
671;1537691;2409407;cadastro_cursos;2;2022;2024;3;UNIVERSIDADE ANHANGUERA;Desenvolvimento Back-End;Pau dos Ferros;2024
671;1537691;2611606;cadastro_cursos;2;2022;2024;3;UNIVERSIDADE ANHANGUERA;Desenvolvimento Back-End;Recife;2024
671;1537691;3300100;cadastro_cursos;2;2022;2024;3;UNIVERSIDADE ANHANGUERA;Desenvolvimento Back-End;Angra dos Reis;2024
671;1537691;3304557;cadastro_cursos;2;2022;2024;3;UNIVERSIDADE ANHANGUERA;Desenvolvimento Back-End;Rio de Janeiro;2024
671;1537691;4205407;cadastro_cursos;2;2022;2024;3;UNIVERSIDADE ANHANGUERA;Desenvolvimento Back-End;Florianópolis;2024
671;1537691;4305108;cadastro_cursos;2;2021;2023;3;UNIVERSIDADE ANHANGUERA;Desenvolvimento Back-End;Caxias do Sul;2023
671;1537691;4317103;cadastro_cursos;2;2022;2024;3;UNIVERSIDADE ANHANGUERA;Desenvolvimento Back-End;Sant'Ana do Livramento;2024
671;1537693;2103000;cadastro_cursos;2;2021;2024;4;UNIVERSIDADE ANHANGUERA;Devops;Caxias;2024
671;1537693;3106200;cadastro_cursos;2;2020;2023;4;UNIVERSIDADE ANHANGUERA;Devops;Belo Horizonte;2023
671;1537693;3300100;cadastro_cursos;2;2022;2024;3;UNIVERSIDADE ANHANGUERA;Devops;Angra dos Reis;2024
671;1537693;3518800;cadastro_cursos;2;2022;2024;3;UNIVERSIDADE ANHANGUERA;Devops;Guarulhos;2024
671;1537693;3533403;cadastro_cursos;2;2022;2024;3;UNIVERSIDADE ANHANGUERA;Devops;Nova Odessa;2024
671;1537693;3549805;cadastro_cursos;2;2022;2024;3;UNIVERSIDADE ANHANGUERA;Devops;São José do Rio Preto;2024
671;1537694;3304557;cadastro_cursos;2;2022;2024;3;UNIVERSIDADE ANHANGUERA;Desenvolvimento Web;Rio de Janeiro;2024
671;1537694;3503208;cadastro_cursos;2;2022;2024;3;UNIVERSIDADE ANHANGUERA;Desenvolvimento Web;Araraquara;2024
671;1537694;3548005;cadastro_cursos;2;2021;2023;3;UNIVERSIDADE ANHANGUERA;Desenvolvimento Para Web;Santo Antônio de Posse;2023
671;1537694;3548807;cadastro_cursos;2;2021;2024;4;UNIVERSIDADE ANHANGUERA;Desenvolvimento Web;São Caetano do Sul;2024
671;1537694;3549102;cadastro_cursos;2;2021;2024;4;UNIVERSIDADE ANHANGUERA;Desenvolvimento Web;São João da Boa Vista;2024
671;1537694;3556206;cadastro_cursos;2;2022;2024;3;UNIVERSIDADE ANHANGUERA;Desenvolvimento Web;Valinhos;2024
671;1537694;4305108;cadastro_cursos;2;2022;2024;3;UNIVERSIDADE ANHANGUERA;Desenvolvimento Web;Caxias do Sul;2024
671;1537694;5005004;cadastro_cursos;2;2022;2024;3;UNIVERSIDADE ANHANGUERA;Desenvolvimento Web;Jardim;2024
671;1537694;5101803;cadastro_cursos;2;2022;2024;3;UNIVERSIDADE ANHANGUERA;Desenvolvimento Web;Barra do Garças;2024
671;1537694;5300108;cadastro_cursos;2;2022;2024;3;UNIVERSIDADE ANHANGUERA;Desenvolvimento Web;Brasília;2024
671;1548027;2101608;cadastro_cursos;2;2021;2023;3;UNIVERSIDADE ANHANGUERA;Arquitetura De Dados;Barra do Corda;2023
671;1548027;3303302;cadastro_cursos;2;2022;2024;3;UNIVERSIDADE ANHANGUERA;Arquitetura De Dados;Niterói;2024
671;1548027;3504107;cadastro_cursos;2;2021;2023;3;UNIVERSIDADE ANHANGUERA;Arquitetura De Dados;Atibaia;2023
671;1548027;3522307;cadastro_cursos;2;2021;2024;4;UNIVERSIDADE ANHANGUERA;Arquitetura De Dados;Itapetininga;2024
671;1548027;3552403;cadastro_cursos;2;2022;2024;3;UNIVERSIDADE ANHANGUERA;Arquitetura De Dados;Sumaré;2024
671;1548027;4209102;cadastro_cursos;2;2022;2024;3;UNIVERSIDADE ANHANGUERA;Arquitetura De Dados;Joinville;2024
671;1548027;5103403;cadastro_cursos;2;2022;2024;3;UNIVERSIDADE ANHANGUERA;Arquitetura De Dados;Cuiabá;2024
671;1548203;1302603;cadastro_cursos;2;2022;2024;3;UNIVERSIDADE ANHANGUERA;Ciência De Dados;Manaus;2024
671;1548203;3304557;cadastro_cursos;2;2022;2024;3;UNIVERSIDADE ANHANGUERA;Ciência De Dados;Rio de Janeiro;2024
671;1548203;3506003;cadastro_cursos;2;2022;2024;3;UNIVERSIDADE ANHANGUERA;Ciência De Dados;Bauru;2024
671;1548203;3509007;cadastro_cursos;2;2022;2024;3;UNIVERSIDADE ANHANGUERA;Ciência De Dados;Caieiras;2024
671;1548203;3513009;cadastro_cursos;2;2022;2024;3;UNIVERSIDADE ANHANGUERA;Ciência De Dados;Cotia;2024
671;1548203;3524709;cadastro_cursos;2;2022;2024;3;UNIVERSIDADE ANHANGUERA;Ciência De Dados;Jaguariúna;2024
671;1548203;3529005;cadastro_cursos;2;2022;2024;3;UNIVERSIDADE ANHANGUERA;Ciência De Dados;Marília;2024
671;1548203;3547809;cadastro_cursos;2;2022;2024;3;UNIVERSIDADE ANHANGUERA;Ciência De Dados;Santo André;2024
671;1548203;3548005;cadastro_cursos;2;2022;2024;3;UNIVERSIDADE ANHANGUERA;Ciência De Dados;Santo Antônio de Posse;2024
671;1548203;3549904;cadastro_cursos;2;2022;2024;3;UNIVERSIDADE ANHANGUERA;Ciência De Dados;São José dos Campos;2024
671;1548203;3552205;cadastro_cursos;2;2022;2024;3;UNIVERSIDADE ANHANGUERA;Ciência De Dados;Sorocaba;2024
671;1548203;3552403;cadastro_cursos;2;2022;2024;3;UNIVERSIDADE ANHANGUERA;Ciência De Dados;Sumaré;2024
671;1548203;3556206;cadastro_cursos;2;2022;2024;3;UNIVERSIDADE ANHANGUERA;Ciência De Dados;Valinhos;2024
671;1548203;4314902;cadastro_cursos;2;2022;2024;3;UNIVERSIDADE ANHANGUERA;Ciência De Dados;Porto Alegre;2024
671;1548203;4319901;cadastro_cursos;2;2022;2024;3;UNIVERSIDADE ANHANGUERA;Ciência De Dados;Sapiranga;2024
671;1548203;5300108;cadastro_cursos;2;2022;2024;3;UNIVERSIDADE ANHANGUERA;Ciência De Dados;Brasília;2024
671;1548209;3512803;cadastro_cursos;2;2021;2024;4;UNIVERSIDADE ANHANGUERA;Inteligência De Mercado E Análise De Dados;Cosmópolis;2024
671;1548209;3518404;cadastro_cursos;2;2021;2023;3;UNIVERSIDADE ANHANGUERA;Inteligência De Mercado E Análise De Dados;Guaratinguetá;2023
671;1548209;3534401;cadastro_cursos;2;2022;2024;3;UNIVERSIDADE ANHANGUERA;Inteligência De Mercado E Análise De Dados;Osasco;2024
671;1548209;3550308;cadastro_cursos;2;2022;2024;3;UNIVERSIDADE ANHANGUERA;Inteligência De Mercado E Análise De Dados;São Paulo;2024
671;1548209;3556206;cadastro_cursos;2;2022;2024;3;UNIVERSIDADE ANHANGUERA;Inteligência De Mercado E Análise De Dados;Valinhos;2024
671;1548209;4314902;cadastro_cursos;2;2022;2024;3;UNIVERSIDADE ANHANGUERA;Inteligência De Mercado E Análise De Dados;Porto Alegre;2024
671;1548245;2111300;cadastro_cursos;2;2022;2024;3;UNIVERSIDADE ANHANGUERA;Redes De Computadores;São Luís;2024
671;1548245;2409407;cadastro_cursos;2;2021;2023;3;UNIVERSIDADE ANHANGUERA;Redes De Computadores;Pau dos Ferros;2023
671;1548245;3111002;cadastro_cursos;2;2021;2024;4;UNIVERSIDADE ANHANGUERA;Redes De Computadores;Campestre;2024
671;1548245;3304557;cadastro_cursos;2;2022;2024;3;UNIVERSIDADE ANHANGUERA;Redes De Computadores;Rio de Janeiro;2024
671;1548245;3510609;cadastro_cursos;2;2022;2024;3;UNIVERSIDADE ANHANGUERA;Redes De Computadores;Carapicuíba;2024
671;1548245;3516408;cadastro_cursos;2;2022;2024;3;UNIVERSIDADE ANHANGUERA;Redes De Computadores;Franco da Rocha;2024
671;1548245;3518800;cadastro_cursos;2;2022;2024;3;UNIVERSIDADE ANHANGUERA;Redes De Computadores;Guarulhos;2024
671;1548245;3534401;cadastro_cursos;2;2022;2024;3;UNIVERSIDADE ANHANGUERA;Redes De Computadores;Osasco;2024
671;1548245;3537602;cadastro_cursos;2;2022;2024;3;UNIVERSIDADE ANHANGUERA;Redes De Computadores;Peruíbe;2024
671;1548245;3538006;cadastro_cursos;2;2022;2024;3;UNIVERSIDADE ANHANGUERA;Redes De Computadores;Pindamonhangaba;2024
671;1548245;3547700;cadastro_cursos;2;2022;2024;3;UNIVERSIDADE ANHANGUERA;Redes De Computadores;Santo Anastácio;2024
671;1548245;3550605;cadastro_cursos;2;2022;2024;3;UNIVERSIDADE ANHANGUERA;Redes De Computadores;São Roque;2024
671;1548245;4204202;cadastro_cursos;2;2021;2024;4;UNIVERSIDADE ANHANGUERA;Redes De Computadores;Chapecó;2024
671;1548245;4216602;cadastro_cursos;2;2022;2024;3;UNIVERSIDADE ANHANGUERA;Redes De Computadores;São José;2024
671;1548245;4318705;cadastro_cursos;2;2022;2024;3;UNIVERSIDADE ANHANGUERA;Redes De Computadores;São Leopoldo;2024
671;1548245;5221858;cadastro_cursos;2;2022;2024;3;UNIVERSIDADE ANHANGUERA;Redes De Computadores;Valparaíso de Goiás;2024
671;1548245;5300108;cadastro_cursos;2;2022;2024;3;UNIVERSIDADE ANHANGUERA;Redes De Computadores;Brasília;2024
671;1548262;3138203;cadastro_cursos;2;2022;2024;3;UNIVERSIDADE ANHANGUERA;Computação Em Nuvem;Lavras;2024
671;1548262;3545209;cadastro_cursos;2;2022;2024;3;UNIVERSIDADE ANHANGUERA;Computação Em Nuvem;Salto;2024
671;1548262;3552809;cadastro_cursos;2;2022;2024;3;UNIVERSIDADE ANHANGUERA;Computação Em Nuvem;Taboão da Serra;2024
671;1548262;4300604;cadastro_cursos;2;2021;2024;4;UNIVERSIDADE ANHANGUERA;Computação Em Nuvem;Alvorada;2024
671;1550008;3205200;cadastro_cursos;2;2022;2024;3;UNIVERSIDADE ANHANGUERA;Cibersegurança;Vila Velha;2024
671;1550008;3507605;cadastro_cursos;2;2022;2024;3;UNIVERSIDADE ANHANGUERA;Cibersegurança;Bragança Paulista;2024
671;1550008;3509502;cadastro_cursos;2;2022;2024;3;UNIVERSIDADE ANHANGUERA;Cibersegurança;Campinas;2024
671;1550008;3520442;cadastro_cursos;2;2022;2024;3;UNIVERSIDADE ANHANGUERA;Cibersegurança;Ilha Solteira;2024
671;1550008;3522109;cadastro_cursos;2;2021;2024;4;UNIVERSIDADE ANHANGUERA;Cibersegurança;Itanhaém;2024
671;1550008;3534401;cadastro_cursos;2;2022;2024;3;UNIVERSIDADE ANHANGUERA;Cibersegurança;Osasco;2024
671;1550008;3534609;cadastro_cursos;2;2021;2024;4;UNIVERSIDADE ANHANGUERA;Cibersegurança;Osvaldo Cruz;2024
671;1550008;3537800;cadastro_cursos;2;2022;2024;3;UNIVERSIDADE ANHANGUERA;Cibersegurança;Piedade;2024
671;1550008;3539301;cadastro_cursos;2;2022;2024;3;UNIVERSIDADE ANHANGUERA;Cibersegurança;Pirassununga;2024
671;1550008;3541406;cadastro_cursos;2;2022;2024;3;UNIVERSIDADE ANHANGUERA;Cibersegurança;Presidente Prudente;2024
671;1550008;3549805;cadastro_cursos;2;2021;2024;4;UNIVERSIDADE ANHANGUERA;Cibersegurança;São José do Rio Preto;2024
671;1550008;3551702;cadastro_cursos;2;2022;2024;3;UNIVERSIDADE ANHANGUERA;Cibersegurança;Sertãozinho;2024
671;1550008;4205407;cadastro_cursos;2;2022;2024;3;UNIVERSIDADE ANHANGUERA;Cibersegurança;Florianópolis;2024
671;1550008;4212205;cadastro_cursos;2;2022;2024;3;UNIVERSIDADE ANHANGUERA;Cibersegurança;Papanduva;2024
671;1550008;4216602;cadastro_cursos;2;2022;2024;3;UNIVERSIDADE ANHANGUERA;Cibersegurança;São José;2024
671;1550008;4313409;cadastro_cursos;2;2022;2024;3;UNIVERSIDADE ANHANGUERA;Cibersegurança;Novo Hamburgo;2024
671;1550008;5107602;cadastro_cursos;2;2022;2024;3;UNIVERSIDADE ANHANGUERA;Cibersegurança;Rondonópolis;2024
671;1576140;1707553;cadastro_cursos;2;2022;2024;3;UNIVERSIDADE ANHANGUERA;Engenharia De Software;Fátima;2024
671;1576140;3111002;cadastro_cursos;2;2022;2024;3;UNIVERSIDADE ANHANGUERA;Engenharia De Software;Campestre;2024
671;1576140;3301900;cadastro_cursos;2;2022;2024;3;UNIVERSIDADE ANHANGUERA;Engenharia De Software;Itaboraí;2024
671;1576140;3304201;cadastro_cursos;2;2022;2024;3;UNIVERSIDADE ANHANGUERA;Engenharia De Software;Resende;2024
671;1576140;3501608;cadastro_cursos;2;2022;2024;3;UNIVERSIDADE ANHANGUERA;Engenharia De Software;Americana;2024
671;1576140;3503208;cadastro_cursos;2;2022;2024;3;UNIVERSIDADE ANHANGUERA;Engenharia De Software;Araraquara;2024
671;1576140;3512407;cadastro_cursos;2;2021;2024;4;UNIVERSIDADE ANHANGUERA;Engenharia De Software;Cordeirópolis;2024
671;1576140;3520509;cadastro_cursos;2;2022;2024;3;UNIVERSIDADE ANHANGUERA;Engenharia De Software;Indaiatuba;2024
671;1576140;3522505;cadastro_cursos;2;2022;2024;3;UNIVERSIDADE ANHANGUERA;Engenharia De Software;Itapevi;2024
671;1576140;3527207;cadastro_cursos;2;2022;2024;3;UNIVERSIDADE ANHANGUERA;Engenharia De Software;Lorena;2024
671;1576140;3548708;cadastro_cursos;2;2022;2024;3;UNIVERSIDADE ANHANGUERA;Engenharia De Software;São Bernardo do Campo;2024
671;1576140;3549904;cadastro_cursos;2;2022;2024;3;UNIVERSIDADE ANHANGUERA;Engenharia De Software;São José dos Campos;2024
671;1576140;3552403;cadastro_cursos;2;2022;2024;3;UNIVERSIDADE ANHANGUERA;Engenharia De Software;Sumaré;2024
671;1576140;3554102;cadastro_cursos;2;2022;2024;3;UNIVERSIDADE ANHANGUERA;Engenharia De Software;Taubaté;2024
671;1576140;4128104;cadastro_cursos;2;2022;2024;3;UNIVERSIDADE ANHANGUERA;Engenharia De Software;Umuarama;2024
671;1576140;4209102;cadastro_cursos;2;2022;2024;3;UNIVERSIDADE ANHANGUERA;Engenharia De Software;Joinville;2024
671;1576140;4216602;cadastro_cursos;2;2022;2024;3;UNIVERSIDADE ANHANGUERA;Engenharia De Software;São José;2024
671;1576140;4303103;cadastro_cursos;2;2021;2024;4;UNIVERSIDADE ANHANGUERA;Engenharia De Software;Cachoeirinha;2024
671;1576140;4304630;cadastro_cursos;2;2022;2024;3;UNIVERSIDADE ANHANGUERA;Engenharia De Software;Capão da Canoa;2024
671;1576140;4313409;cadastro_cursos;2;2022;2024;3;UNIVERSIDADE ANHANGUERA;Engenharia De Software;Novo Hamburgo;2024
671;1576140;4314902;cadastro_cursos;2;2022;2024;3;UNIVERSIDADE ANHANGUERA;Engenharia De Software;Porto Alegre;2024
671;1576140;4317103;cadastro_cursos;2;2022;2024;3;UNIVERSIDADE ANHANGUERA;Engenharia De Software;Sant'Ana do Livramento;2024
671;1576140;5206206;cadastro_cursos;2;2022;2024;3;UNIVERSIDADE ANHANGUERA;Engenharia De Software;Cristalina;2024
671;1576142;3550704;cadastro_cursos;2;2022;2024;3;UNIVERSIDADE ANHANGUERA;Sistemas Para Internet;São Sebastião;2024
671;1576158;3304557;cadastro_cursos;2;2022;2024;3;UNIVERSIDADE ANHANGUERA;Gestão Da Tecnologia Da Informação;Rio de Janeiro;2024
671;1576158;3306305;cadastro_cursos;2;2022;2024;3;UNIVERSIDADE ANHANGUERA;Gestão Da Tecnologia Da Informação;Volta Redonda;2024
671;1576158;3513009;cadastro_cursos;2;2022;2024;3;UNIVERSIDADE ANHANGUERA;Gestão Da Tecnologia Da Informação;Cotia;2024
671;1576158;3525102;cadastro_cursos;2;2021;2024;4;UNIVERSIDADE ANHANGUERA;Gestão Da Tecnologia Da Informação;Jardinópolis;2024
671;1576158;3529302;cadastro_cursos;2;2022;2024;3;UNIVERSIDADE ANHANGUERA;Gestão Da Tecnologia Da Informação;Matão;2024
671;1576158;3529401;cadastro_cursos;2;2022;2024;3;UNIVERSIDADE ANHANGUERA;Gestão Da Tecnologia Da Informação;Mauá;2024
671;1576158;3539301;cadastro_cursos;2;2022;2024;3;UNIVERSIDADE ANHANGUERA;Gestão Da Tecnologia Da Informação;Pirassununga;2024
671;1576158;3541000;cadastro_cursos;2;2022;2024;3;UNIVERSIDADE ANHANGUERA;Gestão Da Tecnologia Da Informação;Praia Grande;2024
671;1576158;3552205;cadastro_cursos;2;2022;2024;3;UNIVERSIDADE ANHANGUERA;Gestão Da Tecnologia Da Informação;Sorocaba;2024
671;1576158;3554102;cadastro_cursos;2;2022;2024;3;UNIVERSIDADE ANHANGUERA;Gestão Da Tecnologia Da Informação;Taubaté;2024
671;1576158;4212205;cadastro_cursos;2;2022;2024;3;UNIVERSIDADE ANHANGUERA;Gestão Da Tecnologia Da Informação;Papanduva;2024
671;1576158;4216602;cadastro_cursos;2;2021;2024;4;UNIVERSIDADE ANHANGUERA;Gestão Da Tecnologia Da Informação;São José;2024
671;1576158;4314050;cadastro_cursos;2;2022;2024;3;UNIVERSIDADE ANHANGUERA;Gestão Da Tecnologia Da Informação;Parobé;2024
671;1576158;5212501;cadastro_cursos;2;2021;2024;4;UNIVERSIDADE ANHANGUERA;Gestão Da Tecnologia Da Informação;Luziânia;2024
671;1596763;2101202;cadastro_cursos;2;2022;2024;3;UNIVERSIDADE ANHANGUERA;Sistemas De Informação;Bacabal;2024
673;109830;1100205;cadastro_cursos;2;2021;2024;4;CENTRO UNIVERSITÁRIO DA GRANDE DOURADOS;Análise E Desenvolvimento De Sistemas;Porto Velho;2024
673;109830;1702109;cadastro_cursos;2;2021;2024;4;CENTRO UNIVERSITÁRIO DA GRANDE DOURADOS;Análise E Desenvolvimento De Sistemas;Araguaína;2024
673;109830;2105302;cadastro_cursos;2;2020;2024;5;CENTRO UNIVERSITÁRIO DA GRANDE DOURADOS;Análise E Desenvolvimento De Sistemas;Imperatriz;2024
673;109830;3121605;cadastro_cursos;2;2020;2024;5;CENTRO UNIVERSITÁRIO DA GRANDE DOURADOS;Análise E Desenvolvimento De Sistemas;Diamantina;2024
673;109830;3170107;cadastro_cursos;2;2020;2024;5;CENTRO UNIVERSITÁRIO DA GRANDE DOURADOS;Análise E Desenvolvimento De Sistemas;Uberaba;2024
673;109830;3201209;cadastro_cursos;2;2020;2024;5;CENTRO UNIVERSITÁRIO DA GRANDE DOURADOS;Análise E Desenvolvimento De Sistemas;Cachoeiro de Itapemirim;2024
673;109830;3305000;cadastro_cursos;2;2022;2024;3;CENTRO UNIVERSITÁRIO DA GRANDE DOURADOS;Análise E Desenvolvimento De Sistemas;São João da Barra;2024
673;109830;3506003;cadastro_cursos;2;2021;2024;4;CENTRO UNIVERSITÁRIO DA GRANDE DOURADOS;Análise E Desenvolvimento De Sistemas;Bauru;2024
673;109830;3509502;cadastro_cursos;2;2020;2024;5;CENTRO UNIVERSITÁRIO DA GRANDE DOURADOS;Análise E Desenvolvimento De Sistemas;Campinas;2024
673;109830;3513405;cadastro_cursos;2;2020;2024;5;CENTRO UNIVERSITÁRIO DA GRANDE DOURADOS;Análise E Desenvolvimento De Sistemas;Cruzeiro;2024
673;109830;3555000;cadastro_cursos;2;2021;2023;3;CENTRO UNIVERSITÁRIO DA GRANDE DOURADOS;Análise E Desenvolvimento De Sistemas;Tupã;2023
673;109830;4204202;cadastro_cursos;2;2020;2024;5;CENTRO UNIVERSITÁRIO DA GRANDE DOURADOS;Análise E Desenvolvimento De Sistemas;Chapecó;2024
673;109830;4217204;cadastro_cursos;2;2021;2024;4;CENTRO UNIVERSITÁRIO DA GRANDE DOURADOS;Análise E Desenvolvimento De Sistemas;São Miguel do Oeste;2024
673;109830;4310108;cadastro_cursos;2;2022;2024;3;CENTRO UNIVERSITÁRIO DA GRANDE DOURADOS;Análise E Desenvolvimento De Sistemas;Igrejinha;2024
673;109830;4318424;cadastro_cursos;2;2020;2024;5;CENTRO UNIVERSITÁRIO DA GRANDE DOURADOS;Análise E Desenvolvimento De Sistemas;São João da Urtiga;2024
673;109830;5001243;cadastro_cursos;2;2020;2022;3;CENTRO UNIVERSITÁRIO DA GRANDE DOURADOS;Análise E Desenvolvimento De Sistemas;Aral Moreira;2022
673;109830;5002803;cadastro_cursos;2;2022;2024;3;CENTRO UNIVERSITÁRIO DA GRANDE DOURADOS;Análise E Desenvolvimento De Sistemas;Caracol;2024
673;109830;5003306;cadastro_cursos;2;2022;2024;3;CENTRO UNIVERSITÁRIO DA GRANDE DOURADOS;Análise E Desenvolvimento De Sistemas;Coxim;2024
673;109830;5005608;cadastro_cursos;2;2020;2024;5;CENTRO UNIVERSITÁRIO DA GRANDE DOURADOS;Análise E Desenvolvimento De Sistemas;Miranda;2024
673;109830;5007406;cadastro_cursos;2;2021;2024;4;CENTRO UNIVERSITÁRIO DA GRANDE DOURADOS;Análise E Desenvolvimento De Sistemas;Rio Verde de Mato Grosso;2024
673;109830;5105259;cadastro_cursos;2;2020;2022;3;CENTRO UNIVERSITÁRIO DA GRANDE DOURADOS;Análise E Desenvolvimento De Sistemas;Lucas do Rio Verde;2022
673;109830;5205471;cadastro_cursos;2;2021;2024;4;CENTRO UNIVERSITÁRIO DA GRANDE DOURADOS;Análise E Desenvolvimento De Sistemas;Chapadão do Céu;2024
673;109830;5208707;cadastro_cursos;2;2020;2022;3;CENTRO UNIVERSITÁRIO DA GRANDE DOURADOS;Análise E Desenvolvimento De Sistemas;Goiânia;2022
673;109830;5300108;cadastro_cursos;2;2020;2022;3;CENTRO UNIVERSITÁRIO DA GRANDE DOURADOS;Análise E Desenvolvimento De Sistemas;Brasília;2022
673;1411346;1504208;cadastro_cursos;2;2021;2024;4;CENTRO UNIVERSITÁRIO DA GRANDE DOURADOS;Engenharia De Software;Marabá;2024
673;1411346;1705607;cadastro_cursos;2;2020;2022;3;CENTRO UNIVERSITÁRIO DA GRANDE DOURADOS;Engenharia De Software;Conceição do Tocantins;2022
673;1411346;3156007;cadastro_cursos;2;2021;2023;3;CENTRO UNIVERSITÁRIO DA GRANDE DOURADOS;Engenharia De Software;Rio Vermelho;2023
673;1411346;4101507;cadastro_cursos;2;2021;2024;4;CENTRO UNIVERSITÁRIO DA GRANDE DOURADOS;Engenharia De Software;Arapongas;2024
673;1411346;4204202;cadastro_cursos;2;2020;2024;5;CENTRO UNIVERSITÁRIO DA GRANDE DOURADOS;Engenharia De Software;Chapecó;2024
673;1411346;4216503;cadastro_cursos;2;2020;2023;4;CENTRO UNIVERSITÁRIO DA GRANDE DOURADOS;Engenharia De Software;São Joaquim;2023
673;1411346;4217204;cadastro_cursos;2;2020;2024;5;CENTRO UNIVERSITÁRIO DA GRANDE DOURADOS;Engenharia De Software;São Miguel do Oeste;2024
673;1411346;4310579;cadastro_cursos;2;2022;2024;3;CENTRO UNIVERSITÁRIO DA GRANDE DOURADOS;Engenharia De Software;Itapuca;2024
673;1411346;4317608;cadastro_cursos;2;2021;2023;3;CENTRO UNIVERSITÁRIO DA GRANDE DOURADOS;Engenharia De Software;Santo Antônio da Patrulha;2023
673;1411346;5007703;cadastro_cursos;2;2021;2023;3;CENTRO UNIVERSITÁRIO DA GRANDE DOURADOS;Engenharia De Software;Sete Quedas;2023
712;1442970;3301009;cadastro_cursos;2;2021;2023;3;CENTRO UNIVERSITÁRIO IBMR;Análise E Desenvolvimento De Sistemas;Campos dos Goytacazes;2023
712;1484892;3305109;cadastro_cursos;2;2021;2023;3;CENTRO UNIVERSITÁRIO IBMR;Big Data E Inteligência Analítica;São João de Meriti;2023
712;1546445;3300704;cadastro_cursos;2;2021;2023;3;CENTRO UNIVERSITÁRIO IBMR;Redes De Computadores;Cabo Frio;2023
718;1295073;2311306;cadastro_cursos;2;2021;2023;3;UNIVERSIDADE POTIGUAR;Análise E Desenvolvimento De Sistemas;Quixadá;2023
718;1483734;2402600;cadastro_cursos;2;2022;2024;3;UNIVERSIDADE POTIGUAR;Redes De Computadores;Ceará-Mirim;2024
793;104922;3550308;cadastro_cursos;1;2020;2022;3;Centro Universitário Estácio de São Paulo;Gestão Da Tecnologia Da Informação;São Paulo;2022
793;1516426;3550308;cadastro_cursos;1;2021;2023;3;Centro Universitário Estácio de São Paulo;Redes De Computadores;São Paulo;2023
793;54137;3550308;antigo;1;2017;2019;3;Centro Universitário Estácio de São Paulo;ANÁLISE E DESENVOLVIMENTO DE SISTEMAS;;2019
793;62602;3550308;antigo;1;2017;2019;3;Centro Universitário Estácio de São Paulo;REDES DE COMPUTADORES;;2019
83;121252;4205407;antigo;1;2017;2019;3;UNIVERSIDADE DO VALE DO ITAJAÍ;JOGOS DIGITAIS;;2019
83;1504972;4202305;cadastro_cursos;2;2022;2024;3;UNIVERSIDADE DO VALE DO ITAJAÍ;Ciência De Dados;Biguaçu;2024
83;1504972;4218004;cadastro_cursos;2;2022;2024;3;UNIVERSIDADE DO VALE DO ITAJAÍ;Ciência De Dados;Tijucas;2024
926;1563003;2103802;cadastro_cursos;2;2022;2024;3;Centro Universitário Anhanguera Pitágoras Unopar de Campo Grande;Análise E Desenvolvimento De Sistemas;Dom Pedro;2024
926;1563003;3530508;cadastro_cursos;2;2022;2024;3;Centro Universitário Anhanguera Pitágoras Unopar de Campo Grande;Análise E Desenvolvimento De Sistemas;Mococa;2024
926;1563003;3538600;cadastro_cursos;2;2022;2024;3;Centro Universitário Anhanguera Pitágoras Unopar de Campo Grande;Análise E Desenvolvimento De Sistemas;Piracaia;2024
926;1563003;4213609;cadastro_cursos;2;2022;2024;3;Centro Universitário Anhanguera Pitágoras Unopar de Campo Grande;Análise E Desenvolvimento De Sistemas;Porto União;2024
926;1563003;5208400;cadastro_cursos;2;2022;2024;3;Centro Universitário Anhanguera Pitágoras Unopar de Campo Grande;Análise E Desenvolvimento De Sistemas;Goianápolis;2024
926;1563003;5214507;cadastro_cursos;2;2022;2024;3;Centro Universitário Anhanguera Pitágoras Unopar de Campo Grande;Análise E Desenvolvimento De Sistemas;Nerópolis;2024
926;1576251;3519709;cadastro_cursos;2;2022;2024;3;Centro Universitário Anhanguera Pitágoras Unopar de Campo Grande;Redes De Computadores;Ibiúna;2024
926;1576449;5003801;cadastro_cursos;2;2022;2024;3;Centro Universitário Anhanguera Pitágoras Unopar de Campo Grande;Engenharia De Software;Fátima do Sul;2024
926;1576463;3532405;cadastro_cursos;2;2022;2024;3;Centro Universitário Anhanguera Pitágoras Unopar de Campo Grande;Desenvolvimento Web;Nazaré Paulista;2024
926;1576470;3548807;cadastro_cursos;2;2022;2024;3;Centro Universitário Anhanguera Pitágoras Unopar de Campo Grande;Arquitetura De Dados;São Caetano do Sul;2024
926;1576591;5201108;cadastro_cursos;2;2022;2024;3;Centro Universitário Anhanguera Pitágoras Unopar de Campo Grande;Desenvolvimento Mobile;Anápolis;2024
926;1596913;2909109;cadastro_cursos;2;2022;2024;3;Centro Universitário Anhanguera Pitágoras Unopar de Campo Grande;Sistemas De Informação;Coribe;2024
952;1550311;3510500;cadastro_cursos;2;2022;2024;3;UNIVERSIDADE SANTA CECÍLIA;Análise E Desenvolvimento De Sistemas;Caraguatatuba;2024
953;1268566;3506003;cadastro_cursos;2;2022;2024;3;UNIVERSIDADE METROPOLITANA DE SANTOS;Gestão Da Tecnologia Da Informação;Bauru;2024
